/*!40101 SET @OLD_CHARACTER_SET_CLIENT=@@CHARACTER_SET_CLIENT */;
/*!40101 SET NAMES utf8 */;
/*!50503 SET NAMES utf8mb4 */;
/*!40103 SET @OLD_TIME_ZONE=@@TIME_ZONE */;
/*!40103 SET TIME_ZONE='+00:00' */;
/*!40014 SET @OLD_FOREIGN_KEY_CHECKS=@@FOREIGN_KEY_CHECKS, FOREIGN_KEY_CHECKS=0 */;
/*!40101 SET @OLD_SQL_MODE=@@SQL_MODE, SQL_MODE='NO_AUTO_VALUE_ON_ZERO' */;
/*!40111 SET @OLD_SQL_NOTES=@@SQL_NOTES, SQL_NOTES=0 */;

INSERT INTO `account_access_level` (`usn`, `Dashboard`, `Transaction`, `Services`, `Sales`, `Inventory`, `Pet_Info`, `Report`, `User`, `Action`, `Gen_Settings`) VALUES
	('123123', 0, 1, 1, 1, 1, 1, 1, 1, 0, 0),
	('admin', 1, 1, 1, 1, 1, 1, 1, 1, 1, 1),
	('aila', 1, 1, 0, 0, 0, 1, 0, 0, 0, 0),
	('assisstant', 1, 1, 1, 1, 1, 1, 1, 0, 0, 0),
	('CarloAlmero', 1, 1, 0, 0, 0, 1, 0, 0, 0, 0),
	('Chris', 1, 1, 0, 0, 1, 1, 1, 0, 0, 0),
	('Chris2', 1, 1, 1, 1, 1, 1, 1, 1, 1, 0),
	('Jrizal', 1, 1, 1, 1, 1, 1, 1, 0, 0, 0),
	('jayr', 1, 1, 1, 1, 1, 1, 1, 0, 0, 0);

INSERT INTO `acc_cred` (`usn`, `pss`, `slt`, `entry_OTP`) VALUES
	('123123', '94bc6207156f186a77106c5c456a80017eff6f8d949265ecf515a4cb3b851eba', '3HCIZ_k8Speg-Ik3Ia2DgA==', NULL),
	('admin', '0c149295209d5f543cf1ba14956c5c135a78b9b311ad551715899e02c27dc99d', 'rCRF4amTSEOYQjqvWYuI7A==', NULL),
	('aila', 'b94fd2a2585dada0d309427f886092192a58ce549056edd56df595623b01cef9', 'ND08SurlSBKB74ch5HD9iQ==', NULL),
	('assisstant', '5362ca593f063f2581f756e9827bdd02da670bad2b176108380d7bc971ee5148', 'ljEGlbKwSZe3ECK-0b2K8g==', NULL),
	('CarloAlmero', 'f6cb1052d960d76c7109922e66940fd9be1bff3fbe120e0e2df2cb2d092467c6', 'sjwlCsmPQvCvuAjYUOsSNg==', NULL),
	('Chris', 'f4de5587480de43270431146f49b462af3be91dade93e2550e236108b59804bf', 'VKxnK0f8T16nqO1xHdHMAg==', NULL),
	('Chris2', '8d01b6fcda79efa14555214d08d343e9e0496e7376800b2378bc8dc2d059e666', 'bzn1KLc2TwWxNQtgXooBBA==', NULL),
	('Jrizal', '4436a253401b8e74a80e7a9a04930e16ae6e37dbc8c36f49f871ead477044f53', '3wbtXJDmSTm98iubl13hLw==', NULL),
	('jayr', '56a1f73718b12d1a021f12eee52d2d1bbe1e6c067698c27e98c5fdd22fb0a0dd', 'WqMM26lyQDirax7evZgFuQ==', NULL);

INSERT INTO `acc_info` (`usn`, `full_name`, `job_position`, `state`) VALUES
	('123123', '123123', 'Assisstant', 0),
	('admin', 'Big Boss 1', 'Owner', 1),
	('aila', 'aila', 'Cashier', 1),
	('assisstant', 'Assisstant', 'Assisstant', 0),
	('CarloAlmero', 'CarloAlmero', 'Cashier', 0),
	('Chris', 'Chris McLaind', 'Assisstant', 1),
	('Chris2', 'Chris2', 'Owner', 0),
	('Jrizal', 'Jose Rizal', 'Receptionist', 1),
	('jayr', 'jayr', 'Assisstant', 0);

INSERT INTO `action_history` (`Column 5`, `usn`, `Type`, `ACTION`, `action_date`) VALUES
	(1, 'admin', 'Transaction Record', 'TRNM/admin/I1aa81', '2023-09-03 18:49:21'),
	(2, 'aila', 'invoice', 'INVM/aila/Pec804', '2023-08-23 15:11:35'),
	(3, 'admin', 'Disposal', 'DPSO/admin/09-03-2023 at 18:42 PM', '2023-09-03 19:09:27'),
	(4, 'admin', 'Disposal', 'DPSM/admin/I1aa81', '2023-09-03 19:12:43'),
	(5, 'admin', 'Disposal', 'DPSO/admin/I1aa81', '2023-09-03 19:21:55'),
	(6, 'admin', 'Transaction Record', 'TRNM/admin/I1aa81', '2023-09-03 19:22:55'),
	(7, 'admin', 'Transaction Record', 'TRNM/admin/I1aa81', '2023-09-03 19:23:24'),
	(8, 'admin', 'Disposal', 'DPSM/admin/I1aa81', '2023-09-03 19:26:11'),
	(9, 'admin', 'Disposal', 'DPSO/admin/I1aa81', '2023-09-03 19:26:16'),
	(10, 'admin', 'invoice', 'INVM/admin/09062304', '2023-09-06 07:25:06'),
	(11, 'admin', 'Transaction Record', 'TRNM/admin/066', '2023-09-06 07:56:35'),
	(12, 'admin', 'Transaction Record', 'TRNM/admin/067', '2023-09-06 08:07:21'),
	(13, 'admin', 'invoice', 'INVM/admin/09062305', '2023-09-06 11:21:56'),
	(14, 'admin', 'Transaction Record', 'TRNM/admin/068', '2023-09-06 11:22:19'),
	(15, 'admin', 'invoice', 'INVM/admin/09062306', '2023-09-06 11:24:49'),
	(16, 'admin', 'Transaction Record', 'TRNM/admin/069', '2023-09-06 13:36:17'),
	(17, 'admin', 'Transaction Record', 'TRNM/admin/071', '2023-09-06 13:43:24'),
	(18, 'admin', 'invoice', 'INVM/admin/23090800', '2023-09-08 06:50:26'),
	(19, 'admin', 'invoice', 'INVM/admin/23090800', '2023-09-08 07:23:20'),
	(20, 'admin', 'invoice', 'INVM/admin/23090802', '2023-09-08 07:27:05'),
	(21, 'admin', 'invoice', 'INVM/admin/23090805', '2023-09-08 08:05:09'),
	(22, 'admin', 'invoice', 'INVM/admin/23090808', '2023-09-08 08:09:12'),
	(23, 'admin', 'invoice', 'INVM/admin/23090810', '2023-09-08 08:11:33'),
	(24, 'admin', 'invoice', 'INVM/admin/23090812', '2023-09-08 08:12:46'),
	(25, 'admin', 'Transaction Record', 'TRNM/admin/072', '2023-09-08 08:15:49'),
	(26, 'admin', 'Transaction Record', 'TRNM/admin/073', '2023-09-08 08:16:03'),
	(27, 'admin', 'invoice', 'INVM/admin/23090814', '2023-09-08 08:41:36'),
	(28, 'aila', 'invoice', 'INVM/aila/23090815', '2023-09-08 11:31:10'),
	(29, 'aila', 'Transaction Record', 'TRNM/aila/074', '2023-09-08 11:32:21'),
	(30, 'aila', 'Transaction Record', 'TRNM/aila/075', '2023-09-08 11:33:30'),
	(31, 'CarloAlmero', 'invoice', 'INVM/CarloAlmero/23090816', '2023-09-08 11:59:20'),
	(32, 'admin', 'invoice', 'INVM/admin/23090817', '2023-09-08 12:05:10'),
	(33, 'admin', 'invoice', 'INVM/admin/23090818', '2023-09-08 12:30:23'),
	(34, 'admin', 'Transaction Record', 'TRNM/admin/076', '2023-09-08 12:33:59'),
	(35, 'admin', 'Item Encoding', 'ADD/admin/Iab3ca', '2023-09-08 12:43:29'),
	(36, 'admin', 'invoice', 'INVM/admin/23091300', '2023-09-13 00:12:01'),
	(37, 'admin', 'invoice', 'INVM/admin/23091300', '2023-09-13 00:17:18'),
	(38, 'admin', 'Transaction Record', 'TRNM/admin/077', '2023-09-13 00:17:28'),
	(39, 'admin', 'invoice', 'INVM/admin/23091301', '2023-09-13 00:22:20'),
	(40, 'admin', 'invoice', 'INVM/admin/23091303', '2023-09-13 00:25:01'),
	(41, 'admin', 'invoice', 'INVM/admin/23091305', '2023-09-13 00:41:10'),
	(42, 'admin', 'invoice', 'INVM/admin/23091307', '2023-09-13 00:42:51'),
	(43, 'admin', 'invoice', 'INVM/admin/23091309', '2023-09-13 00:43:55'),
	(44, 'admin', 'invoice', 'INVM/admin/23091311', '2023-09-13 00:44:20'),
	(45, 'admin', 'invoice', 'INVM/admin/23091312', '2023-09-13 00:48:24'),
	(46, 'admin', 'invoice', 'INVM/admin/23091314', '2023-09-13 00:53:20'),
	(47, 'admin', 'invoice', 'INVM/admin/23091315', '2023-09-13 00:55:38'),
	(48, 'admin', 'invoice', 'INVM/admin/23091317', '2023-09-13 00:56:39');

INSERT INTO `categories` (`categ_name`, `does_expire`) VALUES
	('Accessories', 0),
	('Food', 1),
	('Medicine', 1);

INSERT INTO `disposal_history` (`id`, `recieving_id`, `item_uid`, `item_name`, `reason`, `Initial_quantity`, `Current_quantity`, `date_of_disposal`, `full_dispose_date`, `disposed_by`) VALUES
	(4, 'Ra9de5', 'I00002', 'Taglory Rope Dog Leash', 'Damage', 50, 50, '2023-08-30 21:53:12', '2023-08-30 23:10:34', 'admin'),
	(6, 'R86f29', 'I00001', 'MayPaw Heavy Duty Rope Dog Leash', 'Damage', 15, 15, '2023-08-30 21:56:53', '2023-08-30 23:11:08', 'admin'),
	(7, 'R86f29', 'I00001', 'MayPaw Heavy Duty Rope Dog Leash', 'Damage', 15, 15, '2023-08-30 22:03:02', '2023-09-02 23:38:52', 'admin'),
	(8, 'R86f29', 'I00001', 'MayPaw Heavy Duty Rope Dog Leash', 'Damage', 15, 15, '2023-08-30 22:12:03', '2023-08-30 23:11:24', 'admin'),
	(9, 'R86f29', 'I00001', 'MayPaw Heavy Duty Rope Dog Leash', 'Damage', 15, 15, '2023-08-30 22:13:15', '2023-08-30 23:11:14', 'admin'),
	(10, 'R31a74', 'I00003', 'Fresh Step Clumping Cat Litter', 'Damage', 5, 5, '2023-08-30 23:05:46', '2023-09-02 23:38:55', 'admin'),
	(11, 'R2ae83', 'I00001', 'MayPaw Heavy Duty Rope Dog Leash', 'Damage', 5, 5, '2023-08-30 23:07:23', '2023-08-30 23:11:12', 'admin'),
	(12, 'Ra9de5', 'I00002', 'Taglory Rope Dog Leash', 'Damage', 50, 50, '2023-08-30 23:20:57', '2023-09-02 23:38:59', 'admin'),
	(13, 'Ra9de5', 'I00002', 'Taglory Rope Dog Leash', 'Damage', 50, 50, '2023-08-30 23:21:06', '2023-09-02 23:39:01', 'admin'),
	(14, 'R662b8', 'I1aa81', 'Comedy', 'Damage', 10, 10, '2023-09-03 18:40:21', '2023-09-03 18:59:38', 'admin'),
	(15, 'Re139f', 'I1aa81', 'Comedy', 'Damage', 10, 10, '2023-09-03 18:42:43', '2023-09-03 19:21:55', 'admin'),
	(16, 'R06d44', 'I1aa81', 'Comedy', 'Damage', 15, 15, '2023-09-03 19:12:43', NULL, NULL),
	(17, 'R109f4', 'I1aa81', 'Comedy', 'Damage', 10, 10, '2023-09-03 19:26:11', '2023-09-03 19:26:16', 'admin'),
	(18, 'Rbe3e1', 'I1aa81', 'Comedy', 'Expired', 10, 10, '2023-09-06 08:09:57', NULL, 'admin'),
	(19, 'Rf3e2c', 'I1aa81', 'Comedy', 'Defective', 10, 10, '2023-09-08 08:16:58', NULL, 'admin');

INSERT INTO `invoice_item_content` (`invoice_uid`, `Item_uid`, `item_name`, `quantity`, `price`, `deduction`) VALUES
	('Pc9c14', 'I00002', 'Taglory Rope Dog Leash', 1, 440, 0),
	('P2e8cf', 'I00002', 'Taglory Rope Dog Leash', 1, 440, 0),
	('P956ee', 'I00002', 'Taglory Rope Dog Leash', 1, 440, 0),
	('P22b46', 'I00002', 'Taglory Rope Dog Leash', 5, 440, 0),
	('P6953f', 'I00002', 'Taglory Rope Dog Leash', 2, 440, 0),
	('P660f0', 'I00002', 'Taglory Rope Dog Leash', 2, 440, 0),
	('P69823', 'I00002', 'Taglory Rope Dog Leash', 1, 440, 0),
	('P9754c', 'I00002', 'Taglory Rope Dog Leash', 3, 440, 0),
	('P4e070', 'I00002', 'Taglory Rope Dog Leash', 1, 440, 0),
	('P5d98a', 'I00002', 'Taglory Rope Dog Leash', 3, 440, 0),
	('P2792b', 'I00002', 'Taglory Rope Dog Leash', 1, 440, 0),
	('Pe327c', 'I00002', 'Taglory Rope Dog Leash', 1, 440, 0),
	('P15921', 'I00002', 'Taglory Rope Dog Leash', 4, 440, 0),
	('Pf6e9c', 'I00004', 'Fresh Step LeightWeight Clumping Cat ', 1, 796.95, 0),
	('Pec804', 'I00002', 'Taglory Rope Dog Leash', 1, 440, 0),
	('Pd260b', 'I00003', 'Fresh Step Clumping Cat Litter', 4, 577.5, 0),
	('P0ebe4', 'I00005', 'Nutri-Vet Bladder Control Supplement for Dogs', 2, 1140.15, 0),
	('P2cc66', 'I00003', 'Fresh Step Clumping Cat Litter', 1, 577.5, 0),
	('P2cc66', 'I00004', 'Fresh Step LeightWeight Clumping Cat Litter', 2, 796.95, 0),
	('08282302', 'I00005', 'Nutri-Vet Bladder Control Supplement for Dogs', 1, 1140.15, 0),
	('08282303', 'I00003', 'Fresh Step Clumping Cat Litter', 1, 577.5, 0),
	('08292300', 'I00003', 'Fresh Step Clumping Cat Litter', 1, 577.5, 0),
	('08292301', 'I00003', 'Fresh Step Clumping Cat Litter', 1, 577.5, 0),
	('08302314', 'I00003', 'Fresh Step Clumping Cat Litter', 1, 577.5, 0),
	('08302315', 'I00003', 'Fresh Step Clumping Cat Litter', 1, 577.5, 0),
	('08302316', 'I00003', 'Fresh Step Clumping Cat Litter', 4, 577.5, 0),
	('08302317', 'I00001', 'MayPaw Heavy Duty Rope Dog Leash', 1, 522.5, 0),
	('08302318', 'I00001', 'MayPaw Heavy Duty Rope Dog Leash', 3, 522.5, 0),
	('08302319', 'I00001', 'MayPaw Heavy Duty Rope Dog Leash', 1, 522.5, 0),
	('08302320', 'I00003', 'Fresh Step Clumping Cat Litter', 1, 577.5, 0),
	('08312300', 'I00001', 'MayPaw Heavy Duty Rope Dog Leash', 3, 522.5, 0),
	('08312301', 'I00001', 'MayPaw Heavy Duty Rope Dog Leash', 2, 522.5, 0),
	('08312302', 'I00002', 'Taglory Rope Dog Leash', 2, 440, 0),
	('08312303', 'I00003', 'Fresh Step Clumping Cat Litter', 2, 577.5, 0),
	('08312304', 'I00001', 'MayPaw Heavy Duty Rope Dog Leash', 1, 522.5, 0),
	('08312305', 'I00001', 'MayPaw Heavy Duty Rope Dog Leash', 1, 522.5, 0),
	('08312306', 'I00001', 'MayPaw Heavy Duty Rope Dog Leash', 3, 522.5, 0),
	('08312307', 'I00001', 'MayPaw Heavy Duty Rope Dog Leash', 1, 522.5, 0),
	('08312308', 'I00004', 'Fresh Step LeightWeight Clumping Cat Litter', 3, 796.95, 0),
	('08312309', 'I00001', 'MayPaw Heavy Duty Rope Dog Leash', 1, 522.5, 0),
	('08312310', 'I00001', 'MayPaw Heavy Duty Rope Dog Leash', 3, 522.5, 0),
	('08312311', 'I00001', 'MayPaw Heavy Duty Rope Dog Leash', 3, 522.5, 0),
	('09022304', 'I00001', 'MayPaw Heavy Duty Rope Dog Leash', 1, 522.5, 0),
	('09022305', 'I00001', 'MayPaw Heavy Duty Rope Dog Leash', 1, 522.5, 0),
	('09022306', 'I00001', 'MayPaw Heavy Duty Rope Dog Leash', 1, 522.5, 0),
	('09022307', 'I00002', 'Taglory Rope Dog Leash', 1, 440, 0),
	('09022307', 'I00002', 'Taglory Rope Dog Leash', 1, 440, 0),
	('09022309', 'I00001', 'MayPaw Heavy Duty Rope Dog Leash', 1, 522.5, 0),
	('09022310', 'I00001', 'MayPaw Heavy Duty Rope Dog Leash', 1, 522.5, 0),
	('09022311', 'I00001', 'MayPaw Heavy Duty Rope Dog Leash', 1, 522.5, 0),
	('09022312', 'I00001', 'MayPaw Heavy Duty Rope Dog Leash', 1, 522.5, 0),
	('09022313', 'I00001', 'MayPaw Heavy Duty Rope Dog Leash', 3, 522.5, 0),
	('09022314', 'I00001', 'MayPaw Heavy Duty Rope Dog Leash', 3, 522.5, 0),
	('09062306', 'I00002', 'Taglory Rope Dog Leash', 6, 440, 0),
	('23090816', 'I1aa81', 'Paracetamol', 1, 242.42, 0),
	('23091300', 'I00001', 'MayPaw Heavy Duty Rope Dog Leash', 2, 570, 0);

INSERT INTO `invoice_record` (`invoice_uid`, `Attendant_usn`, `client_name`, `Total_amount`, `transaction_date`, `State`, `Date_transacted`) VALUES
	('08282302', 'aila', 'N/A', 1140.15, '2023-08-28', -1, NULL),
	('08282303', 'aila', 'N/A', 577.5, '2023-08-28', 2, '2023-08-29'),
	('08292300', 'aila', 'N/A', 577.5, '2023-08-29', -1, NULL),
	('08292301', 'aila', 'N/A', 577.5, '2023-08-29', 2, '2023-08-30'),
	('08292302', 'aila', 'Bud Tan', 500, '2023-08-29', 2, '2023-08-29'),
	('08292303', 'aila', 'Bud Tan', 900, '2023-08-29', -1, NULL),
	('08292304', 'aila', 'Bud Tan', 500, '2023-08-29', 2, '2023-08-29'),
	('08292305', 'aila', 'Bud Tan', 500, '2023-08-29', 2, '2023-08-29'),
	('08292306', 'aila', 'Bud Tan', 1500, '2023-08-29', 2, '2023-08-29'),
	('08292307', 'aila', 'Bud Tan', 500, '2023-08-29', -1, NULL),
	('08292308', 'aila', 'James V.', 500, '2023-08-29', 2, '2023-08-29'),
	('08292309', 'aila', 'Bud Tan', 500, '2023-08-29', -1, NULL),
	('08292310', 'aila', 'Jose R.', 1700, '2023-08-29', 2, '2023-08-29'),
	('08302300', 'aila', 'James V.', 500, '2023-08-30', 2, '2023-08-30'),
	('08302301', 'aila', 'James V.', 1500, '2023-08-30', -1, NULL),
	('08302302', 'aila', 'James V.', 3000, '2023-08-30', 2, '2023-08-30'),
	('08302303', 'aila', 'Bud Tan', 2100, '2023-08-30', 2, '2023-08-30'),
	('08302304', 'aila', 'James V.', 900, '2023-08-30', -1, NULL),
	('08302305', 'aila', 'Bud Tan', 500, '2023-08-30', 2, '2023-08-30'),
	('08302306', 'aila', 'Bud Tan', 500, '2023-08-30', 2, '2023-08-30'),
	('08302307', 'aila', 'Bud Tan', 500, '2023-08-30', 2, '2023-08-30'),
	('08302308', 'aila', 'James V.', 500, '2023-08-30', -1, NULL),
	('08302309', 'aila', 'James V.', 1000, '2023-08-30', -1, NULL),
	('08302310', 'aila', 'James V.', 1000, '2023-08-30', -1, NULL),
	('08302311', 'aila', 'James V.', 1500, '2023-08-30', -1, NULL),
	('08302312', 'aila', 'James V.', 1000, '2023-08-30', -1, NULL),
	('08302313', 'aila', 'James V.', 500, '2023-08-30', 2, '2023-08-30'),
	('08302314', 'aila', 'N/A', 577.5, '2023-08-30', 2, '2023-08-30'),
	('08302315', 'aila', 'N/A', 577.5, '2023-08-30', 2, '2023-08-30'),
	('08302316', 'admin', 'Christopher L.', 2310, '2023-08-30', 2, '2023-08-30'),
	('08302317', 'admin', 'N/A', 522.5, '2023-08-30', 2, '2023-08-30'),
	('08302318', 'admin', 'James V.', 1567.5, '2023-08-30', 2, '2023-08-30'),
	('08302319', 'admin', 'N/A', 522.5, '2023-08-30', 2, '2023-08-30'),
	('08302320', 'admin', 'N/A', 577.5, '2023-08-30', 2, '2023-08-30'),
	('08312300', 'admin', 'Bud Tan', 1567.5, '2023-08-31', 2, '2023-08-31'),
	('08312301', 'admin', 'N/A', 1045, '2023-08-31', 2, '2023-08-31'),
	('08312302', 'admin', 'N/A', 880, '2023-08-31', 2, '2023-08-31'),
	('08312303', 'admin', 'N/A', 1155, '2023-08-31', 2, '2023-08-31'),
	('08312304', 'admin', 'N/A', 522.5, '2023-08-31', 2, '2023-08-31'),
	('08312305', 'admin', 'N/A', 522.5, '2023-08-31', 2, '2023-08-31'),
	('08312306', 'admin', 'N/A', 1567.5, '2023-08-31', 2, '2023-08-31'),
	('08312307', 'admin', 'N/A', 522.5, '2023-08-31', 2, '2023-09-02'),
	('08312308', 'admin', 'N/A', 2390.85, '2023-08-31', 2, '2023-08-31'),
	('08312309', 'admin', 'N/A', 522.5, '2023-08-31', 2, '2023-08-31'),
	('08312310', 'admin', 'N/A', 1567.5, '2023-08-31', 2, '2023-08-31'),
	('08312311', 'admin', 'N/A', 1567.5, '2023-08-31', 2, '2023-08-31'),
	('09022300', 'admin', 'Bud Tan', 2000, '2023-09-02', 2, '2023-09-02'),
	('09022301', 'admin', 'Bud Tan', 500, '2023-09-02', -1, NULL),
	('09022302', 'admin', 'James V.', 1000, '2023-09-02', -1, NULL),
	('09022303', 'admin', 'Bud Tan', 500, '2023-09-02', -1, NULL),
	('09022304', 'admin', 'N/A', 522.5, '2023-09-02', 2, '2023-09-02'),
	('09022305', 'admin', 'N/A', 522.5, '2023-09-02', 2, '2023-09-02'),
	('09022306', 'admin', 'N/A', 522.5, '2023-09-02', 2, '2023-09-02'),
	('09022307', 'admin', 'N/A', 440, '2023-09-02', -1, NULL),
	('09022308', 'admin', 'N/A', 522.5, '2023-09-02', -1, NULL),
	('09022309', 'admin', 'N/A', 522.5, '2023-09-02', 2, '2023-09-06'),
	('09022310', 'admin', 'N/A', 522.5, '2023-09-02', 2, '2023-09-06'),
	('09022311', 'admin', 'N/A', 522.5, '2023-09-02', -1, NULL),
	('09022312', 'admin', 'N/A', 522.5, '2023-09-02', 2, '2023-09-08'),
	('09022313', 'admin', 'N/A', 1567.5, '2023-09-02', 2, '2023-09-02'),
	('09022314', 'admin', 'N/A', 1567.5, '2023-09-02', 2, '2023-09-02'),
	('09032300', 'admin', 'Bud Tan', 2200, '2023-09-03', 2, '2023-09-08'),
	('09032301', 'admin', 'James V.', 1000, '2023-09-03', 2, '2023-09-06'),
	('09042300', 'admin', 'Bud Tan', 9100, '2023-09-04', -1, NULL),
	('09052300', 'admin', 'Christopher L.', 4400, '2023-09-05', 1, NULL),
	('09052301', 'admin', 'James V.', 7600, '2023-09-05', -1, NULL),
	('09062300', 'admin', 'James V.', 7500, '2023-09-06', -1, NULL),
	('09062301', 'admin', 'James V.', 7500, '2023-09-06', -1, NULL),
	('09062302', 'admin', 'James V.', 1000, '2023-09-06', 2, '2023-09-06'),
	('09062303', 'admin', 'James V.', 9600, '2023-09-06', 2, '2023-09-06'),
	('09062304', 'admin', 'James V.', 9600, '2023-09-06', 2, '2023-09-06'),
	('09062305', 'admin', 'James V.', 1600, '2023-09-06', 2, '2023-09-06'),
	('09062306', 'admin', 'N/A', 2640, '2023-09-06', 2, '2023-09-08'),
	('23090800', 'admin', 'James V.', 11600, '2023-09-08', -1, NULL),
	('23090801', 'admin', 'James V.', 1000, '2023-09-08', 1, NULL),
	('23090802', 'admin', 'James V.', 1000, '2023-09-08', -1, NULL),
	('23090803', 'admin', 'James V.', 1000, '2023-09-08', -1, NULL),
	('23090804', 'admin', 'James V.', 1000, '2023-09-08', -1, NULL),
	('23090805', 'admin', 'James V.', 1000, '2023-09-08', -1, NULL),
	('23090806', 'admin', 'James V.', 500, '2023-09-08', -1, NULL),
	('23090807', 'admin', 'James V.', 500, '2023-09-08', -1, NULL),
	('23090808', 'admin', 'James V.', 500, '2023-09-08', 0, NULL),
	('23090809', 'admin', 'James V.', 500, '2023-09-08', 0, NULL),
	('23090810', 'admin', 'James V.', 500, '2023-09-08', 0, NULL),
	('23090811', 'admin', 'James V.', 500, '2023-09-08', 2, '2023-09-08'),
	('23090812', 'admin', 'James V.', 500, '2023-09-08', 0, NULL),
	('23090813', 'admin', 'James V.', 500, '2023-09-08', 0, NULL),
	('23090814', 'admin', 'James V.', 1100, '2023-09-08', 0, NULL),
	('23090815', 'aila', 'James V.', 2250, '2023-09-08', 0, NULL),
	('23090816', 'CarloAlmero', 'Davin F.', 4792.42, '2023-09-08', 0, NULL),
	('23090817', 'admin', 'Davin F.', 10550, '2023-09-08', 0, NULL),
	('23090818', 'admin', 'James V.', 30000, '2023-09-08', 2, '2023-09-08'),
	('23091300', 'admin', 'N/A', 1140, '2023-09-13', 2, '2023-09-13'),
	('23091301', 'admin', 'Patrick Feniza', 2400, '2023-09-13', 0, NULL),
	('23091302', 'admin', 'Patrick Feniza', 2400, '2023-09-13', 0, NULL),
	('23091303', 'admin', 'Davin Ferrancullo', 7200, '2023-09-13', 0, NULL),
	('23091304', 'admin', 'Davin Ferrancullo', 3600, '2023-09-13', -1, NULL),
	('23091305', 'admin', 'Patrick Feniza', 200, '2023-09-13', -1, NULL),
	('23091306', 'admin', 'Patrick Feniza', 200, '2023-09-13', -1, NULL),
	('23091307', 'admin', 'Patrick Feniza', 200, '2023-09-13', -1, NULL),
	('23091308', 'admin', 'Patrick Feniza', 200, '2023-09-13', -1, NULL),
	('23091309', 'admin', 'Patrick Feniza', 200, '2023-09-13', -1, NULL),
	('23091310', 'admin', 'Patrick Feniza', 200, '2023-09-13', -1, NULL),
	('23091311', 'admin', 'Patrick Feniza', 200, '2023-09-13', -1, NULL),
	('23091312', 'admin', 'Patrick Feniza', 200, '2023-09-13', 0, NULL),
	('23091313', 'admin', 'Patrick Feniza', 200, '2023-09-13', 0, NULL),
	('23091314', 'admin', 'Patrick Feniza', 600, '2023-09-13', 0, NULL),
	('23091315', 'admin', 'Patrick Feniza', 1600, '2023-09-13', 0, NULL),
	('23091316', 'admin', 'Patrick Feniza', 400, '2023-09-13', 0, NULL),
	('23091317', 'admin', 'Patrick Feniza', 400, '2023-09-13', 1, NULL),
	('23091318', 'admin', 'Patrick Feniza', 800, '2023-09-13', 0, NULL),
	('P0b8cb', 'aila', 'James V.', 2100, '2023-08-26', -1, NULL),
	('P0e4d2', 'aila', 'James V.', 500, '2023-08-20', 2, '2023-08-22'),
	('P0ebe4', 'aila', 'James V.', 2280.3, '2023-08-26', 2, '2023-08-26'),
	('P14b84', 'aila', 'Jose R.', 0, '2023-08-26', 2, '2023-08-30'),
	('P15921', 'aila', 'N/A', 1760, '2023-08-23', 2, '2023-08-23'),
	('P1d58d', 'aila', 'James V.', 500, '2023-08-19', 2, '2023-08-20'),
	('P22b46', 'aila', 'N/A', 2200, '2023-08-20', 2, '2023-08-22'),
	('P2792b', 'aila', 'N/A', 440, '2023-08-22', 2, '2023-08-22'),
	('P2cc66', 'aila', 'N/A', 2171.4, '2023-08-28', 2, '2023-08-28'),
	('P2e8cf', 'aila', 'N/A', 440, '2023-08-19', 2, '2023-08-22'),
	('P31f82', 'aila', 'N/A', 0, '2023-08-28', -1, NULL),
	('P3d236', 'aila', 'Davin F.', 500, '2023-08-19', 2, '2023-08-22'),
	('P4e070', 'aila', 'N/A', 440, '2023-08-22', 2, '2023-08-22'),
	('P5a62c', 'aila', 'Davin F.', 500, '2023-08-28', 2, '2023-08-29'),
	('P5d98a', 'aila', 'N/A', 1320, '2023-08-22', 2, '2023-08-22'),
	('P660f0', 'aila', 'N/A', 880, '2023-08-20', 2, '2023-08-20'),
	('P6848e', 'aila', 'James V.', 2100, '2023-08-26', -1, NULL),
	('P6953f', 'aila', 'James V.', 1380, '2023-08-20', 2, '2023-08-20'),
	('P69823', 'aila', 'N/A', 440, '2023-08-22', 2, '2023-08-22'),
	('P956ee', 'aila', 'N/A', 440, '2023-08-19', 2, '2023-08-22'),
	('P9754c', 'aila', 'N/A', 1320, '2023-08-22', 2, '2023-08-22'),
	('Pc0aa9', 'aila', 'James V.', 1500, '2023-08-20', 2, '2023-08-20'),
	('Pc7cae', 'aila', 'Jose R.', 0, '2023-08-26', 2, '2023-08-28'),
	('Pc9c14', 'aila', 'N/A', 440, '2023-08-19', 2, '2023-08-22'),
	('Pd260b', 'aila', 'N/A', 2310, '2023-08-23', 2, '2023-08-28'),
	('Pe327c', 'aila', 'Jose R.', 440, '2023-08-23', 2, '2023-08-23'),
	('Pec804', 'aila', 'Christopher L.', 440, '2023-08-23', -1, NULL),
	('Pf6e9c', 'aila', 'N/A', 796.95, '2023-08-23', 2, '2023-08-23');

INSERT INTO `invoice_service_content` (`invoice_uid`, `service_uid`, `service_name`, `pet_uid`, `patient_name`, `scheduled_date`, `price`, `deduction`, `end_schedule`, `multiple_sched_quan`, `instance_of_mul_sched`) VALUES
	('P1d58d', 'S00001', 'Grooming', 'P1ec18', 'Brutus', '2023-08-19', 500, 0, NULL, NULL, NULL),
	('P3d236', 'S00001', 'Grooming', 'P536ec', 'Clarence', '2023-08-19', 500, 0, NULL, NULL, NULL),
	('P6953f', 'S00001', 'Grooming', 'P1ec18', 'Brutus', '2023-08-20', 500, 0, NULL, NULL, NULL),
	('P0e4d2', 'S00001', 'Grooming', 'P1ec18', 'Brutus', '2023-08-20', 500, 0, NULL, NULL, NULL),
	('Pc0aa9', 'S00002', '5-in-1 Vaccine', 'P1ec18', 'Brutus', '2023-08-20', 1500, 0, NULL, NULL, NULL),
	('P5a62c', 'S00001', 'Grooming', '143436', 'Gabi', '2023-08-28', 500, 0, NULL, NULL, NULL),
	('08292302', 'S00001', 'Grooming', '012633', 'Daf', '2023-08-29', 500, 0, NULL, NULL, NULL),
	('08292304', 'S00001', 'Grooming', '012633', 'Daf', '2023-08-29', 500, 0, NULL, NULL, NULL),
	('08292305', 'S00001', 'Grooming', '012633', 'Daf', '2023-08-29', 500, 0, NULL, NULL, NULL),
	('08292306', 'S00002', '5-in-1 Vaccine', '012633', 'Daf', '2023-08-29', 1500, 0, NULL, NULL, NULL),
	('08292308', 'S00001', 'Grooming', '015659', 'test001', '2023-08-29', 500, 0, NULL, NULL, NULL),
	('08292309', 'S00001', 'Grooming', '012633', 'Daf', '2023-08-31', 500, 0, NULL, NULL, NULL),
	('08292310', 'S00005', 'Canine Castration Surgery', 'P482dc', 'Whitey', '2023-08-30', 1700, 0, NULL, NULL, NULL),
	('08302300', 'S00001', 'Grooming', '015659', 'test001', '2023-08-31', 500, 0, NULL, NULL, NULL),
	('08302302', 'S00002', '5-in-1 Vaccine', 'P1ec18', 'Brutus', '2023-09-09', 1500, 0, NULL, NULL, NULL),
	('08302303', 'S00004', 'Yeast Infection Treatment', '012633', 'Daf', '2023-08-31', 2100, 0, NULL, NULL, NULL),
	('08302306', 'S00001', 'Grooming', '012633', 'Daf', '2023-08-31', 500, 0, NULL, NULL, NULL),
	('08302307', 'S00001', 'Grooming', '012633', 'Daf', '2023-08-30', 500, 0, NULL, NULL, NULL),
	('08302308', 'S00001', 'Grooming', '015659', 'test001', '2023-08-30', 500, 0, NULL, NULL, NULL),
	('08302308', 'S00001', 'Grooming', 'P1ec18', 'Brutus', '2023-08-31', 500, 0, NULL, NULL, NULL),
	('08302309', 'S00001', 'Grooming', '015659', 'test001', '2023-08-31', 500, 0, NULL, NULL, NULL),
	('08302309', 'S00001', 'Grooming', 'P1ec18', 'Brutus', '2023-08-31', 500, 0, NULL, NULL, NULL),
	('08302310', 'S00001', 'Grooming', '015659', 'test001', '2023-08-31', 500, 0, NULL, NULL, NULL),
	('08302310', 'S00001', 'Grooming', 'P1ec18', 'Brutus', '2023-09-28', 500, 0, NULL, NULL, NULL),
	('08302311', 'S00002', '5-in-1 Vaccine', '015659', 'test001', '2023-09-28', 1500, 0, NULL, NULL, NULL),
	('08302311', 'S00002', '5-in-1 Vaccine', 'P1ec18', 'Brutus', '2023-08-31', 1500, 0, NULL, NULL, NULL),
	('08302312', 'S00001', 'Grooming', '015659', 'test001', '2023-08-30', 500, 0, NULL, NULL, NULL),
	('08302312', 'S00001', 'Grooming', 'P1ec18', 'Brutus', '2023-09-28', 500, 0, NULL, NULL, NULL),
	('08302313', 'S00001', 'Grooming', '015659', 'test001', '2023-08-31', 500, 0, NULL, NULL, NULL),
	('09022300', 'S00001', 'Grooming', '012633', 'Daf', '2023-11-24', 500, 0, NULL, NULL, NULL),
	('09022300', 'S00002', '5-in-1 Vaccine', '012633', 'Daf', '2023-09-14', 1500, 0, NULL, NULL, NULL),
	('09022301', 'S00001', 'Grooming', '012633', 'Daf', '2023-09-29', 500, 0, NULL, NULL, NULL),
	('09022302', 'S00001', 'Grooming', '015659', 'test001', '2023-09-29', 500, 0, NULL, NULL, NULL),
	('09022302', 'S00001', 'Grooming', 'P1ec18', 'Brutus', '2023-09-07', 500, 0, NULL, NULL, NULL),
	('09022303', 'S00001', 'Grooming', '012633', 'Daf', '2023-09-15', 500, 0, NULL, NULL, NULL),
	('09032300', 'S00001', 'Grooming', '012633', 'Daf', '2023-09-28', 500, 0, NULL, NULL, NULL),
	('09032300', 'S00006', 'Confinement', '012633', 'Daf', '2023-09-13', 200, 0, NULL, NULL, NULL),
	('09032300', 'S00002', '5-in-1 Vaccine', '012633', 'Daf', '2023-10-19', 1500, 0, NULL, NULL, NULL),
	('09032301', 'S00001', 'Grooming', '015659', 'test001', '2023-09-13', 500, 0, NULL, NULL, NULL),
	('09032301', 'S00001', 'Grooming', 'P1ec18', 'Brutus', '2023-09-20', 500, 0, NULL, NULL, NULL),
	('09042300', 'S00006', 'Confinement', '012633', 'Daf', '2023-09-04', 200, 0, NULL, NULL, NULL),
	('09042300', 'S00002', '5-in-1 Vaccine', '012633', 'Daf', '2023-10-04', 1500, 0, NULL, NULL, NULL),
	('09052300', 'S00006', 'Confinement', 'Pb6c0b', 'TJ', '2023-09-05', 200, 0, NULL, NULL, NULL),
	('09052301', 'S00006', 'Confinement', '015659', 'test001', '2023-09-05', 200, 0, NULL, NULL, NULL),
	('09052301', 'S00002', '5-in-1 Vaccine', '015659', 'test001', '2023-09-05', 1500, 0, NULL, NULL, NULL),
	('09062300', 'S00002', '5-in-1 Vaccine', '015659', 'test001', '2023-09-06', 1500, 0, NULL, NULL, NULL),
	('09062301', 'S00002', '5-in-1 Vaccine', '015659', 'test001', '2023-09-06', 1500, 0, NULL, NULL, NULL),
	('09062302', 'S00001', 'Grooming', '015659', 'test001', '2023-09-06', 500, 0, NULL, NULL, NULL),
	('09062302', 'S00001', 'Grooming', 'P1ec18', 'Brutus', '2023-09-07', 500, 0, NULL, NULL, NULL),
	('09062303', 'S00001', 'Grooming', '015659', 'test001', '2023-09-06', 500, 0, NULL, NULL, NULL),
	('09062303', 'S00002', '5-in-1 Vaccine', '015659', 'test001', '2023-09-06', 7500, 0, NULL, 7, 5),
	('09062303', 'S00006', 'Confinement', '015659', 'test001', '2023-09-06', 1600, 0, '2023-09-13', NULL, NULL),
	('09062304', 'S00001', 'Grooming', '015659', 'test001', '2023-09-06', 500, 0, NULL, NULL, NULL),
	('09062304', 'S00002', '5-in-1 Vaccine', '015659', 'test001', '2023-09-06', 7500, 0, NULL, 7, 5),
	('09062304', 'S00006', 'Confinement', '015659', 'test001', '2023-09-06', 1600, 0, '2023-09-13', NULL, NULL),
	('09062305', 'S00006', 'Confinement', '015659', 'test001', '2023-09-06', 1600, 0, '2023-09-13', NULL, NULL),
	('23090801', 'S00001', 'Grooming', 'P1ec18', 'Brutus', '2023-09-15', 1000, 0, NULL, NULL, NULL),
	('23090803', 'S00001', 'Grooming', 'P1ec18', 'Brutus', '2023-09-09', 1000, 0, NULL, NULL, NULL),
	('23090809', 'S00001', 'Grooming', 'P1ec18', 'Brutus', '2023-09-15', 500, 0, NULL, NULL, NULL),
	('23090810', 'S00001', 'Grooming', '015659', 'test001', '2023-09-08', 500, 0, NULL, NULL, NULL),
	('23090811', 'S00001', 'Grooming', 'P1ec18', 'Brutus', '2023-09-15', 500, 0, NULL, NULL, NULL),
	('23090812', 'S00001', 'Grooming', '015659', 'test001', '2023-09-08', 500, 0, NULL, NULL, NULL),
	('23090813', 'S00001', 'Grooming', 'P1ec18', 'Brutus', '2023-10-06', 500, 0, NULL, NULL, NULL),
	('23090814', 'S00001', 'Grooming', '015659', 'test001', '2023-09-08', 550, 0, NULL, NULL, NULL),
	('23090814', 'S00001', 'Grooming', 'P1ec18', 'Brutus', '2023-09-08', 550, 0, NULL, NULL, NULL),
	('23090815', 'S00001', 'Grooming', '015659', 'test001', '2023-09-08', 550, 0, NULL, NULL, NULL),
	('23090815', 'S00002', '5-in-1 Vaccine', '015659', 'test001', '2023-09-08', 1500, 0, NULL, 7, 5),
	('23090815', 'S00006', 'Confinement', 'P1ec18', 'Brutus', '2023-09-08', 200, 0, '2023-09-29', NULL, NULL),
	('23090816', 'S00001', 'Grooming', 'P536ec', 'Clarence', '2023-09-08', 550, 0, NULL, NULL, NULL),
	('23090816', 'S00002', '5-in-1 Vaccine', 'P536ec', 'Clarence', '2023-09-08', 1500, 0, NULL, 7, 4),
	('23090816', 'S00003', 'Papiloma Vaccine', 'P536ec', 'Clarence', '2023-09-08', 2500, 0, NULL, NULL, NULL),
	('23090817', 'S00003', 'Papiloma Vaccine', '143436', 'Gabi', '2023-09-08', 2500, 0, NULL, NULL, NULL),
	('23090817', 'S00002', '5-in-1 Vaccine', '143436', 'Gabi', '2023-09-08', 7500, 0, NULL, 7, 5),
	('23090817', 'S00001', 'Grooming', '143436', 'Gabi', '2023-09-08', 550, 0, NULL, NULL, NULL),
	('23090818', 'S00002', '5-in-1 Vaccine', '122758', 'Zardos', '2023-09-08', 15000, 0, NULL, 5, 5),
	('23090818', 'S00002', '5-in-1 Vaccine', '122830', 'Zandra', '2023-09-08', 15000, 0, NULL, 5, 5),
	('23091301', 'S00006', 'Confinement', '012633', 'Daf', '2023-09-13', 2400, 0, '2023-09-20', NULL, NULL),
	('23091302', 'S00006', 'Confinement', 'P6b73f', 'Browny', '2023-09-15', 2400, 0, '2023-09-18', NULL, NULL),
	('23091303', 'S00006', 'Confinement', '122758', 'Zardos', '2023-09-13', 3600, 0, '2023-09-14', NULL, NULL),
	('23091303', 'S00006', 'Confinement', '143436', 'Gabi', '2023-09-13', 3600, 0, '2023-09-14', NULL, NULL),
	('23091304', 'S00006', 'Confinement', 'P536ec', 'Clarence', '2023-09-15', 3600, 0, '2023-09-28', NULL, NULL),
	('23091305', 'S00006', 'Confinement', '012633', 'Daf', '2023-09-13', 200, 0, '2023-09-14', NULL, NULL),
	('23091306', 'S00006', 'Confinement', 'P6b73f', 'Browny', '2023-09-14', 200, 0, '2023-09-15', NULL, NULL),
	('23091307', 'S00006', 'Confinement', '012633', 'Daf', '2023-09-13', 200, 0, '2023-09-14', NULL, NULL),
	('23091308', 'S00006', 'Confinement', 'P6b73f', 'Browny', '2023-09-14', 200, 0, '2023-09-15', NULL, NULL),
	('23091309', 'S00006', 'Confinement', '012633', 'Daf', '2023-09-13', 200, 0, '2023-09-14', NULL, NULL),
	('23091310', 'S00006', 'Confinement', 'P6b73f', 'Browny', '2023-09-14', 200, 0, '2023-09-16', NULL, NULL),
	('23091311', 'S00006', 'Confinement', '012633', 'Daf', '2023-09-13', 200, 0, '2023-09-13', NULL, NULL),
	('23091312', 'S00006', 'Confinement', '012633', 'Daf', '2023-09-13', 200, 0, '2023-09-14', NULL, NULL),
	('23091313', 'S00006', 'Confinement', 'P6b73f', 'Browny', '2023-09-15', 200, 0, '2023-09-21', NULL, NULL),
	('23091314', 'S00006', 'Confinement', '012633', 'Daf', '2023-09-13', 600, 0, '2023-09-15', NULL, NULL),
	('23091315', 'S00006', 'Confinement', '012633', 'Daf', '2023-09-13', 1600, 0, '2023-09-20', NULL, NULL),
	('23091316', 'S00006', 'Confinement', 'P6b73f', 'Browny', '2023-09-14', 400, 0, '2023-09-15', NULL, NULL),
	('23091317', 'S00006', 'Confinement', '012633', 'Daf', '2023-09-13', 400, 0, '2023-09-14', NULL, NULL),
	('23091318', 'S00006', 'Confinement', 'P6b73f', 'Browny', '2023-09-15', 800, 0, '2023-09-18', NULL, NULL);

INSERT INTO `item_general_info` (`UID`, `name`, `Category`) VALUES
	('I00001', 'MayPaw Heavy Duty Rope Dog Leash', 'Accessories'),
	('I00002', 'Taglory Rope Dog Leash', 'Accessories'),
	('I00003', 'Fresh Step Clumping Cat Litter', 'Accessories'),
	('I00004', 'Fresh Step LeightWeight Clumping Cat Litter', 'Accessories'),
	('I00005', 'Nutri-Vet Bladder Control Supplement for Dogs', 'Medicine'),
	('I00006', 'UniLeash', 'Accessories'),
	('I1aa81', 'Paracetamol', 'Accessories'),
	('I2b993', 'Kessoku Band', 'Accessories'),
	('Ia71e7', 'Kawaki wo ameku', 'Accessories'),
	('Iab3ca', 'Item 1', 'Accessories');

INSERT INTO `item_inventory_info` (`UID`, `Stock`, `Expiry_Date`, `state`) VALUES
	('I00003', 49, NULL, 1),
	('I00004', 41, NULL, 1),
	('I00005', 114, '2023-10-26', 1),
	('I00005', 45, '2023-08-31', 1),
	('I00006', 79, NULL, 1),
	('I00001', 25, NULL, 1),
	('I00003', 2, NULL, 1),
	('I00005', 1, '2023-09-28', 1),
	('I00005', 1, '2023-09-28', 1),
	('I00005', 2, '2023-09-28', 1),
	('I00005', 2, '2023-09-28', 1),
	('I00005', 4, '2023-09-28', 1),
	('I00002', 2, NULL, 1),
	('I1aa81', 10, NULL, 1),
	('Ia71e7', 55, NULL, 1),
	('I2b993', 5, NULL, 1),
	('I00005', 10, '2023-11-30', 1);

INSERT INTO `item_settings` (`UID`, `Cost_Price`, `Markup_Factor`, `Reorder_factor`, `Crit_factor`, `Safe_stock`, `Average_monthly_selling_rate`) VALUES
	('I00001', 475, 0.2, 0.85, 0.5, 50, 10),
	('I00002', 400, 0.25, 0.85, 0.5, 50, 5),
	('I00003', 525, 0.1, 0.85, 0.5, 25, 5),
	('I00004', 724.5, 0.1, 0.85, 0.5, 25, 5),
	('I00005', 1036.5, 0.1, 0.85, 0.5, 85, 5),
	('I00006', 120, 0.2, 0.75, 0.5, 15, 5),
	('I1aa81', 123, 0.9709, 0.85, 0.5, 8, 5),
	('I2b993', 121, 0.9901, 0.85, 0.5, 5, 5),
	('Ia71e7', 123, 0.912, 0.85, 0.5, 55, 5),
	('Iab3ca', 10, 0.15, 0.85, 0.5, 50, 5);

INSERT INTO `item_supplier_info` (`UID`, `Supplier`, `Contacts`) VALUES
	('I00001', 'ABC corp.', 'ABCcorp@gmail.com'),
	('I00002', 'ABC corp.', 'ABCcorp@gmail.com'),
	('I00003', 'medVet assc.', '+639042648221'),
	('I00004', 'medVet assc..', '+639042648221'),
	('I00005', 'Pfizer corp..', 'OrtSupp@Pfizer.com.ph'),
	('I00006', 'Robina Corp', ''),
	('I1aa81', '234', ''),
	('I2b993', '1123', '123'),
	('Ia71e7', '123', '123'),
	('Iab3ca', 'Supplier 1', 'Contact 1');

INSERT INTO `item_transaction_content` (`transaction_uid`, `Item_uid`, `item_name`, `quantity`, `price`, `deduction`) VALUES
	('0', 'I00001', 'MayPaw Heavy Duty Rope Dog Leash', 2, 522.5, 0),
	('2', 'I00002', 'Taglory Rope Dog Leash', 1, 440, 0),
	('3', 'I00005', 'Nutri-Vet Bladder Control Supplement for Dogs', 3, 1140.15, 0),
	('6', 'I00004', 'Fresh Step LeightWeight Clumping Cat Litter', 4, 796.95, 0),
	('8', 'I00004', 'Fresh Step LeightWeight Clumping Cat Litter', 2, 796.95, 0),
	('9', 'I00006', 'UniLeash', 1, 144, 0),
	('11', 'I00002', 'Taglory Rope Dog Leash', 1, 440, 0),
	('14', 'I00002', 'Taglory Rope Dog Leash', 3, 440, 0),
	('15', 'I00002', 'Taglory Rope Dog Leash', 2, 440, 0),
	('16', 'I00002', 'Taglory Rope Dog Leash', 1, 440, 0),
	('16', 'I00004', 'Fresh Step LeightWeight Clumping Cat Litter', 2, 796.95, 0),
	('17', 'I00002', 'Taglory Rope Dog Leash', 2, 880, 0),
	('19', 'I00002', 'Taglory Rope Dog Leash', 2, 880, 0),
	('23', 'I00002', 'Taglory Rope Dog Leash', 1, 440, 0),
	('25', 'I00002', 'Taglory Rope Dog Leash', 1, 440, 0),
	('26', 'I00002', 'Taglory Rope Dog Leash', 1, 440, 0),
	('27', 'I00002', 'Taglory Rope Dog Leash', 1, 440, 0),
	('29', 'I00002', 'Taglory Rope Dog Leash', 1, 440, 0),
	('31', 'I00002', 'Taglory Rope Dog Leash', 1, 440, 0),
	('33', 'I00002', 'Taglory Rope Dog Leash', 1, 440, 0),
	('34', 'I00004', 'Fresh Step LeightWeight Clumping Cat ', 1, 796.95, 0),
	('36', 'I00003', 'Fresh Step Clumping Cat Litter', 4, 577.5, 0),
	('37', 'I00003', 'Fresh Step Clumping Cat Litter', 1, 577.5, 0),
	('37', 'I00004', 'Fresh Step LeightWeight Clumping Cat Litter', 2, 796.95, 0),
	('39', 'I00003', 'Fresh Step Clumping Cat Litter', 1, 577.5, 0),
	('43', 'I00003', 'Fresh Step Clumping Cat Litter', 1, 577.5, 0),
	('46', 'I00003', 'Fresh Step Clumping Cat Litter', 1, 577.5, 0),
	('47', 'I00003', 'Fresh Step Clumping Cat Litter', 1, 577.5, 0),
	('48', 'I00003', 'Fresh Step Clumping Cat Litter', 4, 577.5, 0),
	('49', 'I00001', 'MayPaw Heavy Duty Rope Dog Leash', 1, 522.5, 0),
	('50', 'I00001', 'MayPaw Heavy Duty Rope Dog Leash', 3, 522.5, 0),
	('50', 'I00001', 'MayPaw Heavy Duty Rope Dog Leash', 1, 522.5, 0),
	('51', 'I00003', 'Fresh Step Clumping Cat Litter', 1, 577.5, 0),
	('52', 'I00001', 'MayPaw Heavy Duty Rope Dog Leash', 3, 522.5, 0),
	('52', 'I00001', 'MayPaw Heavy Duty Rope Dog Leash', 3, 522.5, 0),
	('52', 'I00002', 'Taglory Rope Dog Leash', 2, 440, 0),
	('53', 'I00001', 'MayPaw Heavy Duty Rope Dog Leash', 2, 522.5, 0),
	('54', 'I00003', 'Fresh Step Clumping Cat Litter', 2, 577.5, 0),
	('55', 'I00001', 'MayPaw Heavy Duty Rope Dog Leash', 1, 522.5, 0),
	('56', 'I00001', 'MayPaw Heavy Duty Rope Dog Leash', 1, 522.5, 0),
	('56', 'I00004', 'Fresh Step LeightWeight Clumping Cat Litter', 3, 796.95, 0),
	('56', 'I00001', 'MayPaw Heavy Duty Rope Dog Leash', 3, 522.5, 0),
	('57', 'I00001', 'MayPaw Heavy Duty Rope Dog Leash', 1, 522.5, 0),
	('58', 'I00001', 'MayPaw Heavy Duty Rope Dog Leash', 3, 522.5, 0),
	('58', 'I00001', 'MayPaw Heavy Duty Rope Dog Leash', 3, 522.5, 0),
	('59', 'I00001', 'MayPaw Heavy Duty Rope Dog Leash', 1, 522.5, 0),
	('59', 'I00001', 'MayPaw Heavy Duty Rope Dog Leash', 1, 522.5, 0),
	('61', 'I00001', 'MayPaw Heavy Duty Rope Dog Leash', 1, 522.5, 0),
	('62', 'I00001', 'MayPaw Heavy Duty Rope Dog Leash', 1, 522.5, 0),
	('63', 'I00001', 'MayPaw Heavy Duty Rope Dog Leash', 3, 522.5, 0),
	('64', 'I00001', 'MayPaw Heavy Duty Rope Dog Leash', 3, 522.5, 0),
	('67', 'I00001', 'MayPaw Heavy Duty Rope Dog Leash', 1, 522.5, 0),
	('69', 'I00001', 'MayPaw Heavy Duty Rope Dog Leash', 1, 522.5, 0),
	('73', 'I00002', 'Taglory Rope Dog Leash', 6, 440, 0),
	('74', 'I00001', 'MayPaw Heavy Duty Rope Dog Leash', 1, 522.5, 0),
	('77', 'I00001', 'MayPaw Heavy Duty Rope Dog Leash', 2, 570, 0);

INSERT INTO `login_report` (`attempt_usn`, `usn_used`, `date_created`) VALUES
	(NULL, 'admin', '2023-06-07 23:50:59'),
	('admin', 'admin', '2023-06-07 23:54:09'),
	('admin', 'admin', '2023-06-07 23:55:45'),
	(NULL, 'chris', '2023-07-05 17:36:56');

INSERT INTO `log_history` (`usn`, `date_logged`, `time_in`, `time_out`) VALUES
	('Chris2', '2023-08-31', '00:05:36', '00:05:36'),
	('admin', '2023-09-08', '11:54:33', '11:54:33'),
	('CarloAlmero', '2023-09-08', '11:56:36', '11:56:36'),
	('admin', '2023-09-08', '12:04:16', '12:18:51'),
	('admin', '2023-09-08', '12:19:17', '12:19:17'),
	('admin', '2023-09-08', '12:24:24', '12:24:24'),
	('admin', '2023-09-08', '12:33:29', '12:33:29');

INSERT INTO `partially_recieving_item` (`id`, `NAME`, `stock`, `supp_name`, `exp_date`, `reciever`, `date_recieved`) VALUES
	('R43417', 'Nutri-Vet Bladder Control Supplement for Dogs', 15, 'Pfizer corp..', NULL, 'kylde', '2023-08-23 00:00:00'),
	('R43417', 'Nutri-Vet Bladder Control Supplement for Dogs', 1, 'Pfizer corp..', NULL, 'kylde', '2023-08-23 00:00:00'),
	('R43417', 'Nutri-Vet Bladder Control Supplement for Dogs', 3, 'Pfizer corp..', NULL, 'kylde', '2023-08-28 00:00:00'),
	('R43417', 'Nutri-Vet Bladder Control Supplement for Dogs', 5, 'Pfizer corp..', NULL, 'kylde', '2023-08-28 00:00:00'),
	('Rb074c', 'Nutri-Vet Bladder Control Supplement for Dogs', 1, 'Pfizer corp..', NULL, 'kylde', '2023-08-30 00:00:00'),
	('Rb074c', 'Nutri-Vet Bladder Control Supplement for Dogs', 1, 'Pfizer corp..', NULL, 'kylde', '2023-08-30 00:00:00'),
	('Rb074c', 'Nutri-Vet Bladder Control Supplement for Dogs', 2, 'Pfizer corp..', NULL, 'kylde', '2023-08-30 00:00:00'),
	('Rb074c', 'Nutri-Vet Bladder Control Supplement for Dogs', 2, 'Pfizer corp..', NULL, 'kylde', '2023-08-30 00:00:00'),
	('R917e0', 'Fresh Step LeightWeight Clumping Cat Litter', 3, 'medVet assc..', NULL, 'kylde', '2023-08-30 00:00:00'),
	('R917e0', 'Fresh Step LeightWeight Clumping Cat Litter', 1, 'medVet assc..', NULL, 'kylde', '2023-08-30 00:00:00'),
	('Rc0776', 'Item 1', 45, 'Supplier 1', NULL, 'admin', '2023-09-08 00:00:00');


INSERT INTO `pet_info` (`id`, `p_name`, `owner_id`, `breed`, `type`, `sex`, `weight`, `bday`, `address`, `contact`) VALUES
	('012633', 'Daf', 1, 'Female', 'Dog', 'Male', '50.2', '2023-08-25', 'adasd', 'asdad'),
	('015659', 'test001', 6, 'Male', 'Cat', 'Male', '5', '2023-08-25', 'Tala', '09208902063'),
	('122758', 'Zardos', 2, 'Aspin', 'Dog', 'Male', '5', '2022-09-15', 'Tala', '09208902063'),
	('122830', 'Zandra', 5, 'Puspin', 'Cat', 'Female', '3', '2023-09-07', 'Tala', '09208902063'),
	('143436', 'Gabi', 2, 'Puspin', 'Cat', 'Male', '3', '2023-08-23', 'STI', '5684849'),
	('P1ec18', 'Brutus', 6, 'Mini Pin', '', 'Male', '', '2023-07-07', 'Tala', '09208902063'),
	('P482dc', 'Whitey', 4, 'Bulldog', '', 'Female', '', '2023-06-23', 'QC', '+639076208297'),
	('P536ec', 'Clarence', 2, 'Human', '', 'Male', '', '2023-07-06', 'STI', '5684849'),
	('P6b73f', 'Browny', 1, 'Dalmatian', '', 'Male', '', '2000-12-30', 'QC', '+639076208297'),
	('Pb6c0b', 'TJ', 4, 'Abnormal', '', 'Male', '', '2023-08-24', 'Bl7 Lt322 Ph2-A GreenBreeze Subd. Rod, Rizal', '+639076208297'),
	('Pc1935', 'Sol', 4, 'Calico Cat', '', 'Female', '', '2023-06-01', 'Bl7 Lt322 Ph2-A GreenBreeze Subd. Rod, Rizal', '+639076208297');

INSERT INTO `pet_owner_info` (`owner_id`, `owner_name`, `address`, `contact_number`) VALUES
	(1, 'Patrick Feniza', 'Diliman, Quezon City', '09874561234'),
	(2, 'Davin Ferrancullo', 'Almar, Caloocan City', '09478056123'),
	(3, 'Joze Rizal', 'Calamba, Laguna Province', '09574794234'),
	(4, 'Christopher Landas', 'Rodriguez. Rizal ', '09076208927'),
	(5, 'James Viñas', 'Tala, Caloocan City', '09208902063'),
	(6, 'Budjette Tan', 'Trese, Manila City', '09123456789'),
	(26, 'TEST12', 'TEST12', 'TEST12'),
	(27, 'test2321', 'test2321', 'test2321'),
	(28, 'James Rubiales', 'Tet1', 'Tset'),
	(29, 'Clarence Ugay', 'Almar, Caloocan City', '0923902397'),
	(30, 'Tyrone Tuazon', 'STI College Fairview', '09831809378');

INSERT INTO `recieving_item` (`id`, `NAME`, `item_uid`, `initial_stock`, `current_stock`, `supp_name`, `exp_date`, `reciever`, `state`, `date_set`, `date_recieved`) VALUES
	('1', 'Nutri-Vet Bladder Control Supplement for Dogs', 'I00005', 15, 0, 'Pfizer corp..', '2023-10-26', 'klyde', 2, '0000-00-00 00:00:00', '2023-06-12 01:49:18'),
	('2', 'Nutri-Vet Bladder Control Supplement for Dogs', 'I00005', 25, 25, 'Pfizer corp..', '2023-08-03', 'klyde', 2, '0000-00-00 00:00:00', '2023-06-12 01:57:52'),
	('R06952', 'MayPaw Heavy Duty Rope Dog Leash', 'I00001', 60, 60, 'ABC corp.', NULL, 'klyde', 2, '0000-00-00 00:00:00', '2023-06-14 11:39:30'),
	('R06d44', 'Comedy', 'I1aa81', 15, 15, '234', NULL, NULL, -1, '2023-09-03 18:44:14', NULL),
	('R07365', 'Nutri-Vet Bladder Control Supplement for Dogs', 'I00005', 15, 15, 'Pfizer corp..', '2023-08-31', 'klyde', 2, '0000-00-00 00:00:00', '2023-06-12 02:06:53'),
	('R109f4', 'Comedy', 'I1aa81', 10, 10, '234', NULL, NULL, -1, '2023-09-03 19:22:54', NULL),
	('R13022', 'Fresh Step Clumping Cat Litter', 'I00003', 4, 4, 'medVet assc.', NULL, 'acc_name', 2, '2023-08-30 23:42:34', '2023-08-30 23:42:43'),
	('R16f93', 'Nutri-Vet Bladder Control Supplement for Dogs', 'I00005', 21, 21, 'Pfizer corp..', NULL, 'klyde', 2, '0000-00-00 00:00:00', '2023-06-14 11:42:10'),
	('R205d2', 'Taglory Rope Dog Leash', 'I00002', 50, 50, 'ABC corp.', NULL, 'klyde', 2, '0000-00-00 00:00:00', '2023-06-14 09:41:57'),
	('R275ab', 'UniLeash', 'I00006', 15, 15, 'Robina Corp', NULL, 'klyde', 2, '0000-00-00 00:00:00', '2023-06-14 09:50:12'),
	('R2ae83', 'MayPaw Heavy Duty Rope Dog Leash', 'I00001', 5, 5, 'ABC corp.', NULL, NULL, -1, '2023-08-30 23:07:19', NULL),
	('R2b87d', 'Fresh Step LeightWeight Clumping Cat Litter', 'I00004', 50, 50, 'medVet assc..', NULL, 'klyde', 2, '0000-00-00 00:00:00', '2023-06-14 09:51:31'),
	('R2e4c7', 'Taglory Rope Dog Leash', 'I00002', 10, 10, 'ABC corp.', NULL, 'acc_name', 2, '2023-08-30 23:54:15', '2023-08-30 23:54:20'),
	('R31a74', 'Fresh Step Clumping Cat Litter', 'I00003', 5, 5, 'medVet assc.', NULL, NULL, -1, '2023-08-30 23:05:43', NULL),
	('R40675', 'Fresh Step LeightWeight Clumping Cat Litter', 'I00004', 50, 50, 'medVet assc..', NULL, 'klyde', 2, '0000-00-00 00:00:00', '2023-06-14 09:50:16'),
	('R43417', 'Nutri-Vet Bladder Control Supplement for Dogs', 'I00005', 50, 41, 'Pfizer corp..', NULL, 'acc_name', 2, '2023-08-23 15:36:20', '2023-08-30 14:57:18'),
	('R59c25', 'Fresh Step LeightWeight Clumping Cat Litter', 'I00004', 15, 15, 'medVet assc..', NULL, 'klyde', 2, '0000-00-00 00:00:00', '2023-06-12 03:08:22'),
	('R61f49', 'MayPaw Heavy Duty Rope Dog Leash', 'I00001', 50, 50, 'ABC corp.', '2023-08-31', 'klyde', 2, '0000-00-00 00:00:00', '2023-06-13 20:28:05'),
	('R662b8', 'Comedy', 'I1aa81', 10, 10, '234', NULL, NULL, -1, '2023-09-03 18:40:17', NULL),
	('R6838c', 'MayPaw Heavy Duty Rope Dog Leash', 'I00001', 5, 5, 'ABC corp.', '2023-08-29', 'acc_name', 2, '2023-08-28 12:56:18', '2023-08-28 12:56:39'),
	('R723f5', 'MayPaw Heavy Duty Rope Dog Leash', 'I00001', 20, 20, 'ABC corp.', NULL, 'acc_name', 2, '0000-00-00 00:00:00', '2023-08-23 06:56:32'),
	('R7e919', 'MayPaw Heavy Duty Rope Dog Leash', 'I00001', 10, 10, 'ABC corp.', NULL, 'acc_name', 2, '2023-09-02 23:37:56', '2023-09-02 23:38:07'),
	('R808a6', 'UniLeash', 'I00006', 50, 50, 'Robina Corp.', NULL, 'klyde', 2, '0000-00-00 00:00:00', '2023-06-13 17:43:22'),
	('R822b5', 'UniLeash', 'I00006', 50, 50, 'Robina Corp', '2023-07-27', 'klyde', 2, '0000-00-00 00:00:00', '2023-06-13 17:45:42'),
	('R86f29', 'MayPaw Heavy Duty Rope Dog Leash', 'I00001', 15, 15, 'ABC corp.', NULL, NULL, -1, '2023-08-30 21:54:04', NULL),
	('R917e0', 'Fresh Step LeightWeight Clumping Cat Litter', 'I00004', 5, 1, 'medVet assc..', NULL, 'acc_name', 2, '2023-08-30 23:53:06', '2023-08-30 23:53:59'),
	('Ra9de5', 'Taglory Rope Dog Leash', 'I00002', 50, 50, 'ABC corp.', NULL, NULL, -1, '2023-08-30 20:33:34', NULL),
	('Rae388', 'MayPaw Heavy Duty Rope Dog Leash', 'I00001', 10, 10, 'ABC corp.', NULL, 'acc_name', 2, '2023-08-30 23:43:11', '2023-08-30 23:43:28'),
	('Rb074c', 'Nutri-Vet Bladder Control Supplement for Dogs', 'I00005', 10, 4, 'Pfizer corp..', '2023-09-28', 'acc_name', 2, '2023-08-30 23:43:49', '2023-08-30 23:52:33'),
	('Rb556f', 'Taglory Rope Dog Leash', 'I00002', 5, 5, 'ABC corp.', NULL, 'acc_name', 2, '2023-08-23 06:54:02', '2023-08-26 14:38:02'),
	('Rbe3e1', 'Comedy', 'I1aa81', 10, 10, '234', NULL, NULL, -1, '2023-09-03 19:23:23', NULL),
	('Rc0776', 'Item 1', 'Iab3ca', 50, 5, 'Supplier 1', NULL, 'acc_name', 2, '2023-09-08 12:43:27', '2023-09-08 12:50:35'),
	('Rc0b6a', 'Taglory Rope Dog Leash', 'I00002', 50, 50, 'ABC corp.', NULL, 'acc_name', 2, '0000-00-00 00:00:00', '2023-08-23 06:40:06'),
	('Rd584c', 'MayPaw Heavy Duty Rope Dog Leash', 'I00001', 55, 55, 'ABC corp.', NULL, 'acc_name', 2, '2023-08-30 14:58:50', '2023-08-30 14:58:56'),
	('Re139f', 'Comedy', 'I1aa81', 10, 10, '234', NULL, NULL, -1, '2023-09-03 18:42:37', NULL),
	('Rf0f8d', 'Nutri-Vet Bladder Control Supplement for Dogs', 'I00005', 10, 10, 'Pfizer corp..', '2023-11-30', 'acc_name', 2, '2023-09-02 23:37:48', '2023-09-02 23:38:26'),
	('Rf166d', 'MayPaw Heavy Duty Rope Dog Leash', 'I00001', 15, 15, 'ABC corp.', NULL, 'klyde', 2, '0000-00-00 00:00:00', '2023-06-12 03:08:47'),
	('Rf3e2c', 'Comedy', 'I1aa81', 10, 10, '234', NULL, NULL, -1, '2023-09-03 18:49:20', NULL);

INSERT INTO `services_transaction_content` (`transaction_uid`, `service_uid`, `service_name`, `pet_uid`, `patient_name`, `scheduled_date`, `price`, `deduction`, `status`, `end_schedule`, `multiple_sched_quan`, `instance_of_mul_sched`) VALUES
	('1', 'S00001', 'Grooming', 'P1ec18', 'Brutus', '2023-07-15', 500, 0, 0, NULL, NULL, NULL),
	('4', 'S00001', 'Grooming', 'P1ec18', 'Brutus', '2023-07-16', 500, 0, 0, NULL, NULL, NULL),
	('5', 'S00001', 'Grooming', 'P482dc', 'Whitey', '2023-07-16', 500, 0, 0, NULL, NULL, NULL),
	('5', 'S00001', 'Grooming', 'P6b73f', 'Browny', '2023-07-16', 500, 0, 0, NULL, NULL, NULL),
	('7', 'S00001', 'Grooming', 'P482dc', 'Whitey', '2023-07-13', 500, 0, 0, NULL, NULL, NULL),
	('7', 'S00001', 'Grooming', 'P6b73f', 'Browny', '2023-07-13', 500, 0, 0, NULL, NULL, NULL),
	('10', 'S00001', 'Grooming', 'P6b73f', 'Browny', '2023-08-01', 500, 0, 0, NULL, NULL, NULL),
	('12', 'S00007', 'Euthanasion', 'P1ec18', 'Brutus', '2023-08-06', 900, 0, 0, NULL, NULL, NULL),
	('13', 'S00001', 'Grooming', 'P1ec18', 'Brutus', '2023-08-07', 500, 0, 0, NULL, NULL, NULL),
	('17', 'S00001', 'Grooming', 'P1ec18', 'Brutus', '2023-08-20', 500, 0, 0, NULL, NULL, NULL),
	('18', 'S00001', 'Grooming', 'P1ec18', 'Brutus', '2023-08-19', 500, 0, 0, NULL, NULL, NULL),
	('21', 'S00001', 'Grooming', 'P1ec18', 'Brutus', '2023-08-20', 500, 0, 0, NULL, NULL, NULL),
	('22', 'S00001', 'Grooming', 'P536ec', 'Clarence', '2023-08-19', 500, 0, 0, NULL, NULL, NULL),
	('43', 'S00001', 'Grooming', '012633', 'Daf', '2023-08-29', 500, 0, 0, NULL, NULL, NULL),
	('42', 'S00001', 'Grooming', '015659', 'test001', '2023-08-29', 500, 0, 0, NULL, NULL, NULL),
	('43', 'S00001', 'Grooming', '015659', 'test001', '2023-08-31', 500, 0, 0, NULL, NULL, NULL),
	('43', 'S00001', 'Grooming', '012633', 'Daf', '2023-08-31', 500, 0, 0, NULL, NULL, NULL),
	('44', 'S00001', 'Grooming', '012633', 'Daf', '2023-08-30', 500, 0, 0, NULL, NULL, NULL),
	('45', 'S00001', 'Grooming', '015659', 'test001', '2023-08-31', 500, 0, 0, NULL, NULL, NULL),
	('60', 'S00001', 'Grooming', '012633', 'Daf', '2023-11-24', 500, 0, 0, NULL, NULL, NULL),
	('60', 'S00002', '5-in-1 Vaccine', '012633', 'Daf', '2023-09-14', 1500, 0, 0, NULL, NULL, NULL),
	('66', 'S00001', 'Grooming', '015659', 'test001', '2023-09-06', 500, 0, 0, NULL, NULL, NULL),
	('66', 'S00002', '5-in-1 Vaccine', '015659', 'test001', '2023-09-06', 7500, 0, 0, NULL, 7, 5),
	('66', 'S00006', 'Confinement', '015659', 'test001', '2023-09-06', 1600, 0, 0, '2023-09-13', NULL, NULL),
	('68', 'S00006', 'Confinement', '015659', 'test001', '2023-09-06', 1600, 0, 0, '2023-09-13', NULL, NULL),
	('70', 'S00001', 'Grooming', '015659', 'test001', '2023-09-06', 500, 0, 0, NULL, NULL, NULL),
	('70', 'S00001', 'Grooming', 'P1ec18', 'Brutus', '2023-09-07', 500, 0, 0, NULL, NULL, NULL),
	('71', 'S00001', 'Grooming', '015659', 'test001', '2023-09-13', 500, 0, 0, NULL, NULL, NULL),
	('71', 'S00001', 'Grooming', 'P1ec18', 'Brutus', '2023-09-20', 500, 0, 0, NULL, NULL, NULL),
	('72', 'S00001', 'Grooming', 'P1ec18', 'Brutus', '2023-09-15', 500, 0, 0, NULL, NULL, NULL),
	('75', 'S00001', 'Grooming', '012633', 'Daf', '2023-09-28', 500, 0, 0, NULL, NULL, NULL),
	('75', 'S00006', 'Confinement', '012633', 'Daf', '2023-09-13', 200, 0, 0, NULL, NULL, NULL),
	('75', 'S00002', '5-in-1 Vaccine', '012633', 'Daf', '2023-10-19', 1500, 0, 0, NULL, NULL, NULL),
	('76', 'S00002', '5-in-1 Vaccine', '122758', 'Zardos', '2023-09-08', 15000, 0, 0, NULL, 5, 5),
	('76', 'S00002', '5-in-1 Vaccine', '122830', 'Zandra', '2023-09-08', 15000, 0, 0, NULL, 5, 5);

INSERT INTO `service_category_test` (`category`, `state`) VALUES
	('Grooming', 1),
	('Pet Care', 1),
	('Surgery', 1),
	('Test', 1),
	('Vaccination', 1);

INSERT INTO `service_info` (`UID`, `service_name`, `Item_needed`, `price`, `state`, `date_added`) VALUES
	('S00001', 'Grooming', 'test', 500, 1, '2023-05-29'),
	('S00002', '5-in-1 Vaccine', 'test', 1500, 1, '2023-05-29'),
	('S00003', 'Papiloma Vaccine', 'test', 2500, 1, '2023-05-29'),
	('S00004', 'Yeast Infection Treatment', 'test', 2100, 1, '2023-05-29'),
	('S00005', 'Canine Castration Surgery', 'test', 1700, 1, '2023-05-29'),
	('S00006', 'Confinement', 'test', 200, 1, '2023-05-29'),
	('S00007', 'Euthanasion', 'test', 900, 1, '2023-05-29'),
	('S00008', 'Feline Castration Srugery', 'test', 500, 1, '2023-05-29');

INSERT INTO `service_info_test` (`UID`, `service_name`, `price`, `category`, `duration_type`, `state`, `date_added`) VALUES
	('S00001', 'Grooming', 550, 'Grooming', 0, 1, '2023-05-29'),
	('S00002', '5-in-1 Vaccine', 1500, 'Vaccination', 2, 1, '2023-05-29'),
	('S00003', 'Papiloma Vaccine', 2500, 'Vaccination', 0, 1, '2023-05-29'),
	('S00004', 'Yeast Infection Treatment', 2100, 'Pet Care', 0, 1, '2023-05-29'),
	('S00005', 'Canine Castration Surgery', 1700, 'Surgery', 0, 1, '2023-05-29'),
	('S00006', 'Confinement', 200, 'Pet Care', 1, 1, '2023-05-29'),
	('S00008', 'Feline Castration Srugery', 500, 'Surgery', 0, 1, '2023-05-29'),
	('S54787', 'Autistic therapy', 1200, 'Pet Care', 0, 1, '2023-09-05'),
	('S6d1e8', 'Haircut', 300, 'Pet Care', 0, 1, '2023-09-08'),
	('Sbbc72', 'Whooping Cough Virus', 150, 'Vaccination', 2, 1, '2023-09-02'),
	('Se7c43', 'Canine Diagnostic', 1200, 'Pet Care', 0, 1, '2023-08-31');

INSERT INTO `transaction_record` (`transaction_uid`, `Attendant_usn`, `client_name`, `Total_amount`, `transaction_date`) VALUES
	('0', 'aila', 'N/A', 1045, '2023-07-14'),
	('1', 'aila', 'James V.', 500, '2023-07-15'),
	('10', 'aila', 'Jose R.', 500, '2023-08-01'),
	('11', 'aila', 'N/A', 440, '2023-08-06'),
	('12', 'aila', 'James V.', 900, '2023-08-06'),
	('13', 'aila', 'James V.', 500, '2023-08-07'),
	('14', 'aila', 'N/A', 1320, '2023-08-07'),
	('15', 'aila', 'N/A', 880, '2023-08-14'),
	('16', 'aila', 'N/A', 2033.9, '2023-08-14'),
	('17', 'aila', 'James V.', 1380, '2023-08-20'),
	('18', 'aila', 'James V.', 500, '2023-08-20'),
	('19', 'aila', 'N/A', 880, '2023-08-20'),
	('2', 'aila', 'N/A', 440, '2023-07-15'),
	('20', 'aila', 'James V.', 1500, '2023-08-20'),
	('21', 'aila', 'James V.', 500, '2023-08-22'),
	('22', 'aila', 'Davin F.', 500, '2023-08-22'),
	('23', 'aila', 'N/A', 440, '2023-08-22'),
	('24', 'aila', 'N/A', 2200, '2023-08-22'),
	('25', 'aila', 'N/A', 440, '2023-08-22'),
	('26', 'aila', 'N/A', 440, '2023-08-22'),
	('27', 'aila', 'N/A', 440, '2023-08-22'),
	('28', 'aila', 'N/A', 1320, '2023-08-22'),
	('29', 'aila', 'N/A', 440, '2023-08-22'),
	('3', 'aila', 'N/A', 3420.45, '2023-07-16'),
	('30', 'aila', 'N/A', 1320, '2023-08-22'),
	('31', 'aila', 'N/A', 440, '2023-08-22'),
	('32', 'aila', 'N/A', 1760, '2023-08-23'),
	('33', 'aila', 'Jose R.', 440, '2023-08-23'),
	('34', 'aila', 'N/A', 796.95, '2023-08-23'),
	('35', 'aila', 'James V.', 2280.3, '2023-08-26'),
	('36', 'aila', 'N/A', 2310, '2023-08-28'),
	('37', 'aila', 'N/A', 2171.4, '2023-08-28'),
	('38', 'aila', 'Jose R.', 0, '2023-08-28'),
	('39', 'aila', 'N/A', 577.5, '2023-08-29'),
	('4', 'aila', 'James V.', 500, '2023-07-16'),
	('41', 'aila', 'Bud Tan', 1500, '2023-08-29'),
	('42', 'aila', 'James V.', 500, '2023-08-29'),
	('43', 'aila', 'Bud Tan', 500, '2023-08-29'),
	('44', 'aila', 'Bud Tan', 500, '2023-08-30'),
	('45', 'aila', 'James V.', 500, '2023-08-30'),
	('46', 'aila', 'N/A', 577.5, '2023-08-30'),
	('47', 'aila', 'N/A', 577.5, '2023-08-30'),
	('48', 'aila', 'Christopher L.', 2310, '2023-08-30'),
	('49', 'admin', 'N/A', 522.5, '2023-08-30'),
	('5', 'aila', 'Jose R.', 1000, '2023-07-16'),
	('50', 'admin', 'James V.', 1567.5, '2023-08-30'),
	('51', 'admin', 'N/A', 577.5, '2023-08-30'),
	('52', 'admin', 'Bud Tan', 1567.5, '2023-08-31'),
	('53', 'admin', 'N/A', 1045, '2023-08-31'),
	('54', 'admin', 'N/A', 1155, '2023-08-31'),
	('55', 'admin', 'N/A', 522.5, '2023-08-31'),
	('56', 'admin', 'N/A', 522.5, '2023-08-31'),
	('57', 'admin', 'N/A', 522.5, '2023-08-31'),
	('58', 'admin', 'N/A', 1567.5, '2023-08-31'),
	('59', 'admin', 'N/A', 522.5, '2023-09-02'),
	('6', 'aila', 'N/A', 3187.8, '2023-07-13'),
	('60', 'admin', 'Bud Tan', 2000, '2023-09-02'),
	('61', 'admin', 'N/A', 522.5, '2023-09-02'),
	('62', 'admin', 'N/A', 522.5, '2023-09-02'),
	('63', 'admin', 'N/A', 1567.5, '2023-09-02'),
	('64', 'admin', 'N/A', 1567.5, '2023-09-02'),
	('66', 'admin', 'James V.', 9600, '2023-09-06'),
	('67', 'admin', 'N/A', 522.5, '2023-09-06'),
	('68', 'admin', 'James V.', 1600, '2023-09-06'),
	('69', 'admin', 'N/A', 522.5, '2023-09-06'),
	('7', 'aila', 'Jose R.', 1000, '2023-07-13'),
	('70', 'admin', 'James V.', 1000, '2023-09-06'),
	('71', 'admin', 'James V.', 1000, '2023-09-06'),
	('72', 'admin', 'James V.', 500, '2023-09-08'),
	('73', 'admin', 'N/A', 2640, '2023-09-08'),
	('74', 'aila', 'N/A', 522.5, '2023-09-08'),
	('75', 'aila', 'Bud Tan', 2200, '2023-09-08'),
	('76', 'admin', 'James V.', 30000, '2023-09-08'),
	('77', 'admin', 'N/A', 1140, '2023-09-13'),
	('8', 'aila', 'N/A', 1593.9, '2023-08-01'),
	('9', 'aila', 'N/A', 144, '2023-08-01');

INSERT INTO `user_level_access` (`Title`, `add_item`, `Dashboard`, `Transaction`, `Services`, `Sales`, `Inventory`, `Pet_Info`, `Report`, `User`, `Action`, `Gen_Settings`) VALUES
	('Assisstant', 0, 1, 1, 1, 1, 1, 1, 1, 0, 0, 0),
	('Cashier', 0, 1, 1, 0, 0, 0, 1, 0, 0, 0, 0),
	('Owner', 1, 1, 1, 1, 1, 1, 1, 1, 1, 1, 1),
	('Receptionist', 0, 1, 1, 0, 0, 0, 1, 0, 0, 0, 0);

/*!40103 SET TIME_ZONE=IFNULL(@OLD_TIME_ZONE, 'system') */;
/*!40101 SET SQL_MODE=IFNULL(@OLD_SQL_MODE, '') */;
/*!40014 SET FOREIGN_KEY_CHECKS=IFNULL(@OLD_FOREIGN_KEY_CHECKS, 1) */;
/*!40101 SET CHARACTER_SET_CLIENT=@OLD_CHARACTER_SET_CLIENT */;
/*!40111 SET SQL_NOTES=IFNULL(@OLD_SQL_NOTES, 1) */;
