-- --------------------------------------------------------
-- Host:                         127.0.0.1
-- Server version:               11.1.2-MariaDB - mariadb.org binary distribution
-- Server OS:                    Win64
-- HeidiSQL Version:             12.3.0.6589
-- --------------------------------------------------------

/*!40101 SET @OLD_CHARACTER_SET_CLIENT=@@CHARACTER_SET_CLIENT */;
/*!40101 SET NAMES utf8 */;
/*!50503 SET NAMES utf8mb4 */;
/*!40103 SET @OLD_TIME_ZONE=@@TIME_ZONE */;
/*!40103 SET TIME_ZONE='+00:00' */;
/*!40014 SET @OLD_FOREIGN_KEY_CHECKS=@@FOREIGN_KEY_CHECKS, FOREIGN_KEY_CHECKS=0 */;
/*!40101 SET @OLD_SQL_MODE=@@SQL_MODE, SQL_MODE='NO_AUTO_VALUE_ON_ZERO' */;
/*!40111 SET @OLD_SQL_NOTES=@@SQL_NOTES, SQL_NOTES=0 */;

-- Dumping data for table ssi_merged.account_access_level: ~1 rows (approximately)
INSERT INTO `account_access_level` (`usn`, `Dashboard`, `Reception`, `Payment`, `Customer`, `Services`, `Sales`, `Inventory`, `Pet`, `Report`, `User`, `Settings`, `History`) VALUES
	('admin', 0, 1, 1, 0, 0, 0, 0, 0, 0, 1, 0, 0),
	('Bob', 1, 0, 0, 0, 0, 0, 0, 0, 0, 0, 0, 0);

INSERT INTO `acc_cred` (`usn`, `pss`, `slt`, `entry_OTP`) VALUES
	('123123', '94bc6207156f186a77106c5c456a80017eff6f8d949265ecf515a4cb3b851eba', '3HCIZ_k8Speg-Ik3Ia2DgA==', NULL),
	('admin', '0c149295209d5f543cf1ba14956c5c135a78b9b311ad551715899e02c27dc99d', 'rCRF4amTSEOYQjqvWYuI7A==', 'f5fec805ff0f8f65b818d9bfe45953e096f7ae5bacd552f42447527113197d2d'),
	('aila', 'b94fd2a2585dada0d309427f886092192a58ce549056edd56df595623b01cef9', 'ND08SurlSBKB74ch5HD9iQ==', NULL),
	('assisstant', '5362ca593f063f2581f756e9827bdd02da670bad2b176108380d7bc971ee5148', 'ljEGlbKwSZe3ECK-0b2K8g==', NULL),
	('Bob', '22b2c083042034844d8ff8acd7f3bae17797d96a1f80f3276c032657e89b6dcc', 'Nbp-yuMdSRyczO14IQX8qg==', NULL),
	('Chris', 'f4de5587480de43270431146f49b462af3be91dade93e2550e236108b59804bf', 'VKxnK0f8T16nqO1xHdHMAg==', NULL),
	('Chris2', '8d01b6fcda79efa14555214d08d343e9e0496e7376800b2378bc8dc2d059e666', 'bzn1KLc2TwWxNQtgXooBBA==', NULL),
	('Jrizal', '4436a253401b8e74a80e7a9a04930e16ae6e37dbc8c36f49f871ead477044f53', '3wbtXJDmSTm98iubl13hLw==', NULL),
	('jayr', '56a1f73718b12d1a021f12eee52d2d1bbe1e6c067698c27e98c5fdd22fb0a0dd', 'WqMM26lyQDirax7evZgFuQ==', NULL);

-- Dumping data for table ssi_merged.acc_info: ~8 rows (approximately)
INSERT INTO `acc_info` (`usn`, `full_name`, `job_position`, `state`) VALUES
	('123123', '123123', 'Assisstant', 0),
	('admin', 'Big Boss 1', 'Owner', 1),
	('aila', 'aila', 'Assisstant', 0),
	('assisstant', 'Assisstant', 'Assisstant', 0),
	('Bob', 'Bob', 'Service Provider', 1),
	('Chris', 'Chris McLaind', 'Assisstant', 1),
	('Chris2', 'Chris2', 'Owner', 0),
	('Jrizal', 'Jose Rizal', 'Assisstant', 0),
	('jayr', 'jayr', 'Assisstant', 0);

-- Dumping data for table ssi_merged.action_history: ~248 rows (approximately)
INSERT INTO `action_history` (`Column 5`, `usn`, `Type`, `ACTION`, `action_date`) VALUES
	(1, 'admin', 'Item Encoding', 'ADD/admin/I10fdf', '2023-09-11 23:50:11'),
	(2, 'aila', 'invoice', 'INVM/aila/Pec804', '2023-08-23 15:11:35'),
	(3, 'admin', 'invoice', 'INVM/admin/23092900', '2023-09-29 10:31:23'),
	(4, 'admin', 'Transaction Record', 'TRNM/admin/___', '2023-09-29 10:32:55'),
	(5, 'admin', 'invoice', 'INVM/admin/23092901', '2023-09-29 10:37:05'),
	(6, 'admin', 'Transaction Record', 'TRNM/admin/___', '2023-09-29 10:38:03'),
	(7, 'admin', 'invoice', 'INVM/admin/23092902', '2023-09-29 10:40:15'),
	(8, 'admin', 'Transaction Record', 'TRNM/admin/___', '2023-09-29 10:41:00'),
	(9, 'admin', 'Item Encoding', 'ADD/admin/Ia71e7', '2023-10-01 17:10:16'),
	(10, 'admin', 'invoice', 'INVM/admin/23100100', '2023-10-01 18:40:22'),
	(11, 'admin', 'Transaction Record', 'TRNM/admin/___', '2023-10-01 18:41:11'),
	(12, 'admin', 'invoice', 'INVM/admin/23100101', '2023-10-01 18:44:34'),
	(13, 'admin', 'Transaction Record', 'TRNM/admin/___', '2023-10-01 18:45:06'),
	(14, 'admin', 'invoice', 'INVM/admin/23100102', '2023-10-01 18:49:05'),
	(15, 'admin', 'Transaction Record', 'TRNM/admin/___', '2023-10-01 18:49:21'),
	(16, 'admin', 'invoice', 'INVM/admin/23100103', '2023-10-01 18:51:23'),
	(17, 'admin', 'Transaction Record', 'TRNM/admin/___', '2023-10-01 18:51:45'),
	(18, 'admin', 'invoice', 'INVM/admin/23100104', '2023-10-01 18:53:35'),
	(19, 'admin', 'Transaction Record', 'TRNM/admin/___', '2023-10-01 18:53:51'),
	(20, 'admin', 'Transaction Record', 'TRNM/admin/___', '2023-10-01 18:54:08'),
	(21, 'admin', 'invoice', 'INVM/admin/23100105', '2023-10-01 19:05:38'),
	(22, 'admin', 'invoice', 'INVM/admin/23100106', '2023-10-01 19:09:05'),
	(23, 'admin', 'invoice', 'INVM/admin/23100107', '2023-10-01 19:10:44'),
	(24, 'admin', 'invoice', 'INVM/admin/23100108', '2023-10-01 19:15:12'),
	(25, 'admin', 'Item Encoding', 'ADD/admin/I1aa81', '2023-10-08 10:27:56'),
	(26, 'admin', 'Item Encoding', 'ADD/admin/I1aa81', '2023-10-08 10:41:26'),
	(27, 'admin', 'Item Encoding', 'ADD/admin/I00007', '2023-10-08 10:48:49'),
	(28, 'admin', 'Item Encoding', 'ADD/admin/I00002', '2023-10-08 12:16:58'),
	(29, 'admin', 'Item Encoding', 'ADD/admin/I1aa81', '2023-10-08 16:17:45'),
	(30, 'admin', 'Item Encoding', 'ADD/admin/I2b993', '2023-10-08 18:45:24'),
	(31, 'admin', 'Item Encoding', 'ADD/admin/I1aa81', '2023-10-08 18:50:31'),
	(32, 'admin', 'Item Encoding', 'ADD/admin/I1aa81', '2023-10-08 19:56:07'),
	(33, 'admin', 'Item Encoding', 'ADD/admin/I00005', '2023-10-08 19:57:47'),
	(34, 'admin', 'Item Encoding', 'ADD/admin/IACBE3', '2023-10-08 19:59:27'),
	(35, 'admin', 'Item Encoding', 'ADD/admin/I1aa81', '2023-10-08 20:06:57'),
	(36, 'admin', 'Item Encoding', 'ADD/admin/I1aa81', '2023-10-08 20:15:01'),
	(37, 'admin', 'Item Encoding', 'ADD/admin/I1aa81', '2023-10-08 20:15:11'),
	(38, 'admin', 'Item Encoding', 'ADD/admin/I2b993', '2023-10-08 20:19:02'),
	(39, 'admin', 'Item Encoding', 'ADD/admin/I2b993', '2023-10-08 20:22:30'),
	(40, 'admin', 'Item Encoding', 'ADD/admin/Ia71e7', '2023-10-08 20:22:38'),
	(41, 'admin', 'Item Encoding', 'ADD/admin/I1aa81', '2023-10-08 20:26:07'),
	(42, 'admin', 'Item Encoding', 'ADD/admin/I1aa81', '2023-10-08 20:29:32'),
	(43, 'admin', 'Item Encoding', 'ADD/admin/I1aa81', '2023-10-08 20:31:28'),
	(44, 'admin', 'Item Encoding', 'ADD/admin/I1aa81', '2023-10-08 20:37:51'),
	(45, 'admin', 'Item Encoding', 'ADD/admin/I1aa81', '2023-10-08 20:38:50'),
	(46, 'admin', 'Item Encoding', 'ADD/admin/I1aa81', '2023-10-08 20:40:40'),
	(47, 'admin', 'Item Encoding', 'ADD/admin/I39DC8', '2023-10-08 20:42:26'),
	(48, 'admin', 'Item Encoding', 'ADD/admin/I2b993', '2023-10-08 20:45:00'),
	(49, 'admin', 'Item Encoding', 'ADD/admin/I1aa81', '2023-10-08 20:45:17'),
	(50, 'admin', 'Item Encoding', 'ADD/admin/I1aa81', '2023-10-10 07:38:48'),
	(51, 'admin', 'Item Encoding', 'ADD/admin/I1aa81', '2023-10-10 09:08:46'),
	(52, 'admin', 'Item Encoding', 'ADD/admin/I00005', '2023-10-10 09:10:41'),
	(53, 'admin', 'Item Encoding', 'ADD/admin/I00005', '2023-10-12 00:01:41'),
	(54, 'admin', 'invoice', 'INVM/admin/23101200', '2023-10-12 10:12:29'),
	(55, 'admin', 'Transaction Record', 'TRNM/admin/___', '2023-10-12 10:13:06'),
	(56, 'admin', 'invoice', 'INVM/admin/23101201', '2023-10-12 10:23:36'),
	(57, 'admin', 'Transaction Record', 'TRNM/admin/___', '2023-10-12 10:24:05'),
	(58, 'admin', 'Item Encoding', 'ADD/admin/I00002', '2023-10-14 19:08:27'),
	(59, 'admin', 'Item Encoding', 'ADD/admin/I00005', '2023-10-14 19:11:33'),
	(60, 'admin', 'Item Encoding', 'ADD/admin/I00005', '2023-10-15 01:33:05'),
	(61, 'admin', 'Item Encoding', 'ADD/admin/I00002', '2023-10-15 01:53:56'),
	(62, 'admin', 'Item Encoding', 'ADD/admin/I00002', '2023-10-15 01:55:35'),
	(63, 'admin', 'Item Encoding', 'ADD/admin/I00002', '2023-10-15 02:00:29'),
	(64, 'admin', 'Item Encoding', 'ADD/admin/I00002', '2023-10-15 02:01:30'),
	(65, 'admin', 'Transaction Record', 'TRNM/admin/___', '2023-10-17 23:28:20'),
	(66, 'admin', 'Transaction Record', 'TRNM/admin/___', '2023-10-17 23:51:03'),
	(67, 'admin', 'Transaction Record', 'TRNM/admin/___', '2023-10-17 23:57:38'),
	(68, 'admin', 'Transaction Record', 'TRNM/admin/___', '2023-10-17 23:59:31'),
	(69, 'admin', 'invoice', 'INVM/admin/23101800', '2023-10-18 00:01:00'),
	(70, 'admin', 'Transaction Record', 'TRNM/admin/___', '2023-10-18 00:01:11'),
	(71, 'admin', 'invoice', 'INVM/admin/23101801', '2023-10-18 00:13:14'),
	(72, 'admin', 'Transaction Record', 'TRNM/admin/___', '2023-10-18 00:13:28'),
	(73, 'admin', 'invoice', 'INVM/admin/23101802', '2023-10-18 00:15:28'),
	(74, 'admin', 'invoice', 'INVM/admin/23101803', '2023-10-18 00:17:07'),
	(75, 'admin', 'Transaction Record', 'TRNM/admin/___', '2023-10-18 00:17:28'),
	(76, 'admin', 'invoice', 'INVM/admin/23101804', '2023-10-18 00:22:59'),
	(77, 'admin', 'invoice', 'INVM/admin/23101805', '2023-10-18 00:44:12'),
	(78, 'admin', 'invoice', 'INVM/admin/23101806', '2023-10-18 01:00:37'),
	(79, 'admin', 'Transaction Record', 'TRNM/admin/___', '2023-10-18 01:51:59'),
	(80, 'admin', 'invoice', 'INVM/admin/23101807', '2023-10-18 01:56:12'),
	(81, 'admin', 'Transaction Record', 'TRNM/admin/___', '2023-10-18 01:56:30'),
	(82, 'admin', 'invoice', 'INVM/admin/23101808', '2023-10-18 09:24:21'),
	(83, 'admin', 'Transaction Record', 'TRNM/admin/___', '2023-10-18 09:24:40'),
	(84, 'admin', 'invoice', 'INVM/admin/23101809', '2023-10-18 09:25:32'),
	(85, 'admin', 'Transaction Record', 'TRNM/admin/___', '2023-10-18 09:25:52'),
	(86, 'admin', 'Item Encoding', 'ADD/admin/I10fdf', '2023-10-22 11:45:41'),
	(87, 'admin', 'Item Encoding', 'ADD/admin/I10fdf', '2023-10-22 11:47:12'),
	(88, 'admin', 'Item Encoding', 'ADD/admin/I00002', '2023-10-22 12:06:29'),
	(89, 'admin', 'Item Encoding', 'ADD/admin/I00002', '2023-10-22 12:06:49'),
	(90, 'admin', 'Item Encoding', 'ADD/admin/I00002', '2023-10-22 12:07:12'),
	(91, 'admin', 'Item Encoding', 'ADD/admin/I32CCE', '2023-10-22 12:10:07'),
	(92, 'admin', 'Item Encoding', 'ADD/admin/I7A986', '2023-10-22 12:10:37'),
	(93, 'admin', 'Item Encoding', 'ADD/admin/IFF357', '2023-10-22 12:49:00'),
	(94, 'admin', 'Item Encoding', 'ADD/admin/IFF357', '2023-10-22 12:49:50'),
	(95, 'admin', 'Item Encoding', 'ADD/admin/IFF357', '2023-10-22 13:07:49'),
	(96, 'admin', 'Item Encoding', 'ADD/admin/I00001', '2023-10-22 14:02:19'),
	(97, 'admin', 'Item Encoding', 'ADD/admin/Iaad08', '2023-10-22 20:24:28'),
	(98, 'admin', 'Item Encoding', 'ADD/admin/Iaad08', '2023-10-22 20:32:13'),
	(99, 'admin', 'Item Encoding', 'ADD/admin/Iaad08', '2023-10-22 20:35:58'),
	(100, 'admin', 'Item Encoding', 'ADD/admin/I00001', '2023-10-22 20:36:56'),
	(101, 'admin', 'Item Encoding', 'ADD/admin/IACBE3', '2023-10-22 21:22:05'),
	(102, 'admin', 'Item Encoding', 'ADD/admin/I1F3E7', '2023-10-22 22:20:23'),
	(103, 'admin', 'Transaction Record', 'TRNM/admin/___', '2023-10-27 03:36:43'),
	(104, 'aila', 'invoice', 'INVM/aila/23102700', '2023-10-27 09:50:36'),
	(105, 'aila', 'Transaction Record', 'TRNM/aila/___', '2023-10-27 10:04:22'),
	(106, 'aila', 'invoice', 'INVM/aila/23102701', '2023-10-27 10:06:39'),
	(107, 'aila', 'Transaction Record', 'TRNM/aila/___', '2023-10-27 10:07:22'),
	(108, 'aila', 'invoice', 'INVM/aila/23102702', '2023-10-27 10:10:31'),
	(109, 'aila', 'Transaction Record', 'TRNM/aila/___', '2023-10-27 10:10:50'),
	(110, 'aila', 'Transaction Record', 'TRNM/aila/___', '2023-10-27 10:16:57'),
	(111, 'aila', 'Transaction Record', 'TRNM/aila/___', '2023-10-27 10:19:14'),
	(112, 'aila', 'Transaction Record', 'TRNM/aila/___', '2023-10-27 10:28:43'),
	(113, 'aila', 'invoice', 'INVM/aila/23102705', '2023-10-27 10:29:10'),
	(114, 'aila', 'Transaction Record', 'TRNM/aila/___', '2023-10-27 10:29:28'),
	(115, 'aila', 'invoice', 'INVM/aila/23102706', '2023-10-27 10:31:11'),
	(116, 'aila', 'Transaction Record', 'TRNM/aila/___', '2023-10-27 10:31:24'),
	(117, 'aila', 'invoice', 'INVM/aila/23102707', '2023-10-27 10:32:26'),
	(118, 'aila', 'Transaction Record', 'TRNM/aila/___', '2023-10-27 10:32:39'),
	(119, 'aila', 'invoice', 'INVM/aila/23102708', '2023-10-27 10:33:57'),
	(120, 'aila', 'Transaction Record', 'TRNM/aila/___', '2023-10-27 10:34:13'),
	(121, 'admin', 'invoice', 'INVM/admin/23102709', '2023-10-27 10:41:04'),
	(122, 'admin', 'Transaction Record', 'TRNM/admin/___', '2023-10-27 10:41:26'),
	(123, 'admin', 'invoice', 'INVM/admin/23102710', '2023-10-27 10:49:24'),
	(124, 'admin', 'Transaction Record', 'TRNM/admin/___', '2023-10-27 10:50:01'),
	(125, 'admin', 'invoice', 'INVM/admin/23102711', '2023-10-27 10:55:18'),
	(126, 'admin', 'Transaction Record', 'TRNM/admin/___', '2023-10-27 10:55:40'),
	(127, 'admin', 'invoice', 'INVM/admin/23102712', '2023-10-27 12:23:02'),
	(128, 'admin', 'Transaction Record', 'TRNM/admin/___', '2023-10-27 12:25:57'),
	(151, 'admin', 'Item Encoding', 'ADD/admin/I1F3E7', '2023-10-29 19:33:40'),
	(152, 'admin', 'Item Encoding', 'ADD/admin/I2F75F', '2023-10-29 21:45:31'),
	(153, 'admin', 'Item Encoding', 'ADD/admin/I2b993', '2023-10-30 17:16:17'),
	(154, 'admin', 'invoice', 'INVM/admin/23103002', '2023-10-30 20:24:35'),
	(155, 'admin', 'invoice', 'INVM/admin/23103003', '2023-10-30 20:28:18'),
	(156, 'admin', 'invoice', 'INVM/admin/23103004', '2023-10-30 20:29:21'),
	(157, 'admin', 'invoice', 'INVM/admin/23103006', '2023-10-30 20:41:29'),
	(158, 'admin', 'invoice', 'INVM/admin/23103007', '2023-10-30 20:47:10'),
	(159, 'admin', 'invoice', 'INVM/admin/23103009', '2023-10-30 20:52:13'),
	(160, 'admin', 'invoice', 'INVM/admin/23103010', '2023-10-30 21:01:43'),
	(161, 'admin', 'invoice', 'INVM/admin/23103011', '2023-10-30 21:03:02'),
	(162, 'admin', 'invoice', 'INVM/admin/23103012', '2023-10-30 21:07:12'),
	(163, 'admin', 'Transaction Record', 'TRNM/admin/___', '2023-10-30 21:16:24'),
	(164, 'admin', 'invoice', 'INVM/admin/23103013', '2023-10-30 21:40:44'),
	(165, 'admin', 'Transaction Record', 'TRNM/admin/___', '2023-10-30 22:11:41'),
	(166, 'admin', 'Transaction Record', 'TRNM/admin/___', '2023-10-30 22:17:05'),
	(167, 'admin', 'Transaction Record', 'TRNM/admin/___', '2023-10-30 22:19:44'),
	(168, 'admin', 'Transaction Record', 'TRNM/admin/___', '2023-10-30 22:25:04'),
	(169, 'admin', 'Transaction Record', 'TRNM/admin/___', '2023-10-30 22:40:46'),
	(170, 'admin', 'invoice', 'INVM/admin/23103014', '2023-10-30 22:41:26'),
	(171, 'admin', 'Transaction Record', 'TRNM/admin/___', '2023-10-30 22:41:37'),
	(172, 'admin', 'Transaction Record', 'TRNM/admin/___', '2023-10-30 22:45:36'),
	(173, 'admin', 'Transaction Record', 'TRNM/admin/___', '2023-10-30 22:46:26'),
	(174, 'admin', 'Transaction Record', 'TRNM/admin/___', '2023-10-30 22:48:17'),
	(175, 'admin', 'Transaction Record', 'TRNM/admin/___', '2023-10-30 22:49:47'),
	(176, 'admin', 'Transaction Record', 'TRNM/admin/___', '2023-10-30 22:50:13'),
	(177, 'admin', 'Transaction Record', 'TRNM/admin/___', '2023-10-30 22:58:02'),
	(178, 'admin', 'Transaction Record', 'TRNM/admin/___', '2023-10-30 23:00:50'),
	(179, 'admin', 'Transaction Record', 'TRNM/admin/___', '2023-10-30 23:03:04'),
	(180, 'admin', 'invoice', 'INVM/admin/23103015', '2023-10-30 23:04:33'),
	(181, 'admin', 'Transaction Record', 'TRNM/admin/___', '2023-10-30 23:04:49'),
	(182, 'admin', 'invoice', 'INVM/admin/23103016', '2023-10-30 23:08:57'),
	(183, 'admin', 'Transaction Record', 'TRNM/admin/___', '2023-10-30 23:09:19'),
	(184, 'admin', 'invoice', 'INVM/admin/23103017', '2023-10-30 23:13:34'),
	(185, 'admin', 'Transaction Record', 'TRNM/admin/___', '2023-10-30 23:13:45'),
	(186, 'admin', 'invoice', 'INVM/admin/23103018', '2023-10-30 23:19:21'),
	(187, 'admin', 'Transaction Record', 'TRNM/admin/___', '2023-10-30 23:19:35'),
	(188, 'admin', 'invoice', 'INVM/admin/23103019', '2023-10-30 23:22:53'),
	(189, 'admin', 'Transaction Record', 'TRNM/admin/___', '2023-10-30 23:23:12'),
	(190, 'admin', 'invoice', 'INVM/admin/23103020', '2023-10-30 23:24:51'),
	(191, 'admin', 'Transaction Record', 'TRNM/admin/___', '2023-10-30 23:25:06'),
	(192, 'admin', 'invoice', 'INVM/admin/23103021', '2023-10-30 23:26:13'),
	(193, 'admin', 'invoice', 'INVM/admin/23103022', '2023-10-30 23:26:35'),
	(194, 'admin', 'Transaction Record', 'TRNM/admin/___', '2023-10-30 23:26:48'),
	(195, 'admin', 'invoice', 'INVM/admin/23103023', '2023-10-30 23:30:58'),
	(196, 'admin', 'Transaction Record', 'TRNM/admin/___', '2023-10-30 23:31:13'),
	(197, 'admin', 'invoice', 'INVM/admin/23103024', '2023-10-30 23:42:19'),
	(198, 'admin', 'Transaction Record', 'TRNM/admin/___', '2023-10-30 23:42:34'),
	(199, 'admin', 'invoice', 'INVM/admin/23103025', '2023-10-30 23:45:13'),
	(200, 'admin', 'Transaction Record', 'TRNM/admin/___', '2023-10-30 23:45:25'),
	(201, 'admin', 'invoice', 'INVM/admin/23103026', '2023-10-30 23:54:01'),
	(202, 'admin', 'Transaction Record', 'TRNM/admin/___', '2023-10-30 23:54:13'),
	(203, 'admin', 'invoice', 'INVM/admin/23110100', '2023-11-01 13:02:47'),
	(204, 'admin', 'Transaction Record', 'TRNM/admin/___', '2023-11-01 13:03:01'),
	(205, 'admin', 'invoice', 'INVM/admin/23110101', '2023-11-01 13:06:23'),
	(206, 'admin', 'Transaction Record', 'TRNM/admin/___', '2023-11-01 13:06:35'),
	(207, 'admin', 'invoice', 'INVM/admin/23110102', '2023-11-01 21:07:39'),
	(208, 'admin', 'Transaction Record', 'TRNM/admin/___', '2023-11-01 21:08:05'),
	(209, 'admin', 'invoice', 'INVM/admin/23110200', '2023-11-02 00:01:46'),
	(210, 'admin', 'Transaction Record', 'TRNM/admin/___', '2023-11-02 00:01:57'),
	(211, 'admin', 'invoice', 'INVM/admin/23110201', '2023-11-02 00:49:11'),
	(212, 'admin', 'Transaction Record', 'TRNM/admin/___', '2023-11-02 00:49:26'),
	(213, 'admin', 'invoice', 'INVM/admin/23110202', '2023-11-02 21:33:09'),
	(214, 'admin', 'Transaction Record', 'TRNM/admin/___', '2023-11-02 21:33:26'),
	(215, 'admin', 'invoice', 'INVM/admin/23110300', '2023-11-03 00:02:39'),
	(216, 'admin', 'Transaction Record', 'TRNM/admin/___', '2023-11-03 00:02:52'),
	(217, 'admin', 'invoice', 'INVM/admin/23110301', '2023-11-03 00:26:37'),
	(218, 'admin', 'Transaction Record', 'TRNM/admin/___', '2023-11-03 00:26:49'),
	(219, 'admin', 'invoice', 'INVM/admin/23110400', '2023-11-04 15:11:50'),
	(220, 'admin', 'Transaction Record', 'TRNM/admin/___', '2023-11-04 15:12:09'),
	(221, 'admin', 'invoice', 'INVM/admin/23110401', '2023-11-04 15:34:29'),
	(222, 'admin', 'Transaction Record', 'TRNM/admin/___', '2023-11-04 15:34:42'),
	(223, 'admin', 'invoice', 'INVM/admin/23110500', '2023-11-05 01:10:44'),
	(224, 'admin', 'invoice', 'INVM/admin/23110501', '2023-11-05 01:14:38'),
	(225, 'admin', 'invoice', 'INVM/admin/23110503', '2023-11-05 15:28:38'),
	(226, 'admin', 'Transaction Record', 'TRNM/admin/___', '2023-11-05 15:29:34'),
	(227, 'admin', 'Transaction Record', 'TRNM/admin/___', '2023-11-05 18:21:27'),
	(228, 'admin', 'Transaction Record', 'TRNM/admin/___', '2023-11-05 18:22:22'),
	(229, 'admin', 'invoice', 'INVM/admin/23110504', '2023-11-05 19:00:54'),
	(230, 'admin', 'invoice', 'INVM/admin/23110505', '2023-11-05 19:24:39'),
	(231, 'admin', 'Transaction Record', 'TRNM/admin/___', '2023-11-05 19:27:22'),
	(232, 'admin', 'Transaction Record', 'TRNM/admin/___', '2023-11-05 21:02:20'),
	(233, 'admin', 'invoice', 'INVM/admin/23110600', '2023-11-06 00:23:48'),
	(234, 'admin', 'Transaction Record', 'TRNM/admin/___', '2023-11-06 00:29:05'),
	(235, 'admin', 'Item Encoding', 'ADD/admin/I32CCE', '2023-11-10 13:04:03'),
	(236, 'admin', 'Item Encoding', 'ADD/admin/I3128E', '2023-11-10 13:21:21'),
	(237, 'admin', 'Item Encoding', 'ADD/admin/I00003', '2023-11-10 13:21:32'),
	(238, 'admin', 'Item Encoding', 'ADD/admin/I3128E', '2023-11-10 13:22:17'),
	(239, 'admin', 'Item Encoding', 'ADD/admin/IE273F', '2023-11-10 13:23:04'),
	(240, 'admin', 'Item Encoding', 'ADD/admin/I3128E', '2023-11-10 13:24:21'),
	(241, 'admin', 'Item Encoding', 'ADD/admin/ID121A', '2023-11-10 13:24:32'),
	(242, 'admin', 'Item Encoding', 'ADD/admin/I1F3E7', '2023-11-10 13:31:46'),
	(243, 'admin', 'Item Encoding', 'ADD/admin/I1F3E7', '2023-11-10 13:32:01'),
	(244, 'admin', 'Item Encoding', 'ADD/admin/I2b993', '2023-11-10 13:32:13'),
	(245, 'admin', 'Item Encoding', 'ADD/admin/I3128E', '2023-11-10 21:46:29'),
	(246, 'admin', 'Item Encoding', 'ADD/admin/Ia71e7', '2023-11-10 21:48:05'),
	(247, 'admin', 'invoice', 'INVM/admin/23111100', '2023-11-11 12:20:13'),
	(248, 'admin', 'Transaction Record', 'TRNM/admin/___', '2023-11-11 12:20:46'),
	(249, 'admin', 'invoice', 'INVM/admin/23111101', '2023-11-11 12:25:57'),
	(250, 'admin', 'Transaction Record', 'TRNM/admin/___', '2023-11-11 12:26:14'),
	(251, 'admin', 'invoice', 'INVM/admin/23111200', '2023-11-12 13:33:22'),
	(252, 'admin', 'Transaction Record', 'TRNM/admin/___', '2023-11-12 13:33:34'),
	(253, 'admin', 'invoice', 'INVM/admin/23111201', '2023-11-12 13:49:11'),
	(254, 'admin', 'Transaction Record', 'TRNM/admin/___', '2023-11-12 13:49:24'),
	(255, 'admin', 'invoice', 'INVM/admin/23111202', '2023-11-12 18:11:44'),
	(256, 'admin', 'Transaction Record', 'TRNM/admin/170', '2023-11-12 18:12:46'),
	(257, 'admin', 'invoice', 'INVM/admin/23111203', '2023-11-12 18:15:01'),
	(258, 'admin', 'Transaction Record', 'TRNM/admin/170', '2023-11-12 18:15:53'),
	(259, 'admin', 'invoice', 'INVM/admin/23111205', '2023-11-12 18:17:24'),
	(260, 'admin', 'Transaction Record', 'TRNM/admin/170', '2023-11-12 18:17:37'),
	(261, 'admin', 'invoice', 'INVM/admin/23111206', '2023-11-12 18:27:12'),
	(262, 'admin', 'Transaction Record', 'TRNM/admin/170', '2023-11-12 18:27:30'),
	(263, 'admin', 'Service Encoding', 'ADDS/admin/S5cf5d', '2023-11-12 19:32:45'),
	(264, 'admin', 'Transaction Record', 'TRNM/admin/171', '2023-11-12 19:54:25'),
	(265, 'admin', 'Transaction Record', 'TRNM/admin/172', '2023-11-12 19:57:12'),
	(266, 'admin', 'invoice', 'INVM/admin/23111207', '2023-11-12 20:27:54'),
	(267, 'admin', 'Transaction Record', 'TRNM/admin/173', '2023-11-12 20:28:07'),
	(268, 'admin', 'invoice', 'INVM/admin/23111208', '2023-11-12 20:30:50'),
	(269, 'admin', 'Transaction Record', 'TRNM/admin/174', '2023-11-12 20:31:06'),
	(270, 'admin', 'invoice', 'INVM/admin/23111209', '2023-11-12 20:41:09'),
	(271, 'admin', 'Transaction Record', 'TRNM/admin/175', '2023-11-12 20:41:24'),
	(272, 'admin', 'invoice', 'INVM/admin/23111210', '2023-11-12 20:48:15'),
	(273, 'admin', 'Transaction Record', 'TRNM/admin/176', '2023-11-12 20:48:31'),
	(274, 'admin', 'invoice', 'INVM/admin/23111211', '2023-11-12 21:03:06'),
	(275, 'admin', 'Transaction Record', 'TRNM/admin/177', '2023-11-12 21:14:32'),
	(276, 'admin', 'invoice', 'INVM/admin/23111212', '2023-11-12 21:14:58'),
	(277, 'admin', 'Transaction Record', 'TRNM/admin/178', '2023-11-12 21:15:17'),
	(278, 'admin', 'invoice', 'INVM/admin/23111213', '2023-11-12 21:30:25'),
	(279, 'admin', 'Transaction Record', 'TRNM/admin/179', '2023-11-12 21:30:52'),
	(280, 'admin', 'Service Encoding', 'ADDS/admin/Saecf2', '2023-11-13 01:51:07'),
	(281, 'admin', 'Service Encoding', 'ADDS/admin/S86AD1', '2023-11-13 01:52:36'),
	(282, 'admin', 'invoice', 'INVM/admin/23111400', '2023-11-14 11:12:15'),
	(283, 'admin', 'invoice', 'INVM/admin/23111401', '2023-11-14 11:13:53'),
	(284, 'admin', 'Transaction Record', 'TRNM/admin/180', '2023-11-14 11:17:50'),
	(285, 'admin', 'Transaction Record', 'TRNM/admin/181', '2023-11-14 11:19:18'),
	(286, 'admin', 'invoice', 'INVM/admin/23111600', '2023-11-16 12:08:25'),
	(287, 'admin', 'Transaction Record', 'TRNM/admin/182', '2023-11-16 12:10:35'),
	(288, 'admin', 'Transaction Record', 'TRNM/admin/183', '2023-11-16 12:12:04'),
	(289, 'admin', 'Transaction Record', 'TRNM/admin/184', '2023-11-16 20:26:47'),
	(290, 'admin', 'invoice', 'INVM/admin/23111602', '2023-11-16 21:37:23'),
	(291, 'admin', 'invoice', 'INVM/admin/23111603', '2023-11-16 21:39:23'),
	(292, 'admin', 'Transaction Record', 'TRNM/admin/185', '2023-11-16 21:39:40'),
	(293, 'admin', 'invoice', 'INVM/admin/23111604', '2023-11-16 22:09:43'),
	(294, 'admin', 'invoice', 'INVM/admin/23111700', '2023-11-17 07:30:02'),
	(295, 'admin', 'invoice', 'INVM/admin/23111701', '2023-11-17 08:15:25'),
	(296, 'admin', 'Transaction Record', 'TRNM/admin/186', '2023-11-17 08:16:30'),
	(297, 'admin', 'invoice', 'INVM/admin/23111702', '2023-11-17 09:03:04'),
	(298, 'admin', 'Transaction Record', 'TRNM/admin/187', '2023-11-17 09:03:19'),
	(299, 'admin', 'invoice', 'INVM/admin/23111703', '2023-11-17 09:06:42'),
	(300, 'admin', 'Transaction Record', 'TRNM/admin/188', '2023-11-17 09:06:58'),
	(301, 'admin', 'invoice', 'INVM/admin/23111704', '2023-11-17 11:06:56'),
	(302, 'admin', 'Transaction Record', 'TRNM/admin/189', '2023-11-17 11:14:20'),
	(303, 'admin', 'Transaction Record', 'TRNM/admin/190', '2023-11-17 11:15:16');

INSERT INTO `categories` (`categ_name`, `does_expire`, `creator`, `state`, `date_created`, `disabled_by`, `disabled_date`) VALUES
	('Accessories', 0, 'admin', 1, '2023-10-03 22:14:50', NULL, NULL),
	('Food', 1, 'admin', 1, '2023-10-03 22:14:52', NULL, NULL),
	('Leash', 0, 'admin', 1, '2023-10-04 11:56:00', 'admin', '2023-10-04 11:56:08'),
	('Medicine', 1, 'admin', 1, '2023-10-03 22:14:53', NULL, NULL),
	('Supplements', 1, 'admin', 1, '2023-11-16 22:43:43', NULL, NULL),
	('Test003', 0, 'admin', 0, '2023-10-03 22:14:56', 'admin', '2023-10-04 08:37:38'),
	('Test004', 1, 'admin', 0, '2023-10-03 22:14:57', 'admin', '2023-10-04 11:40:07'),
	('Test005', 1, 'admin', 0, '2023-10-03 22:14:57', 'admin', '2023-10-04 11:39:53'),
	('Test006', 0, 'admin', 0, '2023-10-03 22:14:58', 'admin', '2023-10-04 11:38:29'),
	('Vaccines', 1, 'admin', 1, '2023-11-07 22:45:40', NULL, NULL);

-- Dumping data for table ssi_merged.disposal_history: ~38 rows (approximately)
INSERT INTO `disposal_history` (`id`, `receive_id`, `item_uid`, `item_name`, `initial_quantity`, `Current_quantity`, `reason`, `date_of_disposal`, `full_dispose_date`, `disposed_by`) VALUES
	('D021C068', NULL, 'I1aa81', 'Comedy (100mg)', 1, NULL, 'Defective/Damaged', '2023-11-11 00:00:00', NULL, 'admin'),
	('D2CBCF8C', NULL, 'I00005', 'Nutri-Vet Bladder Control Supplement for Dogs (100mg)', 12, 0, 'Expired', '2023-10-22 00:00:00', NULL, 'admin'),
	('D302CDEE', NULL, 'I1F3E7', '1000 (100mg)', 1, NULL, 'Defective/Damaged', '2023-11-11 00:00:00', NULL, 'admin'),
	('D3843020', NULL, 'I00005', 'Nutri-Vet Bladder Control Supplement for Dogs (100mg)', 90, 0, 'Expired', '2023-10-27 00:00:00', NULL, 'admin'),
	('D3AD9718', NULL, 'I00004', 'Fresh Step LeightWeight Clumping Cat Litter (100mg)', 1, NULL, 'Defective/Damaged', '2023-11-07 00:00:00', NULL, 'admin'),
	('D3B574C6', NULL, 'I00005', 'Nutri-Vet Bladder Control Supplement for Dogs (100mg)', 113, 0, 'Expired', '2023-10-22 00:00:00', NULL, 'admin'),
	('D3C82297', NULL, 'I7E29F', 'Medicine-B (100mg)', 100, NULL, 'Expired', '2023-11-09 00:00:00', NULL, 'admin'),
	('D4538A4A', NULL, 'I00005', 'Nutri-Vet Bladder Control Supplement for Dogs (100mg)', 39, NULL, 'Expired', '2023-11-09 00:00:00', NULL, 'admin'),
	('D484B7D2', NULL, 'I00002', 'Taglory Rope Dog Leash (100mg)', 1, NULL, 'Defective/Damaged', '2023-11-07 00:00:00', NULL, 'admin'),
	('D4A774C1', NULL, 'I1aa81', 'Comedy (100mg)', 2, NULL, 'Defective/Damaged', '2023-11-11 00:00:00', NULL, 'admin'),
	('D57799ED', NULL, 'I65B51', 'Medicine-ABC (10g)', 100, 0, 'Expired', '2023-10-22 00:00:00', NULL, 'admin'),
	('D58B8956', NULL, 'Iaad08', 'Test Item', 2, NULL, 'Defective/Damaged', '2023-11-11 00:00:00', NULL, 'admin'),
	('D627E312', NULL, 'I00006', 'UniLeash (100mg)', 1, NULL, 'Defective/Damaged', '2023-11-08 00:00:00', NULL, 'admin'),
	('D65A7D31', NULL, 'I00004', 'Fresh Step LeightWeight Clumping Cat Litter (100mg)', 1, NULL, 'Defective/Damaged', '2023-11-07 00:00:00', NULL, 'admin'),
	('D6EC2E02', NULL, 'IACBE3', 'Test Item 006 (100mg)', 1, NULL, 'Defective/Damaged', '2023-11-11 00:00:00', NULL, 'admin'),
	('D6FB1207', NULL, 'I00005', 'Nutri-Vet Bladder Control Supplement for Dogs (100mg)', 113, 0, 'Expired', '2023-10-22 00:00:00', NULL, 'admin'),
	('D7A8B6DD', NULL, 'I00002', 'Taglory Rope Dog Leash (100mg)', 2, NULL, 'Defective/Damaged', '2023-11-07 00:00:00', NULL, 'admin'),
	('D8AD9E8F', NULL, 'I00005', 'Nutri-Vet Bladder Control Supplement for Dogs (100mg)', 10, 0, 'Expired', '2023-10-22 00:00:00', NULL, 'admin'),
	('D912F380', 'R69EB1', 'I1F3E7', '1000 (100mg)', 1, 0, 'Damaged', '2023-10-27 00:00:00', NULL, 'admin'),
	('D91873D8', NULL, 'Ia71e7', 'Kawaki wo ameku (100mg)', 1, NULL, 'Defective/Damaged', '2023-11-06 00:00:00', NULL, 'admin'),
	('DA30FCF8', NULL, 'I00005', 'Nutri-Vet Bladder Control Supplement for Dogs (100mg)', 10, 0, 'Expired', '2023-10-22 00:00:00', NULL, 'admin'),
	('DA36F355', NULL, 'I65B51', 'Medicine-ABC (10g)', 100, 0, 'Expired', '2023-10-22 00:00:00', NULL, 'admin'),
	('DA7FB93B', NULL, 'I1F3E7', '1000 (100mg)', 1, NULL, 'Defective/Damaged', '2023-11-07 00:00:00', NULL, 'admin'),
	('DABB7128', NULL, 'IE273F', 'Cat Leash - Green (1m)', 1, NULL, 'Defective/Damaged', '2023-11-12 00:00:00', NULL, 'admin'),
	('DAC2AB68', NULL, 'Ia71e7', 'Kawaki wo ameku (100mg)', 1, NULL, 'Defective/Damaged', '2023-11-06 00:00:00', NULL, 'admin'),
	('DCDB58EC', NULL, 'I0AE71', 'Test ITem 003 (100mg)', 1, NULL, 'Defective/Damaged', '2023-11-12 00:00:00', NULL, 'admin'),
	('DD42BA2A', NULL, 'I65B51', 'Medicine-ABC (10g)', 100, 0, 'Expired', '2023-10-27 00:00:00', NULL, 'admin'),
	('DE581B03', NULL, 'I00005', 'Nutri-Vet Bladder Control Supplement for Dogs (100mg)', 21, 0, 'Expired', '2023-10-27 00:00:00', NULL, 'admin'),
	('DE819159', NULL, 'I00005', 'Nutri-Vet Bladder Control Supplement for Dogs (100mg)', 247, 0, 'Expired', '2023-10-27 00:00:00', NULL, 'admin'),
	('DF4A897C', NULL, 'I00005', 'Nutri-Vet Bladder Control Supplement for Dogs (100mg)', 48, 0, 'Expired', '2023-10-22 00:00:00', NULL, 'admin'),
	('DIS0034B', NULL, 'I00005', 'Nutri-Vet Bladder Control Supplement for Dogs (100mg)', 1, NULL, 'Defective/Damaged', '2023-11-12 00:00:00', NULL, 'admin'),
	('DIS003E0', NULL, 'I00005', 'Nutri-Vet Bladder Control Supplement for Dogs (100mg)', 1, NULL, 'Defective/Damaged', '2023-11-12 00:00:00', NULL, 'admin'),
	('DIS00519', NULL, 'I00006', 'UniLeash (100mg)', 2, NULL, 'Defective/Damaged', '2023-11-12 00:00:00', NULL, 'admin'),
	('DIS0056B', NULL, 'I00006', 'UniLeash (100mg)', 1, NULL, 'Defective/Damaged', '2023-11-12 00:00:00', NULL, 'admin'),
	('DIS0065D', NULL, 'I00006', 'UniLeash (100mg)', 1, NULL, 'Defective/Damaged', '2023-11-12 00:00:00', NULL, 'admin'),
	('DIS0077F', NULL, 'I00005', 'Nutri-Vet Bladder Control Supplement for Dogs (100mg)', 1, NULL, 'Defective/Damaged', '2023-11-12 00:00:00', NULL, 'admin'),
	('DIS007DE', NULL, 'I00005', 'Nutri-Vet Bladder Control Supplement for Dogs (100mg)', 1, NULL, 'Defective/Damaged', '2023-11-12 00:00:00', NULL, 'admin'),
	('DIS008B3', NULL, 'I00005', 'Nutri-Vet Bladder Control Supplement for Dogs (100mg)', 1, NULL, 'Expired', '2023-11-17 00:00:00', NULL, 'admin'),
	('DIS00943', NULL, 'I00006', 'UniLeash (100mg)', 2, NULL, 'Defective/Damaged', '2023-11-12 00:00:00', NULL, 'admin'),
	('DIS00A58', NULL, 'I00006', 'UniLeash (100mg)', 1, NULL, 'Defective/Damaged', '2023-11-12 00:00:00', NULL, 'admin'),
	('DIS00D05', NULL, 'I00006', 'UniLeash (100mg)', 1, NULL, 'Defective/Damaged', '2023-11-12 00:00:00', NULL, 'admin');

INSERT INTO `invoice_item_content` (`invoice_uid`, `Item_uid`, `item_name`, `quantity`, `price`, `deduction`) VALUES
	('Pc9c14', 'I00002', 'Taglory Rope Dog Leash', 1, 440, 0),
	('P2e8cf', 'I00002', 'Taglory Rope Dog Leash', 1, 440, 0),
	('P956ee', 'I00002', 'Taglory Rope Dog Leash', 1, 440, 0),
	('P22b46', 'I00002', 'Taglory Rope Dog Leash', 5, 440, 0),
	('P6953f', 'I00002', 'Taglory Rope Dog Leash', 2, 440, 0),
	('P660f0', 'I00002', 'Taglory Rope Dog Leash', 2, 440, 0),
	('P69823', 'I00002', 'Taglory Rope Dog Leash', 1, 440, 0),
	('P9754c', 'I00002', 'Taglory Rope Dog Leash', 3, 440, 0),
	('P4e070', 'I00002', 'Taglory Rope Dog Leash', 1, 440, 0),
	('P5d98a', 'I00002', 'Taglory Rope Dog Leash', 3, 440, 0),
	('P2792b', 'I00002', 'Taglory Rope Dog Leash', 1, 440, 0),
	('Pe327c', 'I00002', 'Taglory Rope Dog Leash', 1, 440, 0),
	('P15921', 'I00002', 'Taglory Rope Dog Leash', 4, 440, 0),
	('Pf6e9c', 'I00004', 'Fresh Step LeightWeight Clumping Cat ', 1, 796.95, 0),
	('Pec804', 'I00002', 'Taglory Rope Dog Leash', 1, 440, 0),
	('Pd260b', 'I00003', 'Fresh Step Clumping Cat Litter', 4, 577.5, 0),
	('P0ebe4', 'I00005', 'Nutri-Vet Bladder Control Supplement for Dogs', 2, 1140.15, 0),
	('P2cc66', 'I00003', 'Fresh Step Clumping Cat Litter', 1, 577.5, 0),
	('P2cc66', 'I00004', 'Fresh Step LeightWeight Clumping Cat Litter', 2, 796.95, 0),
	('08282302', 'I00005', 'Nutri-Vet Bladder Control Supplement for Dogs', 1, 1140.15, 0),
	('08282303', 'I00003', 'Fresh Step Clumping Cat Litter', 1, 577.5, 0),
	('08292300', 'I00003', 'Fresh Step Clumping Cat Litter', 1, 577.5, 0),
	('08292301', 'I00003', 'Fresh Step Clumping Cat Litter', 1, 577.5, 0),
	('08302314', 'I00003', 'Fresh Step Clumping Cat Litter', 1, 577.5, 0),
	('08302315', 'I00003', 'Fresh Step Clumping Cat Litter', 1, 577.5, 0),
	('08302316', 'I00003', 'Fresh Step Clumping Cat Litter', 4, 577.5, 0),
	('08302317', 'I00001', 'MayPaw Heavy Duty Rope Dog Leash', 1, 522.5, 0),
	('08302318', 'I00001', 'MayPaw Heavy Duty Rope Dog Leash', 3, 522.5, 0),
	('08302319', 'I00001', 'MayPaw Heavy Duty Rope Dog Leash', 1, 522.5, 0),
	('08302320', 'I00003', 'Fresh Step Clumping Cat Litter', 1, 577.5, 0),
	('08312300', 'I00001', 'MayPaw Heavy Duty Rope Dog Leash', 3, 522.5, 0),
	('08312301', 'I00001', 'MayPaw Heavy Duty Rope Dog Leash', 2, 522.5, 0),
	('08312302', 'I00002', 'Taglory Rope Dog Leash', 2, 440, 0),
	('08312303', 'I00003', 'Fresh Step Clumping Cat Litter', 2, 577.5, 0),
	('08312304', 'I00001', 'MayPaw Heavy Duty Rope Dog Leash', 1, 522.5, 0),
	('08312305', 'I00001', 'MayPaw Heavy Duty Rope Dog Leash', 1, 522.5, 0),
	('08312306', 'I00001', 'MayPaw Heavy Duty Rope Dog Leash', 3, 522.5, 0),
	('08312307', 'I00001', 'MayPaw Heavy Duty Rope Dog Leash', 1, 522.5, 0),
	('08312308', 'I00004', 'Fresh Step LeightWeight Clumping Cat Litter', 3, 796.95, 0),
	('08312309', 'I00001', 'MayPaw Heavy Duty Rope Dog Leash', 1, 522.5, 0),
	('08312310', 'I00001', 'MayPaw Heavy Duty Rope Dog Leash', 3, 522.5, 0),
	('08312311', 'I00001', 'MayPaw Heavy Duty Rope Dog Leash', 3, 522.5, 0),
	('09022300', 'I00005', 'Nutri-Vet Bladder Control Supplement for Dogs', 2, 1140.15, 0),
	('09032309', 'I00005', 'Nutri-Vet Bladder Control Supplement for Dogs', 2, 1140.15, 0),
	('09032310', 'I00005', 'Nutri-Vet Bladder Control Supplement for Dogs', 2, 1140.15, 0),
	('09032311', 'I00006', 'UniLeash', 2, 144, 0),
	('23092200', 'I00002', 'Taglory Rope Dog Leash', 1, 440, 0),
	('23092902', 'I0AE71', 'Test ITem 003', 10, 310, 0),
	('23100100', 'I00002', 'Taglory Rope Dog Leash', 6, 440, 0),
	('23100101', 'I00002', 'Taglory Rope Dog Leash', 7, 440, 0),
	('23100102', 'I1aa81', 'Comedy', 10, 242.42, 0),
	('23100103', 'IACBE3', 'Test Item 006', 10, 101, 0),
	('23100104', 'I00001', 'MayPaw Heavy Duty Rope Dog Leash', 1, 522.5, 0),
	('23100105', 'I00001', 'MayPaw Heavy Duty Rope Dog Leash', 1, 522.5, 0),
	('23100107', 'I00001', 'MayPaw Heavy Duty Rope Dog Leash', 3, 522.5, 0),
	('23100108', 'I00001', 'MayPaw Heavy Duty Rope Dog Leash', 3, 522.5, 0),
	('23100108', 'I00004', 'Fresh Step LeightWeight Clumping Cat Litter', 1, 796.95, 0),
	('23100106', 'I00001', 'MayPaw Heavy Duty Rope Dog Leash', 2, 522.5, 0),
	('23100107', 'I00002', 'Taglory Rope Dog Leash', 1, 440, 0),
	('23100107', 'I00006', 'UniLeash', 1, 144, 0),
	('23100106', 'I0AE71', 'Test ITem 003', 3, 310, 0),
	('23101200', 'I32CCE', 'Test 0010', 5, 101, 0),
	('23101201', 'I7A986', 'TEST ITEM 004', 10, 1010, 0),
	('23101800', 'I00002', 'Taglory Rope Dog Leash', 1, 440, 0),
	('23101801', 'I00005', 'Nutri-Vet Bladder Control Supplement for Dogs', 1, 1140.15, 0),
	('23101802', 'I00006', 'UniLeash', 2, 144, 0),
	('23101803', 'I00002', 'Taglory Rope Dog Leash', 1, 440, 0),
	('23101804', 'I00003', 'Fresh Step Clumping Cat Litter', 1, 577.5, 0),
	('23101805', 'I00004', 'Fresh Step LeightWeight Clumping Cat Litter', 1, 796.95, 0),
	('23101808', 'I00001', 'MayPaw Heavy Duty Rope Dog Leash', 15, 522.5, 0),
	('23101809', 'IACBE3', 'Test Item 006', 5, 101, 0),
	('23102700', 'I00001', 'MayPaw Heavy Duty Rope Dog Leash', 5, 522.5, 0),
	('23102701', 'I00002', 'Taglory Rope Dog Leash', 5, 440, 0),
	('23102702', 'I00001', 'MayPaw Heavy Duty Rope Dog Leash', 5, 522.5, 0),
	('23102703', 'I00001', 'MayPaw Heavy Duty Rope Dog Leash', 5, 522.5, 0),
	('23102703', 'I00001', 'MayPaw Heavy Duty Rope Dog Leash', 5, 522.5, 0),
	('23102704', 'I00002', 'Taglory Rope Dog Leash', 5, 440, 0),
	('23102705', 'I00002', 'Taglory Rope Dog Leash', 5, 440, 0),
	('23102706', 'I00003', 'Fresh Step Clumping Cat Litter', 5, 577.5, 0),
	('23102707', 'I00003', 'Fresh Step Clumping Cat Litter', 1, 577.5, 0),
	('23102708', 'I00004', 'Fresh Step LeightWeight Clumping Cat Litter', 5, 796.95, 0),
	('23102709', 'I00002', 'Taglory Rope Dog Leash', 5, 440, 0),
	('23102710', 'I00002', 'Taglory Rope Dog Leash', 3, 440, 0),
	('23102711', 'I00005', 'Nutri-Vet Bladder Control Supplement for Dogs', 2, 1140.15, 0),
	('23102712', 'I00002', 'Taglory Rope Dog Leash', 5, 440, 0),
	('23102712', 'I00003', 'Fresh Step Clumping Cat Litter', 37, 577.5, 0),
	('23103007', 'I79FD7', 'Test Item (10g)', 5, 110, 0),
	('23103012', 'I00002', 'Taglory Rope Dog Leash (100mg)', 5, 440, 0),
	('23103012', 'I8EC1F', 'TESTA', 5, 110, 0),
	('23103013', 'I00002', 'Taglory Rope Dog Leash (100mg)', 1, 440, 0),
	('23103013', 'I2F75F', 'TESTB', 1, 120, 0),
	('23103014', 'I00002', 'Taglory Rope Dog Leash (100mg)', 1, 440, 0),
	('23103015', 'I00002', 'Taglory Rope Dog Leash (100mg)', 1, 440, 0),
	('23103016', 'I1aa81', 'Comedy (100mg)', 1, 242.42, 0),
	('23103018', 'I2F75F', 'TESTB', 7, 120, 0),
	('23103019', 'I0AE71', 'Test ITem 003 (100mg)', 3, 310, 0),
	('23103020', 'I00003', 'Fresh Step Clumping Cat Litter (100mg)', 5, 577.5, 0),
	('23103021', 'I3128E', 'Test Item (10mg)', 1, 1010, 0),
	('23103022', 'I79FD7', 'Test Item (10g)', 5, 110, 0),
	('23103023', 'I00002', 'Taglory Rope Dog Leash (100mg)', 5, 440, 0),
	('23103024', 'I00001', 'MayPaw Heavy Duty Rope Dog Leash (100mg)', 5, 522.5, 0),
	('23103025', 'I0AE71', 'Test ITem 003 (100mg)', 4, 310, 0),
	('23103026', 'I1aa81', 'Comedy (100mg)', 9, 242.42, 0),
	('23110100', 'Iaad08', 'Test Item', 5, 110, 0),
	('23110101', 'Iaad08', 'Test Item', 5, 110, 0),
	('23110101', 'IACBE3', 'Test Item 006 (100mg)', 5, 101, 0),
	('23110102', 'I8EC1F', 'TESTA', 1, 110, 0),
	('23110200', 'I1F3E7', '1000 (100mg)', 1, 200, 0),
	('23110200', 'I8EC1F', 'TESTA', 1, 110, 0),
	('23110201', 'I8EC1F', 'TESTA', 3, 110, 0),
	('23110202', 'I1F3E7', '1000 (100mg)', 4, 200, 0),
	('23110300', 'Iaad08', 'Test Item', 5, 110, 0),
	('23110301', 'I2b993', 'Kessoku Band (100mg)', 2, 240.8, 0),
	('23110301', 'I8EC1F', 'TESTA', 5, 110, 0),
	('23110400', 'Ia71e7', 'Kawaki wo ameku (100mg)', 2, 244.78, 0),
	('23110400', 'Iaad08', 'Test Item', 5, 110, 0),
	('23110401', 'IE273F', 'Cat Leash - Green (1m)', 2, 150, 0),
	('23110500', 'I00002', 'Taglory Rope Dog Leash (100mg)', 5, 440, 0),
	('23110501', 'I00002', 'Taglory Rope Dog Leash (100mg)', 5, 440, 0),
	('23110503', 'I00004', 'Fresh Step LeightWeight Clumping Cat Litter (100mg)', 3, 796.95, 0),
	('23110505', 'I00006', 'UniLeash (100mg)', 5, 144, 0),
	('23110505', 'I1F3E7', '1000 (100mg)', 1, 200, 0),
	('23110600', 'I00004', 'Fresh Step LeightWeight Clumping Cat Litter (100mg)', 1, 796.95, 0),
	('23111100', 'I1aa81', 'Comedy (100mg)', 1, 242.42, 0),
	('23111101', 'I1aa81', 'Comedy (100mg)', 1, 242.42, 0),
	('23111200', 'I0AE71', 'Test ITem 003 (100mg)', 1, 310, 0),
	('23111201', 'I00006', 'UniLeash (100mg)', 1, 144, 0),
	('23111202', 'I00006', 'UniLeash (100mg)', 5, 144, 0),
	('23111203', 'I00002', 'Taglory Rope Dog Leash (100mg)', 1, 440, 0),
	('23111205', 'I1aa81', 'Comedy (100mg)', 1, 242.42, 0),
	('23111206', 'I00005', 'Nutri-Vet Bladder Control Supplement for Dogs (100mg)', 1, 1140.15, 0),
	('23111207', 'I00006', 'UniLeash (100mg)', 1, 144, 0),
	('23111208', 'I00006', 'UniLeash (100mg)', 1, 144, 0),
	('23111209', 'I00006', 'UniLeash (100mg)', 3, 144, 0),
	('23111210', 'I00005', 'Nutri-Vet Bladder Control Supplement for Dogs (100mg)', 1, 1140.15, 0),
	('23111211', 'I00005', 'Nutri-Vet Bladder Control Supplement for Dogs (100mg)', 3, 1140.15, 0),
	('23111212', 'I1F3E7', '1000 (100mg)', 4, 200, 0),
	('23111400', 'I00006', 'UniLeash (100mg)', 2, 144, 0),
	('23111600', 'ICCEFE', 'Vitamins for Dog (5g)', 8, 110, 0),
	('23111603', 'I00002', 'Taglory Rope Dog Leash (100mg)', 1, 440, 0),
	('23111604', 'I00002', 'Taglory Rope Dog Leash (100mg)', 1, 440, 0),
	('23111700', 'I00006', 'UniLeash (100mg)', 5, 144, 0),
	('23111701', 'I00005', 'Nutri-Vet Bladder Control Supplement for Dogs (100mg)', 1, 1140.15, 0),
	('23111702', 'I00005', 'Nutri-Vet Bladder Control Supplement for Dogs (100mg)', 3, 1140.15, 0),
	('23111703', 'I00005', 'Nutri-Vet Bladder Control Supplement for Dogs (100mg)', 3, 1140.15, 0);

INSERT INTO `invoice_record` (`invoice_uid`, `Attendant_usn`, `client_name`, `Total_amount`, `payment_date`, `transaction_date`, `State`, `Date_transacted`, `process_type`, `Service_provider`) VALUES
	('08282302', 'aila', 'N/A', 1140.15, NULL, '2023-08-28', -1, NULL, 0, NULL),
	('08282303', 'aila', 'N/A', 577.5, NULL, '2023-08-28', 2, '2023-08-29', 0, NULL),
	('08292300', 'aila', 'N/A', 577.5, NULL, '2023-08-29', -1, NULL, 0, NULL),
	('08292301', 'aila', 'N/A', 577.5, NULL, '2023-08-29', 2, '2023-08-30', 0, NULL),
	('08292302', 'aila', 'Bud Tan', 500, NULL, '2023-08-29', 2, '2023-08-29', 0, NULL),
	('08292303', 'aila', 'Bud Tan', 900, NULL, '2023-08-29', -1, NULL, 0, NULL),
	('08292304', 'aila', 'Bud Tan', 500, NULL, '2023-08-29', 2, '2023-08-29', 0, NULL),
	('08292305', 'aila', 'Bud Tan', 500, NULL, '2023-08-29', 2, '2023-08-29', 0, NULL),
	('08292306', 'aila', 'Bud Tan', 1500, NULL, '2023-08-29', 2, '2023-08-29', 0, NULL),
	('08292307', 'aila', 'Bud Tan', 500, NULL, '2023-08-29', -1, NULL, 0, NULL),
	('08292308', 'aila', 'James V.', 500, NULL, '2023-08-29', 2, '2023-08-29', 0, NULL),
	('08292309', 'aila', 'Bud Tan', 500, NULL, '2023-08-29', -1, NULL, 0, NULL),
	('08292310', 'aila', 'Jose R.', 1700, NULL, '2023-08-29', 2, '2023-08-29', 0, NULL),
	('08302300', 'aila', 'James V.', 500, NULL, '2023-08-30', 2, '2023-08-30', 0, NULL),
	('08302301', 'aila', 'James V.', 1500, NULL, '2023-08-30', -1, NULL, 0, NULL),
	('08302302', 'aila', 'James V.', 3000, NULL, '2023-08-30', 2, '2023-08-30', 0, NULL),
	('08302303', 'aila', 'Bud Tan', 2100, NULL, '2023-08-30', 2, '2023-08-30', 0, NULL),
	('08302304', 'aila', 'James V.', 900, NULL, '2023-08-30', -1, NULL, 0, NULL),
	('08302305', 'aila', 'Bud Tan', 500, NULL, '2023-08-30', 2, '2023-08-30', 0, NULL),
	('08302306', 'aila', 'Bud Tan', 500, NULL, '2023-08-30', 2, '2023-08-30', 0, NULL),
	('08302307', 'aila', 'Bud Tan', 500, NULL, '2023-08-30', 2, '2023-08-30', 0, NULL),
	('08302308', 'aila', 'James V.', 500, NULL, '2023-08-30', -1, NULL, 0, NULL),
	('08302309', 'aila', 'James V.', 1000, NULL, '2023-08-30', -1, NULL, 0, NULL),
	('08302310', 'aila', 'James V.', 1000, NULL, '2023-08-30', -1, NULL, 0, NULL),
	('08302311', 'aila', 'James V.', 1500, NULL, '2023-08-30', -1, NULL, 0, NULL),
	('08302312', 'aila', 'James V.', 1000, NULL, '2023-08-30', -1, NULL, 0, NULL),
	('08302313', 'aila', 'James V.', 500, NULL, '2023-08-30', 2, '2023-08-30', 0, NULL),
	('08302314', 'aila', 'N/A', 577.5, NULL, '2023-08-30', 2, '2023-08-30', 0, NULL),
	('08302315', 'aila', 'N/A', 577.5, NULL, '2023-08-30', 2, '2023-08-30', 0, NULL),
	('08302316', 'admin', 'Christopher L.', 2310, NULL, '2023-08-30', 2, '2023-08-30', 0, NULL),
	('08302317', 'admin', 'N/A', 522.5, NULL, '2023-08-30', 2, '2023-08-30', 0, NULL),
	('08302318', 'admin', 'James V.', 1567.5, NULL, '2023-08-30', 2, '2023-08-30', 0, NULL),
	('08302319', 'admin', 'N/A', 522.5, NULL, '2023-08-30', 2, '2023-08-30', 0, NULL),
	('08302320', 'admin', 'N/A', 577.5, NULL, '2023-08-30', 2, '2023-08-30', 0, NULL),
	('08312300', 'admin', 'Bud Tan', 1567.5, NULL, '2023-08-31', 2, '2023-08-31', 0, NULL),
	('08312301', 'admin', 'N/A', 1045, NULL, '2023-08-31', 2, '2023-08-31', 0, NULL),
	('08312302', 'admin', 'N/A', 880, NULL, '2023-08-31', 2, '2023-08-31', 0, NULL),
	('08312303', 'admin', 'N/A', 1155, NULL, '2023-08-31', 2, '2023-08-31', 0, NULL),
	('08312304', 'admin', 'N/A', 522.5, NULL, '2023-08-31', 2, '2023-08-31', 0, NULL),
	('08312305', 'admin', 'N/A', 522.5, NULL, '2023-08-31', 2, '2023-08-31', 0, NULL),
	('08312306', 'admin', 'N/A', 1567.5, NULL, '2023-08-31', 2, '2023-08-31', 0, NULL),
	('08312307', 'admin', 'N/A', 522.5, NULL, '2023-08-31', 2, '2023-09-02', 0, NULL),
	('08312308', 'admin', 'N/A', 2390.85, NULL, '2023-08-31', 2, '2023-08-31', 0, NULL),
	('08312309', 'admin', 'N/A', 522.5, NULL, '2023-08-31', 2, '2023-08-31', 0, NULL),
	('08312310', 'admin', 'N/A', 1567.5, NULL, '2023-08-31', 2, '2023-08-31', 0, NULL),
	('08312311', 'admin', 'N/A', 1567.5, NULL, '2023-08-31', 2, '2023-08-31', 0, NULL),
	('09022300', 'admin', 'James V.', 2780.3, NULL, '2023-09-02', 2, '2023-09-02', 0, NULL),
	('09022301', 'admin', 'James V.', 1000, NULL, '2023-09-02', 2, '2023-09-03', 0, NULL),
	('09022302', 'admin', 'Davin F.', 2500, NULL, '2023-09-02', 2, '2023-09-03', 0, NULL),
	('09022303', 'admin', 'Bud Tan', 500, NULL, '2023-09-02', 2, '2023-09-02', 0, NULL),
	('09022304', 'admin', 'Jose R.', 1000, NULL, '2023-09-02', 2, '2023-09-03', 0, NULL),
	('09022305', 'admin', 'James V.', 500, NULL, '2023-09-02', 2, '2023-09-03', 0, NULL),
	('09022306', 'admin', 'Patrick Feniza', 500, NULL, '2023-09-02', 2, '2023-09-02', 0, NULL),
	('09032300', 'admin', 'Patrick Feniza', 500, NULL, '2023-09-03', 2, '2023-09-03', 0, NULL),
	('09032301', 'admin', 'Bud Tan', 500, NULL, '2023-09-03', 2, '2023-09-03', 0, NULL),
	('09032302', 'admin', 'Patrick Feniza', 500, NULL, '2023-09-03', 2, '2023-09-03', 0, NULL),
	('09032303', 'admin', 'Patrick Feniza', 2500, NULL, '2023-09-03', 2, '2023-09-03', 0, NULL),
	('09032304', 'admin', 'James V.', 3000, NULL, '2023-09-03', 2, '2023-09-03', 0, NULL),
	('09032305', 'admin', 'Davin F.', 4600, NULL, '2023-09-03', 2, '2023-09-03', 0, NULL),
	('09032306', 'admin', 'James V.', 2100, NULL, '2023-09-03', 2, '2023-09-03', 0, NULL),
	('09032307', 'admin', 'Patrick Feniza', 2000, NULL, '2023-09-03', 2, '2023-09-03', 0, NULL),
	('09032308', 'admin', 'Christopher L.', 2500, NULL, '2023-09-03', 2, '2023-09-03', 0, NULL),
	('09032309', 'admin', 'N/A', 2280.3, NULL, '2023-09-03', 2, '2023-09-03', 0, NULL),
	('09032310', 'admin', 'N/A', 2280.3, NULL, '2023-09-03', 2, '2023-09-03', 0, NULL),
	('09032311', 'admin', 'N/A', 288, NULL, '2023-09-03', 2, '2023-09-03', 0, NULL),
	('09032312', 'admin', 'Patrick Feniza', 500, NULL, '2023-09-03', 2, '2023-10-01', 0, NULL),
	('09032313', 'admin', 'Patrick Feniza', 1500, NULL, '2023-09-03', -1, NULL, 0, NULL),
	('09072300', 'admin', 'Patrick Feniza', 500, NULL, '2023-09-07', -1, NULL, 0, NULL),
	('09072301', 'admin', 'James Viñas', 4500, NULL, '2023-09-07', 2, '2023-09-07', 0, NULL),
	('09082300', 'admin', 'Budjette Tan', 500, NULL, '2023-09-08', 2, '2023-10-01', 0, NULL),
	('23092200', 'admin', 'N/A', 0, '2023-09-22 11:18:44', '2023-09-22', 2, '2023-10-17', 0, NULL),
	('23092900', 'admin', 'Davin Ferrancullo', 500, '2023-09-29 10:32:05', '2023-09-29', 2, '2023-09-29', 0, NULL),
	('23092901', 'admin', 'Patrick Feniza', 2200, '2023-09-29 10:37:18', '2023-09-29', 2, '2023-09-29', 0, NULL),
	('23092902', 'admin', 'N/A', 0, '2023-09-29 10:40:19', '2023-09-29', 2, '2023-09-29', 0, NULL),
	('23100100', 'admin', 'N/A', 0, '2023-10-01 18:40:43', '2023-10-01', 2, '2023-10-01', 0, NULL),
	('23100101', 'admin', 'N/A', 0, '2023-10-01 18:44:36', '2023-10-01', 2, '2023-10-01', 0, NULL),
	('23100102', 'admin', 'N/A', 0, '2023-10-01 18:49:08', '2023-10-01', 2, '2023-10-01', 0, NULL),
	('23100103', 'admin', 'N/A', 0, '2023-10-01 18:51:29', '2023-10-01', 2, '2023-10-01', 0, NULL),
	('23100104', 'admin', 'N/A', 0, '2023-10-01 18:53:39', '2023-10-01', 2, '2023-10-01', 0, NULL),
	('23100105', 'admin', 'N/A', 0, '2023-10-01 19:05:42', '2023-10-01', 2, '2023-10-17', 0, NULL),
	('23100106', 'admin', 'Davin Ferrancullo', 2475, '2023-10-01 19:09:08', '2023-10-01', 2, '2023-10-17', 0, NULL),
	('23100107', 'admin', 'N/A', 2151.5, '2023-10-11 08:04:19', '2023-10-01', 2, '2023-10-17', 0, NULL),
	('23100108', 'admin', 'N/A', 0, NULL, '2023-10-01', -1, NULL, 0, NULL),
	('23101200', 'admin', 'N/A', 505, '2023-10-12 10:12:36', '2023-10-12', 2, '2023-10-12', 0, NULL),
	('23101201', 'admin', 'N/A', 10100, '2023-10-12 10:23:41', '2023-10-12', 2, '2023-10-12', 0, NULL),
	('23101800', 'admin', 'Patrick Feniza', 440, '2023-10-18 00:01:03', '2023-10-18', 2, '2023-10-18', 0, NULL),
	('23101801', 'admin', 'Joze Rizal', 1140.15, '2023-10-18 00:13:17', '2023-10-18', 2, '2023-10-18', 0, NULL),
	('23101802', 'admin', 'James Viñas', 288, '2023-10-18 00:15:32', '2023-10-18', 2, '2023-10-27', 0, NULL),
	('23101803', 'admin', 'James Viñas', 440, '2023-10-18 00:17:14', '2023-10-18', 2, '2023-10-18', 0, NULL),
	('23101804', 'admin', 'James Rubiales', 577.5, '2023-10-18 00:43:47', '2023-10-18', 2, '2023-10-18', 0, NULL),
	('23101805', 'admin', 'Budjette Tan', 796.95, NULL, '2023-10-18', -1, NULL, 0, NULL),
	('23101806', 'admin', 'Joze Rizal', 500, '2023-10-27 10:28:33', '2023-10-18', 2, '2023-10-27', 0, NULL),
	('23101807', 'admin', 'Davin Ferrancullo', 1000, '2023-10-18 01:56:18', '2023-10-18', 2, '2023-10-18', 0, NULL),
	('23101808', 'admin', 'Joze Rizal', 7837.5, '2023-10-18 09:24:25', '2023-10-18', 2, '2023-10-18', 0, NULL),
	('23101809', 'admin', 'Joze Rizal', 505, '2023-10-18 09:25:38', '2023-10-18', 2, '2023-10-18', 0, NULL),
	('23102700', 'aila', 'Patrick Feniza', 2612.5, '2023-10-27 09:50:42', '2023-10-27', 2, '2023-10-27', 0, NULL),
	('23102701', 'aila', 'Joze Rizal', 2200, '2023-10-27 10:07:10', '2023-10-27', 2, '2023-10-27', 0, NULL),
	('23102702', 'aila', 'N/A', 2612.5, '2023-10-27 10:10:37', '2023-10-27', 2, '2023-10-27', 0, NULL),
	('23102703', 'aila', 'N/A', 2612.5, '2023-10-27 10:18:57', '2023-10-27', 2, '2023-10-27', 0, NULL),
	('23102704', 'aila', 'N/A', 2200, '2023-10-27 10:16:47', '2023-10-27', 2, '2023-10-27', 0, NULL),
	('23102705', 'aila', 'N/A', 2200, '2023-10-27 10:29:13', '2023-10-27', 2, '2023-10-27', 0, NULL),
	('23102706', 'aila', 'N/A', 2887.5, '2023-10-27 10:31:14', '2023-10-27', 2, '2023-10-27', 0, NULL),
	('23102707', 'aila', 'N/A', 577.5, '2023-10-27 10:32:29', '2023-10-27', 2, '2023-10-27', 0, NULL),
	('23102708', 'aila', 'N/A', 3984.75, '2023-10-27 10:34:03', '2023-10-27', 2, '2023-10-27', 0, NULL),
	('23102709', 'admin', 'N/A', 2200, '2023-10-27 10:41:08', '2023-10-27', 2, '2023-10-27', 0, NULL),
	('23102710', 'admin', 'Christopher Landas', 1320, '2023-10-27 10:49:46', '2023-10-27', 2, '2023-10-27', 0, NULL),
	('23102711', 'admin', 'Budjette Tan', 2280.3, '2023-10-27 10:55:24', '2023-10-27', 2, '2023-10-27', 0, NULL),
	('23102712', 'admin', 'James Viñas', 23567.5, '2023-10-27 12:23:18', '2023-10-27', 2, '2023-10-27', 0, NULL),
	('23103000', 'admin', 'N/A', 522.5, '2023-10-30 22:47:30', '2023-10-30', 2, '2023-10-30', 0, NULL),
	('23103001', 'admin', 'N/A', 940.95, '2023-10-30 22:48:00', '2023-10-30', 2, '2023-10-30', 0, NULL),
	('23103002', 'admin', 'N/A', 522.5, '2023-10-30 22:47:37', '2023-10-30', 2, '2023-10-30', 0, NULL),
	('23103003', 'admin', 'N/A', 440, '2023-10-30 22:47:56', '2023-10-30', 2, '2023-10-30', 0, NULL),
	('23103004', 'admin', 'N/A', 440, '2023-10-30 23:02:56', '2023-10-30', 2, '2023-10-30', 0, NULL),
	('23103005', 'admin', 'N/A', 440, '2023-10-30 22:47:14', '2023-10-30', 2, '2023-10-30', 0, NULL),
	('23103006', 'admin', 'N/A', 440, '2023-10-30 22:46:18', '2023-10-30', 2, '2023-10-30', 0, NULL),
	('23103007', 'admin', 'N/A', 550, '2023-10-30 20:48:19', '2023-10-30', 2, '2023-10-30', 0, NULL),
	('23103008', 'admin', 'N/A', 1100, '2023-10-30 22:45:26', '2023-10-30', 2, '2023-10-30', 0, NULL),
	('23103009', 'admin', 'N/A', 110, '2023-10-30 22:40:36', '2023-10-30', 2, '2023-10-30', 0, NULL),
	('23103010', 'admin', 'N/A', 1580.15, '2023-10-30 22:24:54', '2023-10-30', 2, '2023-10-30', 0, NULL),
	('23103011', 'admin', 'N/A', 254, '2023-10-30 22:19:35', '2023-10-30', 2, '2023-10-30', 0, NULL),
	('23103012', 'admin', 'N/A', 2750, '2023-10-30 21:10:16', '2023-10-30', 2, '2023-10-30', 0, NULL),
	('23103013', 'admin', 'N/A', 560, '2023-10-30 21:40:56', '2023-10-30', 2, '2023-10-30', 0, NULL),
	('23103014', 'admin', 'N/A', 440, '2023-10-30 22:41:30', '2023-10-30', 2, '2023-10-30', 0, NULL),
	('23103015', 'admin', 'N/A', 440, '2023-10-30 23:04:37', '2023-10-30', 2, '2023-10-30', 0, NULL),
	('23103016', 'admin', 'N/A', 242.42, '2023-10-30 23:09:01', '2023-10-30', 2, '2023-10-30', 0, NULL),
	('23103017', 'admin', 'N/A', 576, '2023-10-30 23:13:36', '2023-10-30', 2, '2023-10-30', 0, NULL),
	('23103018', 'admin', 'N/A', 840, '2023-10-30 23:19:25', '2023-10-30', 2, '2023-10-30', 0, NULL),
	('23103019', 'admin', 'N/A', 930, '2023-10-30 23:22:57', '2023-10-30', 2, '2023-10-30', 0, NULL),
	('23103020', 'admin', 'N/A', 2887.5, '2023-10-30 23:24:57', '2023-10-30', 2, '2023-10-30', 0, NULL),
	('23103021', 'admin', 'N/A', 1010, NULL, '2023-10-30', -1, NULL, 0, NULL),
	('23103022', 'admin', 'Joze Rizal', 550, '2023-10-30 23:26:39', '2023-10-30', 2, '2023-10-30', 0, NULL),
	('23103023', 'admin', 'Client Name', 2200, '2023-10-30 23:31:05', '2023-10-30', 2, '2023-10-30', 0, NULL),
	('23103024', 'admin', 'Client Name', 2612.5, '2023-10-30 23:42:24', '2023-10-30', 2, '2023-10-30', 0, NULL),
	('23103025', 'admin', 'Client Name', 1240, '2023-10-30 23:45:16', '2023-10-30', 2, '2023-10-30', 0, NULL),
	('23103026', 'admin', 'Client Name', 2181.78, '2023-10-30 23:54:04', '2023-10-30', 2, '2023-10-30', 0, NULL),
	('23110100', 'admin', 'James Viñas', 1270, '2023-11-01 13:02:51', '2023-11-01', 2, '2023-11-01', 0, NULL),
	('23110101', 'admin', 'James Viñas', 1055, '2023-11-01 13:06:26', '2023-11-01', 2, '2023-11-01', 0, NULL),
	('23110102', 'admin', 'Patrick Feniza', 254, '2023-11-01 21:07:42', '2023-11-01', 2, '2023-11-01', 0, NULL),
	('23110103', 'admin', 'Patrick Feniza', 500, '2023-11-12 19:54:08', '2023-11-01', 2, '2023-11-12', 1, NULL),
	('23110200', 'admin', 'Patrick Feniza', 310, '2023-11-02 00:01:49', '2023-11-02', 2, '2023-11-02', 0, NULL),
	('23110201', 'admin', 'Joze Rizal', 906, '2023-11-02 00:49:17', '2023-11-02', 2, '2023-11-02', 0, NULL),
	('23110202', 'admin', 'Client Name', 800, '2023-11-02 21:33:13', '2023-11-02', 2, '2023-11-02', 0, NULL),
	('23110300', 'admin', 'Davin Ferrancullo', 550, '2023-11-03 00:02:44', '2023-11-03', 2, '2023-11-03', 0, NULL),
	('23110301', 'admin', 'Client Name', 1031.6, '2023-11-03 00:26:41', '2023-11-03', 2, '2023-11-03', 0, NULL),
	('23110400', 'admin', 'Client Name', 1759.56, '2023-11-04 15:11:54', '2023-11-04', 2, '2023-11-04', 0, NULL),
	('23110401', 'admin', 'Client Name', 300, '2023-11-04 15:34:32', '2023-11-04', 2, '2023-11-04', 0, NULL),
	('23110500', 'admin', 'Client Name', 2200, '2023-11-05 01:10:49', '2023-11-05', 2, '2023-11-05', 0, NULL),
	('23110501', 'admin', 'Patrick Feniza', 2200, '2023-11-05 01:14:53', '2023-11-05', 2, '2023-11-05', 0, NULL),
	('23110502', 'admin', 'Patrick Feniza', 500, '2023-11-12 19:54:12', '2023-11-05', 2, '2023-11-12', 1, NULL),
	('23110503', 'admin', 'Client Name', 2390.85, '2023-11-05 15:29:06', '2023-11-05', 2, '2023-11-05', 0, NULL),
	('23110504', 'admin', 'Client Name', 598, '2023-11-05 19:00:58', '2023-11-05', 2, '2023-11-05', 0, NULL),
	('23110505', 'admin', 'Client Name', 920, '2023-11-05 19:24:47', '2023-11-05', 2, '2023-11-05', 0, NULL),
	('23110600', 'admin', 'Client Name', 796.95, '2023-11-06 00:23:53', '2023-11-06', 2, '2023-11-06', 0, NULL),
	('23111100', 'admin', 'Client Name', 242.42, '2023-11-11 12:20:25', '2023-11-11', 2, '2023-11-11', 0, NULL),
	('23111101', 'admin', 'Client Name', 242.42, '2023-11-11 12:26:01', '2023-11-11', 2, '2023-11-11', 0, NULL),
	('23111200', 'admin', 'Client Name', 310, '2023-11-12 13:33:25', '2023-11-12', 2, '2023-11-12', 0, NULL),
	('23111201', 'admin', 'Client Name', 144, '2023-11-12 13:49:16', '2023-11-12', 2, '2023-11-12', 0, NULL),
	('23111202', 'admin', 'Patrick Feniza', 720, '2023-11-12 18:11:47', '2023-11-12', 2, '2023-11-12', 0, NULL),
	('23111203', 'admin', 'James Viñas', 440, '2023-11-12 18:15:04', '2023-11-12', 2, '2023-11-12', 0, NULL),
	('23111204', 'admin', 'James Viñas', 2500, '2023-11-12 21:30:33', '2023-11-12', 2, '2023-11-16', 1, NULL),
	('23111205', 'admin', 'TEST12', 242.42, '2023-11-12 18:17:27', '2023-11-12', 2, '2023-11-12', 0, NULL),
	('23111206', 'admin', 'Budjette Tan', 1140.15, '2023-11-12 18:27:17', '2023-11-12', 2, '2023-11-12', 0, NULL),
	('23111207', 'admin', 'TEST12', 144, '2023-11-12 20:27:59', '2023-11-12', 2, '2023-11-12', 0, NULL),
	('23111208', 'admin', 'Client Name', 144, '2023-11-12 20:30:55', '2023-11-12', 2, '2023-11-12', 0, NULL),
	('23111209', 'admin', 'Joze Rizal', 432, '2023-11-12 20:41:13', '2023-11-12', 2, '2023-11-12', 0, NULL),
	('23111210', 'admin', 'Client Name', 1140.15, '2023-11-12 20:48:22', '2023-11-12', 2, '2023-11-12', 0, NULL),
	('23111211', 'admin', 'Client Name', 3420.45, '2023-11-12 21:03:11', '2023-11-12', 2, '2023-11-12', 0, NULL),
	('23111212', 'admin', 'TEST12', 800, '2023-11-12 21:15:02', '2023-11-12', 2, '2023-11-12', 0, NULL),
	('23111213', 'admin', 'James Viñas', 500, '2023-11-12 21:30:31', '2023-11-12', 2, '2023-11-12', 1, NULL),
	('23111400', 'admin', 'James Viñas', 288, '2023-11-14 11:12:19', '2023-11-14', 2, '2023-11-14', 0, NULL),
	('23111401', 'admin', 'James Viñas', 500, '2023-11-14 11:13:58', '2023-11-14', 2, '2023-11-14', 1, NULL),
	('23111600', 'admin', 'Chenny Dela Cruz', 880, '2023-11-16 12:08:42', '2023-11-16', 2, '2023-11-16', 0, NULL),
	('23111601', 'admin', 'Chenny Dela Cruz', 500, '2023-11-16 12:11:53', '2023-11-16', 2, '2023-11-16', 1, NULL),
	('23111602', 'admin', 'Budjette Tan', 800, '2023-11-17 11:06:27', '2023-11-16', 1, NULL, 1, 'Bob'),
	('23111603', 'admin', 'Bob Ong', 440, '2023-11-16 21:39:30', '2023-11-16', 2, '2023-11-16', 0, NULL),
	('23111604', 'admin', 'Joze Rizal', 440, '2023-11-16 22:09:47', '2023-11-16', 1, NULL, 0, NULL),
	('23111700', 'admin', 'Tan', 720, '2023-11-17 11:15:06', '2023-11-17', 2, '2023-11-17', 0, NULL),
	('23111701', 'admin', 'James Viñas', 1140.15, '2023-11-17 08:15:33', '2023-11-17', 2, '2023-11-17', 0, NULL),
	('23111702', 'admin', 'James Ekis', 3420.45, '2023-11-17 09:03:07', '2023-11-17', 2, '2023-11-17', 0, NULL),
	('23111703', 'admin', 'James Ekis', 3420.45, '2023-11-17 09:06:47', '2023-11-17', 2, '2023-11-17', 0, NULL),
	('23111704', 'admin', 'Budjette Tan', 500, '2023-11-17 11:07:00', '2023-11-17', 2, '2023-11-17', 1, 'Bob'),
	('P0b8cb', 'aila', 'James V.', 2100, NULL, '2023-08-26', -1, NULL, 0, NULL),
	('P0e4d2', 'aila', 'James V.', 500, NULL, '2023-08-20', 2, '2023-08-22', 0, NULL),
	('P0ebe4', 'aila', 'James V.', 2280.3, NULL, '2023-08-26', 2, '2023-08-26', 0, NULL),
	('P14b84', 'aila', 'Jose R.', 0, NULL, '2023-08-26', 2, '2023-08-30', 0, NULL),
	('P15921', 'aila', 'N/A', 1760, NULL, '2023-08-23', 2, '2023-08-23', 0, NULL),
	('P1d58d', 'aila', 'James V.', 500, NULL, '2023-08-19', 2, '2023-08-20', 0, NULL),
	('P22b46', 'aila', 'N/A', 2200, NULL, '2023-08-20', 2, '2023-08-22', 0, NULL),
	('P2792b', 'aila', 'N/A', 440, NULL, '2023-08-22', 2, '2023-08-22', 0, NULL),
	('P2cc66', 'aila', 'N/A', 2171.4, NULL, '2023-08-28', 2, '2023-08-28', 0, NULL),
	('P2e8cf', 'aila', 'N/A', 440, NULL, '2023-08-19', 2, '2023-08-22', 0, NULL),
	('P31f82', 'aila', 'N/A', 0, NULL, '2023-08-28', -1, NULL, 0, NULL),
	('P3d236', 'aila', 'Davin F.', 500, NULL, '2023-08-19', 2, '2023-08-22', 0, NULL),
	('P4e070', 'aila', 'N/A', 440, NULL, '2023-08-22', 2, '2023-08-22', 0, NULL),
	('P5a62c', 'aila', 'Davin F.', 500, NULL, '2023-08-28', 2, '2023-08-29', 0, NULL),
	('P5d98a', 'aila', 'N/A', 1320, NULL, '2023-08-22', 2, '2023-08-22', 0, NULL),
	('P660f0', 'aila', 'N/A', 880, NULL, '2023-08-20', 2, '2023-08-20', 0, NULL),
	('P6848e', 'aila', 'James V.', 2100, NULL, '2023-08-26', -1, NULL, 0, NULL),
	('P6953f', 'aila', 'James V.', 1380, NULL, '2023-08-20', 2, '2023-08-20', 0, NULL),
	('P69823', 'aila', 'N/A', 440, NULL, '2023-08-22', 2, '2023-08-22', 0, NULL),
	('P956ee', 'aila', 'N/A', 440, NULL, '2023-08-19', 2, '2023-08-22', 0, NULL),
	('P9754c', 'aila', 'N/A', 1320, NULL, '2023-08-22', 2, '2023-08-22', 0, NULL),
	('Pc0aa9', 'aila', 'James V.', 1500, NULL, '2023-08-20', 2, '2023-08-20', 0, NULL),
	('Pc7cae', 'aila', 'Jose R.', 0, NULL, '2023-08-26', 2, '2023-08-28', 0, NULL),
	('Pc9c14', 'aila', 'N/A', 440, NULL, '2023-08-19', 2, '2023-08-22', 0, NULL),
	('Pd260b', 'aila', 'N/A', 2310, NULL, '2023-08-23', 2, '2023-08-28', 0, NULL),
	('Pe327c', 'aila', 'Jose R.', 440, NULL, '2023-08-23', 2, '2023-08-23', 0, NULL),
	('Pec804', 'aila', 'Christopher L.', 440, NULL, '2023-08-23', -1, NULL, 0, NULL),
	('Pf6e9c', 'aila', 'N/A', 796.95, NULL, '2023-08-23', 2, '2023-08-23', 0, NULL);

-- Dumping data for table ssi_merged.invoice_service_content: ~65 rows (approximately)
INSERT INTO `invoice_service_content` (`invoice_uid`, `service_uid`, `service_name`, `pet_uid`, `patient_name`, `scheduled_date`, `price`, `deduction`, `end_schedule`, `multiple_sched_quan`, `instance_of_mul_sched`) VALUES
	('P1d58d', 'S00001', 'Grooming', 'P1ec18', 'Brutus', '2023-08-19', 500, 0, NULL, NULL, NULL),
	('P3d236', 'S00001', 'Grooming', 'P536ec', 'Clarence', '2023-08-19', 500, 0, NULL, NULL, NULL),
	('P6953f', 'S00001', 'Grooming', 'P1ec18', 'Brutus', '2023-08-20', 500, 0, NULL, NULL, NULL),
	('P0e4d2', 'S00001', 'Grooming', 'P1ec18', 'Brutus', '2023-08-20', 500, 0, NULL, NULL, NULL),
	('Pc0aa9', 'S00002', '5-in-1 Vaccine', 'P1ec18', 'Brutus', '2023-08-20', 1500, 0, NULL, NULL, NULL),
	('P5a62c', 'S00001', 'Grooming', '143436', 'Gabi', '2023-08-28', 500, 0, NULL, NULL, NULL),
	('08292302', 'S00001', 'Grooming', '012633', 'Bantay', '2023-08-29', 500, 0, NULL, NULL, NULL),
	('08292304', 'S00001', 'Grooming', '012633', 'Bantay', '2023-08-29', 500, 0, NULL, NULL, NULL),
	('08292305', 'S00001', 'Grooming', '012633', 'Bantay', '2023-08-29', 500, 0, NULL, NULL, NULL),
	('08292306', 'S00002', '5-in-1 Vaccine', '012633', 'Bantay', '2023-08-29', 1500, 0, NULL, NULL, NULL),
	('08292308', 'S00001', 'Grooming', '015659', 'Ruko', '2023-08-29', 500, 0, NULL, NULL, NULL),
	('08292309', 'S00001', 'Grooming', '012633', 'Bantay', '2023-08-31', 500, 0, NULL, NULL, NULL),
	('08292310', 'S00005', 'Canine Castration Surgery', 'P482dc', 'Whitey', '2023-08-30', 1700, 0, NULL, NULL, NULL),
	('08302300', 'S00001', 'Grooming', '015659', 'Ruko', '2023-08-31', 500, 0, NULL, NULL, NULL),
	('08302302', 'S00002', '5-in-1 Vaccine', '015659', 'Ruko', '2023-09-08', 1500, 0, NULL, NULL, NULL),
	('08302302', 'S00002', '5-in-1 Vaccine', 'P1ec18', 'Brutus', '2023-09-09', 1500, 0, NULL, NULL, NULL),
	('08302303', 'S00004', 'Yeast Infection Treatment', '012633', 'Bantay', '2023-08-31', 2100, 0, NULL, NULL, NULL),
	('08302306', 'S00001', 'Grooming', '012633', 'Bantay', '2023-08-31', 500, 0, NULL, NULL, NULL),
	('08302307', 'S00001', 'Grooming', '012633', 'Bantay', '2023-08-30', 500, 0, NULL, NULL, NULL),
	('08302308', 'S00001', 'Grooming', '015659', 'Ruko', '2023-08-30', 500, 0, NULL, NULL, NULL),
	('08302308', 'S00001', 'Grooming', 'P1ec18', 'Brutus', '2023-08-31', 500, 0, NULL, NULL, NULL),
	('08302309', 'S00001', 'Grooming', '015659', 'Ruko', '2023-08-31', 500, 0, NULL, NULL, NULL),
	('08302309', 'S00001', 'Grooming', 'P1ec18', 'Brutus', '2023-08-31', 500, 0, NULL, NULL, NULL),
	('08302310', 'S00001', 'Grooming', '015659', 'Ruko', '2023-08-31', 500, 0, NULL, NULL, NULL),
	('08302310', 'S00001', 'Grooming', 'P1ec18', 'Brutus', '2023-09-28', 500, 0, NULL, NULL, NULL),
	('08302311', 'S00002', '5-in-1 Vaccine', '015659', 'Ruko', '2023-09-28', 1500, 0, NULL, NULL, NULL),
	('08302311', 'S00002', '5-in-1 Vaccine', 'P1ec18', 'Brutus', '2023-08-31', 1500, 0, NULL, NULL, NULL),
	('08302312', 'S00001', 'Grooming', '015659', 'Ruko', '2023-08-30', 500, 0, NULL, NULL, NULL),
	('08302312', 'S00001', 'Grooming', 'P1ec18', 'Brutus', '2023-09-28', 500, 0, NULL, NULL, NULL),
	('08302313', 'S00001', 'Grooming', '015659', 'Ruko', '2023-08-31', 500, 0, NULL, NULL, NULL),
	('09022300', 'S00001', 'Grooming', 'P1ec18', 'Brutus', '2023-09-02', 500, 0, NULL, NULL, NULL),
	('09022301', 'S00001', 'Grooming', '015659', 'Ruko', '2023-09-02', 500, 0, NULL, NULL, NULL),
	('09022301', 'S00001', 'Grooming', 'P1ec18', 'Brutus', '2023-09-02', 500, 0, NULL, NULL, NULL),
	('09022302', 'S00003', 'Papiloma Vaccine', '143436', 'Gabi', '2023-09-02', 2500, 0, NULL, NULL, NULL),
	('09022303', 'S00001', 'Grooming', '012633', 'Bantay', '2023-09-02', 500, 0, NULL, NULL, NULL),
	('09022304', 'S00001', 'Grooming', 'P6b73f', 'Browny', '2023-09-02', 500, 0, NULL, NULL, NULL),
	('09022304', 'S00001', 'Grooming', 'P482dc', 'Whitey', '2023-09-08', 500, 0, NULL, NULL, NULL),
	('09022305', 'S00001', 'Grooming', '015659', 'Ruko', '2023-09-03', 500, 0, NULL, NULL, NULL),
	('09022306', 'S00001', 'Grooming', '234905', 'TJ', '2023-09-02', 500, 0, NULL, NULL, NULL),
	('09032300', 'S00001', 'Grooming', '234905', 'TJ', '2023-09-03', 500, 0, NULL, NULL, NULL),
	('09032301', 'S00001', 'Grooming', '012633', 'Bantay', '2023-09-03', 500, 0, NULL, NULL, NULL),
	('09032302', 'S00001', 'Grooming', '001431', 'Muning', '2023-09-03', 500, 0, NULL, NULL, NULL),
	('09032303', 'S00003', 'Papiloma Vaccine', '001431', 'Muning', '2023-09-03', 2500, 0, NULL, NULL, NULL),
	('09032304', 'S00001', 'Grooming', '015659', 'Ruko', '2023-09-03', 500, 0, NULL, NULL, NULL),
	('09032304', 'S00003', 'Papiloma Vaccine', '015659', 'Ruko', '2023-09-03', 2500, 0, NULL, NULL, NULL),
	('09032305', 'S00004', 'Yeast Infection Treatment', 'P536ec', 'Clarence', '2023-09-03', 2100, 0, NULL, NULL, NULL),
	('09032305', 'S00003', 'Papiloma Vaccine', 'P536ec', 'Clarence', '2023-09-03', 2500, 0, NULL, NULL, NULL),
	('09032306', 'S00004', 'Yeast Infection Treatment', '234729', 'Miru', '2023-09-03', 2100, 0, NULL, NULL, NULL),
	('09032307', 'S00001', 'Grooming', '234905', 'TJ', '2023-09-03', 500, 0, NULL, NULL, NULL),
	('09032307', 'S00002', '5-in-1 Vaccine', '234905', 'TJ', '2023-09-03', 1500, 0, NULL, NULL, NULL),
	('09032308', 'S00003', 'Papiloma Vaccine', 'Pb6c0b', 'Luna', '2023-09-03', 2500, 0, NULL, NULL, NULL),
	('09032312', 'S00001', 'Grooming', '001431', 'Muning', '2023-09-03', 500, 0, NULL, NULL, NULL),
	('09032313', 'S00002', '5-in-1 Vaccine', '234905', 'TJ', '2023-09-03', 1500, 0, NULL, NULL, NULL),
	('09072300', 'S00001', 'Grooming', '001431', 'Muning', '2023-09-07', 500, 0, NULL, NULL, NULL),
	('09072301', 'S00002', '5-in-1 Vaccine', '015659', 'Ruko', '2023-09-07', 1500, 0, NULL, NULL, NULL),
	('09072301', 'S00002', '5-in-1 Vaccine', 'P1ec18', 'Brutus', '2023-09-07', 1500, 0, NULL, NULL, NULL),
	('09072301', 'S00002', '5-in-1 Vaccine', '015659', 'Ruko', '2023-09-07', 1500, 0, NULL, NULL, NULL),
	('09082300', 'S00001', 'Grooming', '012633', 'Bantay', '2023-09-08', 500, 0, NULL, NULL, NULL),
	('23092900', 'S00001', 'Grooming', '143436', 'Gabi', '2023-09-29', 500, 0, NULL, NULL, NULL),
	('23092901', 'S00001', 'Grooming', '001431', 'Muning', '2023-09-29', 500, 0, NULL, NULL, NULL),
	('23092901', 'S00005', 'Canine Castration Surgery', '001431', 'Muning', '2023-09-29', 1700, 0, NULL, NULL, NULL),
	('23100106', 'S00001', 'Grooming', 'P536ec', 'Clarence', '2023-10-05', 500, 0, NULL, NULL, NULL),
	('23101806', 'S00001', 'Grooming', 'P482dc', 'Whitey', '2023-10-18', 500, 0, NULL, NULL, NULL),
	('23101807', 'S00001', 'Grooming', '143436', 'Gabi', '2023-10-18', 500, 0, NULL, NULL, NULL),
	('23101807', 'S00001', 'Grooming', 'P536ec', 'Clarence', '2023-10-18', 500, 0, NULL, NULL, NULL),
	('23110103', 'S00001', 'Grooming', '001431', 'Muning', '2023-11-01', 500, 0, NULL, NULL, NULL),
	('23110502', 'S00001', 'Grooming', '001431', 'Muning', '2023-11-05', 500, 0, NULL, NULL, NULL),
	('23111204', 'S00003', 'Papiloma Vaccine', '015659', 'Test', '2023-11-17', 2500, 0, NULL, NULL, NULL),
	('23111213', 'S00001', 'Grooming', 'P1ec18', 'Brutus', '2023-11-12', 500, 0, NULL, NULL, NULL),
	('23111401', 'S00001', 'Grooming', '234729', 'Miru', '2023-11-14', 500, 0, NULL, NULL, NULL),
	('23111601', 'S00001', 'Grooming', 'PFABB1', 'George', '2023-11-16', 500, 0, NULL, NULL, NULL),
	('23111602', 'S00006', 'Confinement', '012633', 'Bantay', '2023-11-16', 800, 0, '2023-11-19', NULL, NULL),
	('23111704', 'S00001', 'Grooming', '012633', 'Bantay', '2023-11-17', 500, 0, NULL, NULL, NULL);

INSERT INTO `item_general_info` (`UID`, `name`, `Category`, `brand`, `unit`, `added_by`, `added_date`, `updated_by`, `updated_date`) VALUES
	('I00001', 'MayPaw Heavy Duty Rope Dog Leash', 'Accessories', 'TEST', '100mg', 'admin', '2023-10-22 10:07:46', NULL, NULL),
	('I00002', 'Taglory Rope Dog Leash', 'Accessories', 'TEST', '100mg', 'admin', '2023-10-22 10:07:46', NULL, NULL),
	('I00003', 'Fresh Step Clumping Cat Litter', 'Accessories', 'TEST', '100mg', 'admin', '2023-10-22 10:07:46', NULL, NULL),
	('I00004', 'Fresh Step LeightWeight Clumping Cat Litter', 'Accessories', 'TEST', '100mg', 'admin', '2023-10-22 10:07:46', NULL, NULL),
	('I00005', 'Nutri-Vet Bladder Control Supplement for Dogs', 'Medicine', 'TEST', '100mg', 'admin', '2023-10-22 10:07:46', NULL, NULL),
	('I00006', 'UniLeash', 'Accessories', 'TEST', '100mg', 'admin', '2023-10-22 10:07:46', NULL, NULL),
	('I00007', 'Amoxiccilin Paracetamol 250mg', 'Medicine', 'TEST', '100mg', 'admin', '2023-10-22 10:07:46', NULL, NULL),
	('I0AE71', 'Test ITem 003', 'Accessories', 'TEST', '100mg', 'admin', '2023-10-22 10:07:46', NULL, NULL),
	('I10fdf', 'Test', 'Accessories', 'TEST', '100mg', 'admin', '2023-10-22 10:07:46', NULL, NULL),
	('I1aa81', 'Comedy', 'Accessories', 'TEST', '100mg', 'admin', '2023-10-22 10:07:46', NULL, NULL),
	('I1F3E7', '1000', 'Accessories', 'TEST', '100mg', 'admin', '2023-10-22 16:49:04', NULL, NULL),
	('I2b993', 'Kessoku Band', 'Accessories', 'TEST', '100mg', 'admin', '2023-10-22 10:07:46', NULL, NULL),
	('I2F75F', 'TESTB', 'Accessories', 'TEST', NULL, 'admin', '2023-10-22 17:19:53', NULL, NULL),
	('I3128E', 'Test Item', 'Accessories', 'TEST', '10mg', 'admin', '2023-10-23 10:15:16', NULL, NULL),
	('I32CCE', 'Test 0010', 'Accessories', 'TEST', '100mg', 'admin', '2023-10-22 10:07:46', NULL, NULL),
	('I39DC8', 'Test Item 002', 'Accessories', 'TEST', '100mg', 'admin', '2023-10-22 10:07:46', NULL, NULL),
	('I65B51', 'Medicine-ABC', 'Medicine', 'TEST', '10g', 'admin', '2023-10-22 10:07:46', NULL, NULL),
	('I79FD7', 'Test Item', 'Accessories', 'TEST', '10g', 'admin', '2023-10-22 18:53:33', NULL, NULL),
	('I7A986', 'TEST ITEM 004', 'Accessories', 'TEST', '100mg', 'admin', '2023-10-22 10:07:46', NULL, NULL),
	('I7E29F', 'Medicine-B', 'Medicine', 'TEST', '100mg', 'admin', '2023-10-22 10:07:46', NULL, NULL),
	('I8E72C', 'TEST1001', 'Accessories', 'TEST', '10mg', 'admin', '2023-11-11 11:14:47', NULL, NULL),
	('I8EC1F', 'TESTA', 'Accessories', 'TEST', NULL, 'admin', '2023-10-22 17:13:40', NULL, NULL),
	('Ia71e7', 'Kawaki wo ameku', 'Accessories', 'DONG-A', '100mg', 'admin', '2023-10-22 10:07:46', NULL, NULL),
	('Iaad08', 'Test Item', 'Accessories', 'TEST', NULL, 'admin', '2023-10-22 10:07:46', NULL, NULL),
	('IACBE3', 'Test Item 006', 'Test003', 'TEST', '100mg', 'admin', '2023-10-22 10:07:46', NULL, NULL),
	('IAEF95', 'Supplement for Cat', 'Accessories', 'VetPlus', '10mg', 'admin', '2023-11-12 17:25:37', NULL, NULL),
	('ICCEFE', 'Vitamins for Dog', 'Medicine', 'MediCare', '5g', 'admin', '2023-11-16 12:03:33', NULL, NULL),
	('ICDD5B', 'Milcu', 'Accessories', 'DONG-A', '50mL', 'admin', '2023-11-07 14:19:36', NULL, NULL),
	('ID121A', 'Cat Nips', 'Accessories', 'TEST', '100mg', 'admin', '2023-10-22 10:07:46', NULL, NULL),
	('ID6662', 'Vitamins for Dogs', 'Accessories', 'MediCare', '10mg', 'admin', '2023-11-12 17:24:40', NULL, NULL),
	('IE273F', 'Cat Leash - Green', 'Accessories', 'ERGE', '1m', 'admin', '2023-11-03 23:23:07', NULL, NULL),
	('IED7B0', 'UNIT TEST', 'Accessories', 'TEST', '100mg', 'admin', '2023-10-22 16:54:42', NULL, NULL),
	('IFF357', 'Test Item 005', 'Accessories', 'TEST', '100mg', 'admin', '2023-10-22 10:07:46', NULL, NULL);

INSERT INTO `item_inventory_info` (`id`, `UID`, `Stock`, `Expiry_Date`, `state`, `added_date`) VALUES
	(56, 'I00002', 39, NULL, 1, '2023-10-29'),
	(58, 'I00004', 39, NULL, 1, '2023-10-29'),
	(59, 'I00005', 132, '2023-10-26', -1, '2023-10-29'),
	(60, 'I00005', 43, '2023-08-31', -1, '2023-10-29'),
	(61, 'I00006', 158, NULL, 1, '2023-10-29'),
	(64, 'I00005', 20, NULL, 1, '2023-10-29'),
	(65, 'I00001', 0, NULL, 1, '2023-10-29'),
	(66, 'I00003', 0, NULL, 1, '2023-10-29'),
	(67, 'I00005', 0, '2023-09-28', -1, '2023-10-29'),
	(68, 'I00004', 5, NULL, 1, '2023-10-29'),
	(69, 'I00004', 3, NULL, 1, '2023-10-29'),
	(70, 'I00004', 3, NULL, 1, '2023-10-29'),
	(71, 'I00002', 34, NULL, 1, '2023-10-29'),
	(72, 'I1aa81', 152, NULL, 1, '2023-10-29'),
	(73, 'Ia71e7', 107, NULL, 1, '2023-10-29'),
	(74, 'I2b993', 1, NULL, 1, '2023-10-29'),
	(75, 'Iaad08', 71, NULL, 1, '2023-10-29'),
	(76, 'I39DC8', 20, NULL, 1, '2023-10-29'),
	(77, 'I0AE71', 38, NULL, 1, '2023-10-29'),
	(78, 'I7A986', 9, NULL, 1, '2023-10-29'),
	(79, 'IFF357', 30, NULL, 1, '2023-10-29'),
	(80, 'IACBE3', 8, NULL, 1, '2023-10-29'),
	(81, 'I00005', 48, '2023-10-08', -1, '2023-10-29'),
	(82, 'I00005', 28, '2023-10-30', -1, '2023-10-29'),
	(83, 'ICDD5B', 8, '2023-10-30', -1, '2023-10-29'),
	(84, 'I32CCE', 10, NULL, 1, '2023-10-29'),
	(85, 'I00005', 8, '2023-10-20', -1, '2023-10-29'),
	(86, 'I00005', 3, '2023-10-15', -1, '2023-10-29'),
	(87, 'I00005', 19, '2023-10-27', -1, '2023-10-29'),
	(88, 'I00005', 5, '2023-10-29', -1, '2023-10-29'),
	(89, 'I00005', 0, '2023-10-19', -1, '2023-10-29'),
	(90, 'I00005', 0, '2023-11-22', 1, '2023-10-29'),
	(91, 'I00005', 0, '2023-11-03', -1, '2023-10-29'),
	(92, 'I00005', 13, '2023-12-31', 1, '2023-10-29'),
	(93, 'I00005', 3, '2023-11-04', -1, '2023-10-29'),
	(94, 'ID121A', 10, NULL, 1, '2023-10-29'),
	(95, 'I65B51', 100, '2023-10-17', -1, '2023-10-29'),
	(96, 'I7E29F', 100, '2023-10-31', -1, '2023-10-29'),
	(98, 'IED7B0', 5, NULL, 1, '2023-10-29'),
	(99, 'I8EC1F', 0, NULL, 1, '2023-10-29'),
	(100, 'I2F75F', 0, NULL, 1, '2023-10-29'),
	(101, 'I79FD7', 0, NULL, 1, '2023-10-29'),
	(102, 'I3128E', 0, NULL, 1, '2023-10-29'),
	(103, 'I1F3E7', 0, NULL, 1, '2023-10-29'),
	(104, 'IE273F', 7, NULL, 1, '2023-11-03'),
	(105, 'ICDD5B', 10, NULL, 1, '2023-11-07'),
	(106, 'I2F75F', 0, NULL, 1, '2023-11-07'),
	(108, 'ID121A', 1, NULL, 1, '2023-11-10'),
	(109, 'I8E72C', 10, NULL, 1, '2023-11-11'),
	(110, 'ID6662', 50, NULL, 1, '2023-11-12'),
	(111, 'IAEF95', 20, NULL, 1, '2023-11-12'),
	(112, 'ICCEFE', 0, '2023-11-16', 1, '2023-11-16'),
	(113, 'I1F3E7', 5, NULL, 1, '2023-11-17');

INSERT INTO `item_settings` (`UID`, `Cost_Price`, `Markup_Factor`, `Reorder_factor`, `Crit_factor`, `Safe_stock`, `rate_mode`) VALUES
	('I00001', 475, 0.1, 0.85, 0.5, 50, 5),
	('I00002', 400, 0.1, 0.85, 0.5, 50, 5),
	('I00003', 525, 0.1, 0.85, 0.5, 25, 5),
	('I00004', 724.5, 0.1, 0.85, 0.5, 25, 5),
	('I00005', 1036.5, 0.1, 0.85, 0.5, 85, 5),
	('I00006', 120, 0.2, 0.75, 0.5, 15, 5),
	('I0AE71', 100, 2.1, 0.85, 0.5, 10, 5),
	('I10fdf', 100, 0, 0.85, 0.5, 50, 5),
	('I1aa81', 123, 0.9709, 0.85, 0.5, 8, 5),
	('I1F3E7', 100, 1, 0.85, 0.5, 10, 5),
	('I2b993', 121, 0.9901, 0.85, 0.5, 5, 5),
	('I2F75F', 100, 0.2, 0.85, 0.5, 8, 5),
	('I3128E', 1000, 0.01, 0.85, 0.5, 1, 5),
	('I32CCE', 100, 0.01, 0.85, 0.5, 5, 5),
	('I39DC8', 100, 0.1, 0.85, 0.5, 10, 5),
	('I65B51', 100, 0.1, 0.85, 0.5, 100, 5),
	('I79FD7', 100, 0.1, 0.85, 0.5, 10, 5),
	('I7A986', 1000, 0.01, 0.85, 0.5, 10, 5),
	('I7E29F', 250, 0.25, 0.85, 0.5, 100, 5),
	('I8E72C', 100, 0.1, 0.85, 0.5, 10, 0),
	('I8EC1F', 100, 0.1, 0.85, 0.5, 10, 5),
	('Ia71e7', 123, 0.9901, 0.85, 0.5, 55, 5),
	('Iaad08', 100, 0.1, 0.85, 0.5, 100, 5),
	('IACBE3', 100, 0.01, 0.85, 0.5, 10, 5),
	('IAEF95', 100, 0.5, 0.85, 0.5, 20, 0),
	('ICCEFE', 100, 0.1, 0.85, 0.5, 8, 0),
	('ICDD5B', 150, 0.1, 0.85, 0.5, 10, 5),
	('ID121A', 110, 0.1, 0.85, 0.5, 10, 5),
	('ID6662', 200, 0.2, 0.85, 0.5, 50, 0),
	('IE273F', 100, 0.5, 0.85, 0.5, 10, 5),
	('IED7B0', 100, 1, 0.85, 0.5, 5, 5),
	('IFF357', 100, 0.1, 0.85, 0.5, 10, 5);

INSERT INTO `item_statistic_info` (`UID`, `month`, `monthly_average`, `rate_symbol`) VALUES
	('I8E72C', 11, 0, 'm'),
	('I00007', 11, 0, 'm'),
	('I2b993', 11, 0, 'm'),
	('ICDD5B', 11, 0, 'm'),
	('I1F3E7', 11, 0, 'm'),
	('IE273F', 11, 0, 'm'),
	('ID121A', 11, 0, 'm'),
	('I1aa81', 11, 0, 'm'),
	('I00003', 11, 0, 'm'),
	('I00004', 11, 0, 'm'),
	('Ia71e7', 11, 0, 'm'),
	('I2b993', 11, 0, 'm'),
	('I00001', 11, 0, 'm'),
	('I65B51', 11, 0, 'm'),
	('I7E29F', 11, 0, 'm'),
	('I00005', 11, 0, 'm'),
	('ICDD5B', 11, 0, 'm'),
	('I8E72C', 11, 0, 'm'),
	('I8EC1F', 11, 0, 'm'),
	('I2F75F', 11, 0, 'm'),
	('I79FD7', 11, 0, 'm'),
	('I3128E', 11, 0, 'm'),
	('I7A986', 11, 0, 'm'),
	('I79FD7', 11, 0, 'm'),
	('ID6662', 11, 0, 'm'),
	('IAEF95', 11, 0, 'm'),
	('I00006', 11, 0, 'm'),
	('IACBE3', 11, 0, 'm'),
	('Iaad08', 11, 0, 'm'),
	('I1F3E7', 11, 0, 'm'),
	('ICCEFE', 11, 0, 'm');

INSERT INTO `item_supplier_info` (`UID`, `supp_id`) VALUES
	('I0AE71', 'SU000001'),
	('I1F3E7', 'SU000001'),
	('I2F75F', 'SU000001'),
	('I32CCE', 'SU000001'),
	('I39DC8', 'SU000001'),
	('I79FD7', 'SU000001'),
	('I8EC1F', 'SU000001'),
	('IACBE3', 'SU000001'),
	('IAEF95', 'SU000001'),
	('ICDD5B', 'SU000001'),
	('ID121A', 'SU000001'),
	('ID6662', 'SU000001'),
	('IED7B0', 'SU000001'),
	('IFF357', 'SU000001'),
	('I7A986', 'SU000002'),
	('IE273F', 'SU000002'),
	('I00003', 'SU000003'),
	('I1aa81', 'SU000003'),
	('I00001', 'SU000004'),
	('I00002', 'SU000004'),
	('I00004', 'SU000004'),
	('I00005', 'SU000004'),
	('I00006', 'SU000004'),
	('I10fdf', 'SU000004'),
	('I2b993', 'SU000004'),
	('ICCEFE', 'SU000004'),
	('I00007', 'SU000005'),
	('I8E72C', 'SU000005'),
	('Ia71e7', 'SU000005'),
	('Iaad08', 'SU000005'),
	('I3128E', 'SU000008'),
	('I7E29F', 'SU000008'),
	('I65B51', 'SU000009');

INSERT INTO `item_transaction_content` (`transaction_uid`, `Item_uid`, `item_name`, `quantity`, `price`, `deduction`, `state`) VALUES
	('0', 'I00001', 'MayPaw Heavy Duty Rope Dog Leash', 2, 522.5, 0, 1),
	('2', 'I00002', 'Taglory Rope Dog Leash', 1, 440, 0, 1),
	('3', 'I00005', 'Nutri-Vet Bladder Control Supplement for Dogs', 3, 1140.15, 0, 1),
	('6', 'I00004', 'Fresh Step LeightWeight Clumping Cat Litter', 4, 796.95, 0, 1),
	('8', 'I00004', 'Fresh Step LeightWeight Clumping Cat Litter', 2, 796.95, 0, 1),
	('9', 'I00006', 'UniLeash', 1, 144, 0, 1),
	('11', 'I00002', 'Taglory Rope Dog Leash', 1, 440, 0, 1),
	('14', 'I00002', 'Taglory Rope Dog Leash', 3, 440, 0, 1),
	('15', 'I00002', 'Taglory Rope Dog Leash', 2, 440, 0, 1),
	('16', 'I00002', 'Taglory Rope Dog Leash', 1, 440, 0, 1),
	('16', 'I00004', 'Fresh Step LeightWeight Clumping Cat Litter', 2, 796.95, 0, 1),
	('17', 'I00002', 'Taglory Rope Dog Leash', 2, 880, 0, 1),
	('19', 'I00002', 'Taglory Rope Dog Leash', 2, 880, 0, 1),
	('23', 'I00002', 'Taglory Rope Dog Leash', 1, 440, 0, 1),
	('25', 'I00002', 'Taglory Rope Dog Leash', 1, 440, 0, 1),
	('26', 'I00002', 'Taglory Rope Dog Leash', 1, 440, 0, 1),
	('27', 'I00002', 'Taglory Rope Dog Leash', 1, 440, 0, 1),
	('29', 'I00002', 'Taglory Rope Dog Leash', 1, 440, 0, 1),
	('31', 'I00002', 'Taglory Rope Dog Leash', 1, 440, 0, 1),
	('33', 'I00002', 'Taglory Rope Dog Leash', 1, 440, 0, 1),
	('34', 'I00004', 'Fresh Step LeightWeight Clumping Cat ', 1, 796.95, 0, 1),
	('36', 'I00003', 'Fresh Step Clumping Cat Litter', 4, 577.5, 0, 1),
	('37', 'I00003', 'Fresh Step Clumping Cat Litter', 1, 577.5, 0, 1),
	('37', 'I00004', 'Fresh Step LeightWeight Clumping Cat Litter', 2, 796.95, 0, 1),
	('39', 'I00003', 'Fresh Step Clumping Cat Litter', 1, 577.5, 0, 1),
	('43', 'I00003', 'Fresh Step Clumping Cat Litter', 1, 577.5, 0, 1),
	('46', 'I00003', 'Fresh Step Clumping Cat Litter', 1, 577.5, 0, 1),
	('47', 'I00003', 'Fresh Step Clumping Cat Litter', 1, 577.5, 0, 1),
	('48', 'I00003', 'Fresh Step Clumping Cat Litter', 4, 577.5, 0, 1),
	('49', 'I00001', 'MayPaw Heavy Duty Rope Dog Leash', 1, 522.5, 0, 1),
	('50', 'I00001', 'MayPaw Heavy Duty Rope Dog Leash', 3, 522.5, 0, 1),
	('50', 'I00001', 'MayPaw Heavy Duty Rope Dog Leash', 1, 522.5, 0, 1),
	('51', 'I00003', 'Fresh Step Clumping Cat Litter', 1, 577.5, 0, 1),
	('52', 'I00001', 'MayPaw Heavy Duty Rope Dog Leash', 3, 522.5, 0, 1),
	('52', 'I00001', 'MayPaw Heavy Duty Rope Dog Leash', 3, 522.5, 0, 1),
	('52', 'I00002', 'Taglory Rope Dog Leash', 2, 440, 0, 1),
	('53', 'I00001', 'MayPaw Heavy Duty Rope Dog Leash', 2, 522.5, 0, 1),
	('54', 'I00003', 'Fresh Step Clumping Cat Litter', 2, 577.5, 0, 1),
	('55', 'I00001', 'MayPaw Heavy Duty Rope Dog Leash', 1, 522.5, 0, 1),
	('56', 'I00001', 'MayPaw Heavy Duty Rope Dog Leash', 1, 522.5, 0, 1),
	('56', 'I00004', 'Fresh Step LeightWeight Clumping Cat Litter', 3, 796.95, 0, 1),
	('56', 'I00001', 'MayPaw Heavy Duty Rope Dog Leash', 3, 522.5, 0, 1),
	('57', 'I00001', 'MayPaw Heavy Duty Rope Dog Leash', 1, 522.5, 0, 1),
	('58', 'I00001', 'MayPaw Heavy Duty Rope Dog Leash', 3, 522.5, 0, 1),
	('58', 'I00001', 'MayPaw Heavy Duty Rope Dog Leash', 3, 522.5, 0, 1),
	('59', 'I00001', 'MayPaw Heavy Duty Rope Dog Leash', 1, 522.5, 0, 1),
	('60', 'I00005', 'Nutri-Vet Bladder Control Supplement for Dogs', 2, 1140.15, 0, 1),
	('75', 'I00005', 'Nutri-Vet Bladder Control Supplement for Dogs', 2, 1140.15, 0, 1),
	('76', 'I00005', 'Nutri-Vet Bladder Control Supplement for Dogs', 2, 1140.15, 0, 1),
	('77', 'I00006', 'UniLeash', 2, 144, 0, 1),
	('82', 'I0AE71', 'Test ITem 003', 10, 310, 0, 1),
	('84', 'I00002', 'Taglory Rope Dog Leash', 6, 440, 0, 1),
	('85', 'I00002', 'Taglory Rope Dog Leash', 7, 440, 0, 1),
	('86', 'I1aa81', 'Comedy', 10, 242.42, 0, 1),
	('87', 'IACBE3', 'Test Item 006', 10, 101, 0, 1),
	('88', 'I00001', 'MayPaw Heavy Duty Rope Dog Leash', 1, 522.5, 0, 1),
	('90', 'I32CCE', 'Test 0010', 5, 101, 0, 1),
	('91', 'I7A986', 'TEST ITEM 004', 10, 1010, 0, 1),
	('92', 'I00001', 'MayPaw Heavy Duty Rope Dog Leash', 3, 522.5, 0, 1),
	('92', 'I00002', 'Taglory Rope Dog Leash', 1, 440, 0, 1),
	('92', 'I00006', 'UniLeash', 1, 144, 0, 1),
	('93', 'I00001', 'MayPaw Heavy Duty Rope Dog Leash', 2, 522.5, 0, 1),
	('93', 'I0AE71', 'Test ITem 003', 3, 310, 0, 1),
	('94', 'I00001', 'MayPaw Heavy Duty Rope Dog Leash', 1, 522.5, 0, 1),
	('95', 'I00002', 'Taglory Rope Dog Leash', 1, 440, 0, 1),
	('96', 'I00002', 'Taglory Rope Dog Leash', 1, 440, 0, 1),
	('97', 'I00005', 'Nutri-Vet Bladder Control Supplement for Dogs', 1, 1140.15, 0, 1),
	('98', 'I00002', 'Taglory Rope Dog Leash', 1, 440, 0, 1),
	('99', 'I00003', 'Fresh Step Clumping Cat Litter', 1, 577.5, 0, 1),
	('101', 'I00001', 'MayPaw Heavy Duty Rope Dog Leash', 15, 522.5, 0, 1),
	('102', 'IACBE3', 'Test Item 006', 5, 101, 0, 1),
	('103', 'I00006', 'UniLeash', 2, 144, 0, 1),
	('104', 'I00001', 'MayPaw Heavy Duty Rope Dog Leash', 5, 522.5, 0, 1),
	('105', 'I00001', 'MayPaw Heavy Duty Rope Dog Leash', 5, 522.5, 0, 1),
	('106', 'I00001', 'MayPaw Heavy Duty Rope Dog Leash', 5, 522.5, 0, 1),
	('107', 'I00001', 'MayPaw Heavy Duty Rope Dog Leash', 5, 522.5, 0, 1),
	('108', 'I00001', 'MayPaw Heavy Duty Rope Dog Leash', 5, 522.5, 0, 1),
	('109', 'I00001', 'MayPaw Heavy Duty Rope Dog Leash', 5, 522.5, 0, 1),
	('110', 'I00002', 'Taglory Rope Dog Leash', 5, 440, 0, 1),
	('111', 'I00001', 'MayPaw Heavy Duty Rope Dog Leash', 5, 522.5, 0, 1),
	('112', 'I00002', 'Taglory Rope Dog Leash', 5, 440, 0, 1),
	('113', 'I00001', 'MayPaw Heavy Duty Rope Dog Leash', 5, 522.5, 0, 1),
	('113', 'I00001', 'MayPaw Heavy Duty Rope Dog Leash', 5, 522.5, 0, 1),
	('115', 'I00002', 'Taglory Rope Dog Leash', 5, 440, 0, 1),
	('116', 'I00003', 'Fresh Step Clumping Cat Litter', 5, 577.5, 0, 1),
	('117', 'I00003', 'Fresh Step Clumping Cat Litter', 1, 577.5, 0, 1),
	('118', 'I00004', 'Fresh Step LeightWeight Clumping Cat Litter', 5, 796.95, 0, 1),
	('119', 'I00002', 'Taglory Rope Dog Leash', 5, 440, 0, 1),
	('120', 'I00002', 'Taglory Rope Dog Leash', 3, 440, 0, 1),
	('121', 'I00005', 'Nutri-Vet Bladder Control Supplement for Dogs', 2, 1140.15, 0, 1),
	('122', 'I00002', 'Taglory Rope Dog Leash', 5, 440, 0, 1),
	('122', 'I00003', 'Fresh Step Clumping Cat Litter', 37, 577.5, 0, 1),
	('125', 'I00002', 'Taglory Rope Dog Leash (100mg)', 1, 440, 0, 1),
	('125', 'I2F75F', 'TESTB', 1, 120, 0, 1),
	('126', 'I79FD7', 'Test Item (10g)', 5, 110, 0, 1),
	('130', 'I00002', 'Taglory Rope Dog Leash (100mg)', 1, 440, 0, 1),
	('139', 'I00002', 'Taglory Rope Dog Leash (100mg)', 1, 440, 0, 1),
	('140', 'I1aa81', 'Comedy (100mg)', 1, 242.42, 0, 1),
	('141', 'I00006', 'UniLeash (100mg)', 4, 144, 0, 1),
	('142', 'I2F75F', 'TESTB', 7, 120, 0, 1),
	('143', 'I0AE71', 'Test ITem 003 (100mg)', 3, 310, 0, 1),
	('144', 'I00003', 'Fresh Step Clumping Cat Litter (100mg)', 5, 577.5, 0, 1),
	('145', 'I79FD7', 'Test Item (10g)', 5, 110, 0, 1),
	('146', 'I00002', 'Taglory Rope Dog Leash (100mg)', 5, 440, 0, 1),
	('147', 'I00001', 'MayPaw Heavy Duty Rope Dog Leash (100mg)', 5, 522.5, 0, 1),
	('148', 'I0AE71', 'Test ITem 003 (100mg)', 4, 310, 0, 1),
	('149', 'I1aa81', 'Comedy (100mg)', 9, 242.42, 0, 1),
	('150', 'I00006', 'UniLeash (100mg)', 5, 144, 0, 2),
	('150', 'Iaad08', 'Test Item', 5, 110, 0, 2),
	('151', 'Iaad08', 'Test Item', 5, 110, 0, 2),
	('151', 'IACBE3', 'Test Item 006 (100mg)', 5, 101, 0, 2),
	('152', 'I00006', 'UniLeash (100mg)', 1, 144, 0, 1),
	('152', 'I8EC1F', 'TESTA', 1, 110, 0, 1),
	('153', 'I1F3E7', '1000 (100mg)', 1, 200, 0, 1),
	('153', 'I8EC1F', 'TESTA', 1, 110, 0, 1),
	('154', 'I00006', 'UniLeash (100mg)', 4, 144, 0, 1),
	('154', 'I8EC1F', 'TESTA', 3, 110, 0, 1),
	('155', 'I1F3E7', '1000 (100mg)', 4, 200, 0, 2),
	('156', 'Iaad08', 'Test Item', 5, 110, 0, 1),
	('157', 'I2b993', 'Kessoku Band (100mg)', 2, 240.8, 0, 1),
	('157', 'I8EC1F', 'TESTA', 5, 110, 0, 1),
	('159', 'IE273F', 'Cat Leash - Green (1m)', 2, 150, 0, 2),
	('158', 'Ia71e7', 'Kawaki wo ameku (100mg)', 2, 244.78, 0, 2),
	('158', 'Iaad08', 'Test Item', 5, 110, 0, 2),
	('160', 'I00004', 'Fresh Step LeightWeight Clumping Cat Litter (100mg)', 3, 796.95, 0, 2),
	('161', 'I00002', 'Taglory Rope Dog Leash (100mg)', 5, 440, 0, 2),
	('162', 'I00002', 'Taglory Rope Dog Leash (100mg)', 5, 440, 0, 2),
	('163', 'I00006', 'UniLeash (100mg)', 5, 144, 0, 2),
	('163', 'I1F3E7', '1000 (100mg)', 1, 200, 0, 2),
	('165', 'I00004', 'Fresh Step LeightWeight Clumping Cat Litter (100mg)', 1, 796.95, 0, 2),
	('158', 'Ia71e7', 'Kawaki wo ameku (100mg)', 3, 244.78, 0, 1),
	('158', 'Iaad08', 'Test Item', 5, 110, 0, 1),
	('165', 'I00004', 'Fresh Step LeightWeight Clumping Cat Litter (100mg)', 1, 796.95, 0, 1),
	('160', 'I00004', 'Fresh Step LeightWeight Clumping Cat Litter (100mg)', 2, 796.95, 0, 1),
	('160', 'I2b993', 'Kessoku Band (100mg)', 4, 240.8, 0, 1),
	('161', 'I00002', 'Taglory Rope Dog Leash (100mg)', 6, 440, 0, 1),
	('163', 'I00006', 'UniLeash (100mg)', 5, 144, 0, 1),
	('163', 'I1F3E7', '1000 (100mg)', 1, 200, 0, 1),
	('162', 'I00002', 'Taglory Rope Dog Leash (100mg)', 3, 440, 0, 1),
	('162', 'I7A986', 'TEST ITEM 004 (100mg)', 1, 1010, 0, 1),
	('150', 'I00006', 'UniLeash (100mg)', 4, 144, 0, 1),
	('150', 'Iaad08', 'Test Item', 5, 110, 0, 1),
	('150', 'I1F3E7', '1000 (100mg)', 1, 200, 0, 1),
	('151', 'Iaad08', 'Test Item', 5, 110, 0, 1),
	('151', 'IACBE3', 'Test Item 006 (100mg)', 5, 101, 0, 1),
	('155', 'I1F3E7', '1000 (100mg)', 4, 200, 0, 1),
	('166', 'I1aa81', 'Comedy (100mg)', 1, 242.42, 0, 2),
	('166', 'I1aa81', 'Comedy (100mg)', 1, 242.42, 0, 1),
	('167', 'I1aa81', 'Comedy (100mg)', 1, 242.42, 0, 2),
	('167', 'I00005', 'Nutri-Vet Bladder Control Supplement for Dogs (100mg)', 1, 1140.15, 0, 1),
	('159', 'IE273F', 'Cat Leash - Green (1m)', 2, 150, 0, 1),
	('168', 'I0AE71', 'Test ITem 003 (100mg)', 1, 310, 0, 2),
	('168', 'I3128E', 'Test Item (10mg)', 1, 1010, 0, 1),
	('169', 'I00006', 'UniLeash (100mg)', 1, 144, 0, 2),
	('169', 'I00006', 'UniLeash (100mg)', 1, 144, 0, 2),
	('169', 'I00006', 'UniLeash (100mg)', 1, 144, 0, 2),
	('169', 'I00006', 'UniLeash (100mg)', 1, 144, 0, 1),
	('170', 'I00005', 'Nutri-Vet Bladder Control Supplement for Dogs (100mg)', 1, 1140.15, 0, 2),
	('170', 'I00005', 'Nutri-Vet Bladder Control Supplement for Dogs (100mg)', 1, 1140.15, 0, 2),
	('170', 'I00005', 'Nutri-Vet Bladder Control Supplement for Dogs (100mg)', 1, 1140.15, 0, 1),
	('173', 'I00006', 'UniLeash (100mg)', 1, 144, 0, 2),
	('173', 'I00006', 'UniLeash (100mg)', 1, 144, 0, 1),
	('174', 'I00006', 'UniLeash (100mg)', 1, 144, 0, 1),
	('175', 'I00006', 'UniLeash (100mg)', 3, 144, 0, 2),
	('175', 'I00006', 'UniLeash (100mg)', 3, 144, 0, 2),
	('176', 'I00005', 'Nutri-Vet Bladder Control Supplement for Dogs (100mg)', 1, 1140.15, 0, 2),
	('176', 'I00005', 'Nutri-Vet Bladder Control Supplement for Dogs (100mg)', 2, 1140.15, 0, 1),
	('175', 'I00006', 'UniLeash (100mg)', 4, 144, 0, 1),
	('177', 'I00005', 'Nutri-Vet Bladder Control Supplement for Dogs (100mg)', 3, 1140.15, 0, 2),
	('178', 'I1F3E7', '1000 (100mg)', 4, 200, 0, 1),
	('177', 'I00005', 'Nutri-Vet Bladder Control Supplement for Dogs (100mg)', 3, 1140.15, 0, 1),
	('180', 'I00006', 'UniLeash (100mg)', 2, 144, 0, 1),
	('182', 'ICCEFE', 'Vitamins for Dog (5g)', 8, 110, 0, 1),
	('185', 'I00002', 'Taglory Rope Dog Leash (100mg)', 1, 440, 0, 1),
	('186', 'I00005', 'Nutri-Vet Bladder Control Supplement for Dogs (100mg)', 1, 1140.15, 0, 2),
	('186', 'I00005', 'Nutri-Vet Bladder Control Supplement for Dogs (100mg)', 1, 1140.15, 0, 1),
	('187', 'I00005', 'Nutri-Vet Bladder Control Supplement for Dogs (100mg)', 3, 1140.15, 0, 1),
	('188', 'I00005', 'Nutri-Vet Bladder Control Supplement for Dogs (100mg)', 3, 1140.15, 0, 1),
	('190', 'I00006', 'UniLeash (100mg)', 5, 144, 0, 1);

-- Dumping data for table ssi_merged.login_report: ~4 rows (approximately)
INSERT INTO `login_report` (`attempt_usn`, `usn_used`, `date_created`) VALUES
	(NULL, 'admin', '2023-06-07 23:50:59'),
	('admin', 'admin', '2023-06-07 23:54:09'),
	('admin', 'admin', '2023-06-07 23:55:45'),
	(NULL, 'chris', '2023-07-05 17:36:56'),
	(NULL, 'james', '2023-11-13 20:01:07');

-- Dumping data for table ssi_merged.log_history: ~33 rows (approximately)
INSERT INTO `log_history` (`usn`, `date_logged`, `time_in`, `time_out`) VALUES
	('Chris2', '2023-08-31', '00:05:36', '00:05:36'),
	('admin', '2023-09-11', '23:28:25', '23:28:25'),
	('admin', '2023-09-12', '14:20:59', '14:20:59'),
	('admin', '2023-09-12', '15:57:56', '15:57:56'),
	('admin', '2023-09-12', '15:59:58', '15:59:58'),
	('admin', '2023-09-12', '16:04:04', '16:04:04'),
	('admin', '2023-09-12', '16:06:23', '16:06:23'),
	('admin', '2023-09-12', '16:07:52', '16:07:52'),
	('admin', '2023-09-12', '16:09:02', '16:09:02'),
	('admin', '2023-09-12', '16:09:45', '16:09:45'),
	('admin', '2023-09-12', '16:10:40', '16:10:40'),
	('admin', '2023-09-12', '16:12:07', '16:12:07'),
	('admin', '2023-09-12', '16:14:13', '16:14:13'),
	('admin', '2023-09-12', '16:23:08', '16:23:08'),
	('admin', '2023-09-12', '16:24:11', '16:24:11'),
	('admin', '2023-09-12', '16:25:26', '16:25:26'),
	('admin', '2023-09-12', '16:26:01', '16:26:01'),
	('admin', '2023-09-12', '16:27:41', '16:27:41'),
	('admin', '2023-09-12', '16:29:48', '16:29:48'),
	('admin', '2023-09-12', '16:30:52', '16:30:52'),
	('admin', '2023-09-12', '16:36:18', '16:36:18'),
	('admin', '2023-09-12', '16:37:16', '16:37:16'),
	('admin', '2023-09-12', '16:49:22', '16:49:22'),
	('admin', '2023-09-12', '16:54:26', '16:54:26'),
	('admin', '2023-09-12', '17:01:57', '17:01:57'),
	('admin', '2023-09-12', '17:19:53', '17:19:53'),
	('admin', '2023-09-16', '01:12:01', '01:12:01'),
	('admin', '2023-09-16', '01:14:00', '01:14:00'),
	('admin', '2023-09-16', '01:14:44', '01:14:44'),
	('admin', '2023-09-16', '01:15:23', '01:15:23'),
	('admin', '2023-09-16', '01:16:09', '01:16:09'),
	('admin', '2023-09-16', '01:16:35', '01:16:35'),
	('admin', '2023-09-30', '22:34:06', '22:34:06');

INSERT INTO `partially_recieving_item` (`id`, `NAME`, `stock`, `supp_name`, `exp_date`, `reciever`, `date_recieved`) VALUES
	('R43417', 'Nutri-Vet Bladder Control Supplement for Dogs', 15, 'Pfizer corp..', NULL, 'kylde', '2023-08-23 00:00:00'),
	('R43417', 'Nutri-Vet Bladder Control Supplement for Dogs', 1, 'Pfizer corp..', NULL, 'kylde', '2023-08-23 00:00:00'),
	('R43417', 'Nutri-Vet Bladder Control Supplement for Dogs', 3, 'Pfizer corp..', NULL, 'kylde', '2023-08-28 00:00:00'),
	('R43417', 'Nutri-Vet Bladder Control Supplement for Dogs', 5, 'Pfizer corp..', NULL, 'kylde', '2023-08-28 00:00:00'),
	('Rb074c', 'Nutri-Vet Bladder Control Supplement for Dogs', 1, 'Pfizer corp..', NULL, 'kylde', '2023-08-30 00:00:00'),
	('Rb074c', 'Nutri-Vet Bladder Control Supplement for Dogs', 1, 'Pfizer corp..', NULL, 'kylde', '2023-08-30 00:00:00'),
	('Rb074c', 'Nutri-Vet Bladder Control Supplement for Dogs', 2, 'Pfizer corp..', NULL, 'kylde', '2023-08-30 00:00:00'),
	('Rb074c', 'Nutri-Vet Bladder Control Supplement for Dogs', 2, 'Pfizer corp..', NULL, 'kylde', '2023-08-30 00:00:00'),
	('R917e0', 'Fresh Step LeightWeight Clumping Cat Litter', 3, 'medVet assc..', NULL, 'kylde', '2023-08-30 00:00:00'),
	('R917e0', 'Fresh Step LeightWeight Clumping Cat Litter', 1, 'medVet assc..', NULL, 'kylde', '2023-08-30 00:00:00'),
	('R1e3d5', 'Test', 5, 'qeqw', NULL, 'admin', '2023-09-11 00:00:00'),
	('R21e64', 'UniLeash', 10, 'Robina Corp', NULL, 'admin', '2023-09-13 00:00:00'),
	('R9d3a7', 'UniLeash', 80, 'Robina Corp', NULL, 'admin', '2023-09-13 00:00:00'),
	('Ra1c30', 'Kawaki wo ameku', 50, '123', NULL, 'admin', '2023-09-14 00:00:00'),
	('Ra1c30', 'Pending', 5, '123', NULL, 'admin', '2023-09-14 00:00:00'),
	('R513E9', 'Waiting', 40, 'ABC Corporation', NULL, 'admin', '2023-09-16 00:00:00'),
	('R6B64B', 'Waiting', 5, 'Jesser Supplier Company', NULL, 'aila', '2023-09-20 00:00:00'),
	('RFFE1B', 'Waiting', 5, 'Jesser Supplier Company', NULL, 'admin', '2023-09-22 00:00:00'),
	('R20205', 'Taglory Rope Dog Leash', 10, 'Jesser Supplier Company', NULL, 'admin', '2023-10-08 00:00:00'),
	('R20205', 'Taglory Rope Dog Leash', 10, 'Jesser Supplier Company', NULL, 'admin', '2023-10-08 00:00:00'),
	('R20205', 'Taglory Rope Dog Leash', 10, 'Jesser Supplier Company', NULL, 'admin', '2023-10-08 00:00:00'),
	('R9d3a7', 'UniLeash', 5, 'ABC Corporation', NULL, 'admin', '2023-10-08 00:00:00'),
	('R20205', 'Taglory Rope Dog Leash', 10, 'Jesser Supplier Company', NULL, 'admin', '2023-10-08 00:00:00'),
	('RFBE93', 'Kessoku Band', 50, 'Jesser Supplier Company', NULL, 'admin', '2023-10-08 00:00:00'),
	('RFBE93', 'Kessoku Band', 20, 'Jesser Supplier Company', NULL, 'admin', '2023-10-08 00:00:00'),
	('RFBE93', 'Kessoku Band', 10, 'Jesser Supplier Company', NULL, 'admin', '2023-10-08 00:00:00'),
	('R84D95', 'Comedy', 5, 'UP Veterinary Supplies', NULL, 'admin', '2023-10-10 00:00:00'),
	('RC0AC6', 'Comedy', 30, 'UP Veterinary Supplies', NULL, 'admin', '2023-10-10 00:00:00'),
	('RC3713', 'Nutri-Vet Bladder Control Supplement for Dogs', 30, 'Jesser Supplier Company', NULL, 'admin', '2023-10-10 00:00:00'),
	('RC0AC6', 'Comedy', 10, 'UP Veterinary Supplies', NULL, 'admin', '2023-10-10 00:00:00'),
	('R08012', 'Nutri-Vet Bladder Control Supplement for Dogs', 5, 'Jesser Supplier Company', NULL, 'admin', '2023-10-15 00:00:00'),
	('R08012', 'Nutri-Vet Bladder Control Supplement for Dogs', 2, 'Jesser Supplier Company', NULL, 'admin', '2023-10-15 00:00:00'),
	('R08012', 'Nutri-Vet Bladder Control Supplement for Dogs', 1, 'Jesser Supplier Company', NULL, 'admin', '2023-10-15 00:00:00'),
	('R8780B', 'Taglory Rope Dog Leash', 1, 'Jesser Supplier Company', NULL, 'admin', '2023-10-15 00:00:00'),
	('R47299', 'Nutri-Vet Bladder Control Supplement for Dogs', 5, 'Jesser Supplier Company', NULL, 'admin', '2023-10-15 00:00:00'),
	('R47299', 'Nutri-Vet Bladder Control Supplement for Dogs', 1, 'Jesser Supplier Company', NULL, 'admin', '2023-10-15 00:00:00'),
	('RE2198', 'Taglory Rope Dog Leash', 5, 'Jesser Supplier Company', NULL, 'admin', '2023-10-15 00:00:00'),
	('RC3713', 'Nutri-Vet Bladder Control Supplement for Dogs', 15, 'Jesser Supplier Company', NULL, 'admin', '2023-10-15 00:00:00'),
	('RF6EC1', '1000 (100mg)', 5, 'ABC Corporation', NULL, 'admin', '2023-10-29 00:00:00'),
	('R6E644', 'TESTB', 2, 'ABC Corporation', NULL, 'admin', '2023-11-07 00:00:00');

INSERT INTO `pet_breed` (`type`, `breed`) VALUES
	('Dog', 'Aspin'),
	('Cat', 'Puspin'),
	('Cat', 'Siamese'),
	('Cat', 'Muning'),
	('Cat', 'Nigga'),
	('Dog', 'Dachshund'),
	('Dog', 'Border colly');

INSERT INTO `pet_info` (`id`, `p_name`, `owner_id`, `breed`, `type`, `sex`, `weight`, `bday`, `added_by`, `date_added`, `updated_by`, `updated_date`) VALUES
	('001431', 'Muning', '1', 'Puspin', 'Cat', 'Male', '2.5', '2023-08-16', 'admin', '0000-00-00 00:00:00', NULL, NULL),
	('012633', 'Bantay', '6', 'Siamese', 'Cat', 'Male', '50.2', '2023-11-01', 'admin', '0000-00-00 00:00:00', 'admin', '2023-11-15 22:32:10'),
	('015659', 'Test', '5', 'Test', 'Dog', 'Test', 'Test', '2023-09-08', 'admin', '0000-00-00 00:00:00', NULL, NULL),
	('143436', 'Gabi', '2', 'Puspin', 'Cat', 'Male', '3', '2023-08-23', 'admin', '0000-00-00 00:00:00', NULL, NULL),
	('234729', 'Miru', '5', 'Siamese', 'Cat', 'Female', '1.2', '2022-12-09', 'admin', '0000-00-00 00:00:00', 'admin', '2023-11-15 23:17:57'),
	('234905', 'TJ', '1', 'Male', 'Dog', 'Ewan', '1', '2023-09-01', 'admin', '0000-00-00 00:00:00', NULL, NULL),
	('P1ec18', 'Brutus', '5', 'Male', 'Dog', 'Mini Pin', '', '2023-07-07', 'admin', '0000-00-00 00:00:00', NULL, NULL),
	('P40641', 'jam', '5', 'siames', 'Cat', 'Male', '1', '2023-09-12', 'admin', '0000-00-00 00:00:00', NULL, NULL),
	('P482dc', 'Whitey', '3', 'Bulldog', 'Dog', 'Female', '', '2023-06-23', 'admin', '0000-00-00 00:00:00', NULL, NULL),
	('P536ec', 'Clarence', '2', 'Human', 'Dog', 'Male', '', '2023-07-06', 'admin', '0000-00-00 00:00:00', NULL, NULL),
	('P62fd9', 'Clarence', '1', 'Puspin', 'Cat', 'Male', '10.5', '2023-09-20', 'admin', '0000-00-00 00:00:00', NULL, NULL),
	('P68ee4', 'Blacky', '3', 'Siamese', 'Cat', 'Male', '5', '2023-09-14', 'admin', '0000-00-00 00:00:00', NULL, NULL),
	('P6b73f', 'Browny', '3', 'Dalmatian', 'Cat', 'Male', '', '2000-12-30', 'admin', '0000-00-00 00:00:00', NULL, NULL),
	('P78CC4', 'Lina', '1', 'Muning', 'Cat', 'Male', '10', '2023-11-13', 'admin', '0000-00-00 00:00:00', NULL, NULL),
	('P7a038', 'Riku', '29', 'Aspin', 'Dog', 'Male', '1', '2023-09-01', 'admin', '0000-00-00 00:00:00', 'admin', '2023-11-15 22:35:27'),
	('P7b350', 'Roko', '1', 'Puspin', 'Cat', 'Male', '10', '2023-09-15', 'admin', '0000-00-00 00:00:00', NULL, NULL),
	('PAF15F', 'TESTING PET', '2', 'Muning', 'Cat', 'Male', '2.56', '2023-11-10', 'admin', '2023-11-15 23:48:32', NULL, NULL),
	('Pb6c0b', 'Luna', '4', 'Siamese Cat', 'Cat', 'Male', '1.0', '2023-08-24', 'admin', '0000-00-00 00:00:00', NULL, NULL),
	('PBDA8A', 'TEST PET', '1', 'Dachshund', 'Dog', 'Male', '2.5', '2023-11-01', 'admin', '2023-11-15 23:42:16', NULL, NULL),
	('Pbf4d2', 'Bugsy', '30', 'Siamese ', 'Cat', 'Male', '5', '2022-11-22', 'admin', '0000-00-00 00:00:00', NULL, NULL),
	('Pc1935', 'Sol', '4', 'Calico Cat', 'Cat', 'Female', '', '2023-06-01', 'admin', '0000-00-00 00:00:00', NULL, NULL),
	('PDF824', 'Nina', '2', 'Muning', 'Cat', 'Male', '3.2', '2023-11-13', 'admin', '0000-00-00 00:00:00', NULL, NULL),
	('PE388A', 'Nigger Man', '1', 'Nigga', 'Cat', 'Male', '15', '2023-11-08', 'admin', '0000-00-00 00:00:00', NULL, NULL),
	('Pe3b3d', 'John', '3', 'Siamese', 'Cat', 'Male', '1', '2023-09-12', 'admin', '0000-00-00 00:00:00', NULL, NULL),
	('PEE206', 'Testing', '29', 'Siamese', 'Cat', 'Male', '5.25', '2023-11-15', 'admin', '0000-00-00 00:00:00', NULL, NULL),
	('PFABB1', 'George', 'CU098866', 'Border colly', 'Dog', 'Male', '5', '2023-11-01', 'admin', '2023-11-16 11:58:57', NULL, NULL),
	('Pfcad9', 'Lina', '2', 'Siamese', 'Cat', 'Female', '1.5', '2023-09-07', 'admin', '0000-00-00 00:00:00', 'admin', '2023-11-15 23:31:18');

INSERT INTO `pet_owner_info` (`owner_id`, `owner_name`, `address`, `contact_number`, `added_by`, `date_added`, `updated_by`, `updated_date`) VALUES
	('1', 'Patrick Feniza', 'Negros Occidental', '09196407586', 'admin', '2023-11-15 23:35:03', 'admin', '2023-11-16 11:37:15'),
	('2', 'Davin Ferrancullo', 'Almar, Caloocan City', '09478056123', 'admin', '2023-11-15 23:35:04', NULL, NULL),
	('26', 'TEST12', 'TEST12', 'TEST12', 'admin', '2023-11-15 23:35:07', NULL, NULL),
	('27', 'test2321', 'test2321', 'test2321', 'admin', '2023-11-15 23:35:06', NULL, NULL),
	('28', 'James Ekis', 'Tet1', '09208902063', 'admin', '2023-11-15 23:35:07', 'admin', '2023-11-16 20:26:21'),
	('29', 'Clarence Ugay', 'Almar, Caloocan City', '0923902397', 'admin', '2023-11-15 23:35:08', NULL, NULL),
	('3', 'Joze Rizal', 'Calamba, Laguna Province', '09574794234', 'admin', '2023-11-15 23:35:04', NULL, NULL),
	('30', 'Tyrone Tuazon', 'STI College Fairview', '09831809378', 'admin', '2023-11-15 23:35:09', NULL, NULL),
	('31', 'Testing', 'Testing', 'Testing', 'admin', '2023-11-16 00:11:05', NULL, NULL),
	('32', 'TESTING 12', '03234643166', 'TESTING ', 'admin', '2023-11-16 00:17:43', NULL, NULL),
	('4', 'Christopher Landas', 'Rodriguez. Rizal ', '09076208927', 'admin', '2023-11-15 23:35:05', 'admin', '2023-11-16 11:02:56'),
	('5', 'James Viñas', 'Tala, Caloocan City', '09208902063', 'admin', '2023-11-15 23:35:05', 'admin', '2023-11-16 20:26:31'),
	('6', 'Budjette Tan', 'Trese, Manila City', '90127803710391723071', 'admin', '2023-11-15 23:35:06', 'admin', '2023-11-16 09:36:01'),
	('C636CA', 'Testing13', '2061650684', 'Testing13', 'admin', '2023-11-16 00:22:58', NULL, NULL),
	('CF9E35C3', 'Christian Feniza', 'Testing', '0920 890 2063', 'admin', '2023-11-16 00:39:02', 'admin', '2023-11-16 11:47:54'),
	('CU098866', 'Chenny Dela Cruz', 'Tala Caloocan City', '09153580361', 'admin', '2023-11-16 11:50:17', 'admin', '2023-11-16 11:56:45'),
	('CU0D48E8', 'Kajo Baldismo', 'Trese Street, Caloocan City', '+63 123 457 1345', 'admin', '2023-11-16 19:04:22', NULL, NULL);

-- Dumping data for table ssi_merged.receiving_history_info: ~66 rows (approximately)
INSERT INTO `receiving_history_info` (`receiving_id`, `order_quantity`, `receiver`, `expiry`, `date_received`) VALUES
	('R20205', 10, 'admin', NULL, '2023-10-08 15:11:26'),
	('R6B64B', 5, 'admin', NULL, '2023-10-08 15:20:51'),
	('R20205', 10, 'admin', NULL, '2023-10-08 15:23:13'),
	('R9d3a7', 5, 'admin', NULL, '2023-10-08 16:01:26'),
	('Ra1c30', 5, 'admin', NULL, '2023-10-08 16:01:32'),
	('RFFE1B', 5, 'admin', NULL, '2023-10-08 16:01:38'),
	('R13D3C', 1, 'admin', NULL, '2023-10-08 16:01:43'),
	('R80708', 5, 'admin', NULL, '2023-10-08 16:23:08'),
	('R20205', 30, 'admin', NULL, '2023-10-08 17:47:43'),
	('RFBE93', 50, 'admin', NULL, '2023-10-08 18:45:55'),
	('RFBE93', 20, 'admin', NULL, '2023-10-08 18:46:11'),
	('RFBE93', 10, 'admin', NULL, '2023-10-08 18:46:17'),
	('RFBE93', 20, 'admin', NULL, '2023-10-08 18:46:21'),
	('R877EB', 50, 'admin', NULL, '2023-10-08 19:55:56'),
	('R5652B', 10, 'admin', NULL, '2023-10-08 19:57:24'),
	('R0A465', 50, 'admin', NULL, '2023-10-08 19:57:58'),
	('RBE2A2', 10, 'admin', NULL, '2023-10-08 20:05:13'),
	('R4B774', 3, 'admin', NULL, '2023-10-08 20:07:02'),
	('R0C22D', 1, 'admin', NULL, '2023-10-08 20:17:48'),
	('R29172', 10, 'admin', NULL, '2023-10-08 20:19:06'),
	('RF85FE', 1, 'admin', NULL, '2023-10-08 20:22:42'),
	('RE6362', 1, 'admin', NULL, '2023-10-08 20:23:03'),
	('RF8D0A', 9, 'admin', NULL, '2023-10-08 20:26:11'),
	('R9F732', 5, 'admin', NULL, '2023-10-08 20:29:39'),
	('R3FE2D', 5, 'admin', NULL, '2023-10-08 20:31:43'),
	('R24E82', 5, 'admin', NULL, '2023-10-08 20:37:56'),
	('R66215', 5, 'admin', NULL, '2023-10-08 20:38:56'),
	('RB4587', 5, 'admin', NULL, '2023-10-08 20:40:44'),
	('R4D212', 10, 'admin', NULL, '2023-10-08 20:42:31'),
	('RECA53', 1, 'admin', NULL, '2023-10-08 20:45:03'),
	('RCDA5A', 5, 'admin', NULL, '2023-10-08 20:45:22'),
	('R84D95', 5, 'admin', NULL, '2023-10-10 07:42:14'),
	('R84D95', 5, 'admin', NULL, '2023-10-10 07:42:27'),
	('RC0AC6', 30, 'admin', NULL, '2023-10-10 09:09:53'),
	('RC3713', 30, 'admin', NULL, '2023-10-10 09:11:01'),
	('RC0AC6', 10, 'admin', NULL, '2023-10-10 09:18:33'),
	('RC0AC6', 10, 'admin', NULL, '2023-10-10 09:18:49'),
	('RBD852', 10, 'admin', NULL, '2023-10-12 00:01:47'),
	('R08012', 5, 'admin', NULL, '2023-10-15 00:58:04'),
	('R08012', 2, 'admin', NULL, '2023-10-15 00:58:31'),
	('R291BF', 10, 'admin', NULL, '2023-10-15 00:58:57'),
	('R08012', 1, 'admin', NULL, '2023-10-15 01:02:36'),
	('R08012', 2, 'admin', NULL, '2023-10-15 01:32:35'),
	('R47299', 1, 'admin', '2023-11-03', '2023-10-15 01:59:31'),
	('R47299', 4, 'admin', '2023-10-27', '2023-10-15 01:59:59'),
	('RE2198', 5, 'admin', NULL, '2023-10-15 02:01:35'),
	('RC3713', 15, 'admin', '2023-12-31', '2023-10-15 09:07:36'),
	('RC3713', 5, 'admin', '2023-11-04', '2023-10-15 09:07:47'),
	('RE2198', 5, 'admin', NULL, '2023-10-22 11:45:26'),
	('RE966E', 4, 'admin', NULL, '2023-10-22 11:45:49'),
	('RC0730', 4, 'admin', NULL, '2023-10-22 11:47:16'),
	('R8CB43', 4, 'admin', NULL, '2023-10-22 12:06:34'),
	('R661CB', 6, 'admin', NULL, '2023-10-22 12:06:55'),
	('R380EA', 4, 'admin', NULL, '2023-10-22 12:07:22'),
	('R4C5B1', 10, 'admin', NULL, '2023-10-22 12:10:14'),
	('RE010B', 10, 'admin', NULL, '2023-10-22 12:10:43'),
	('R90FFC', 5, 'admin', NULL, '2023-10-22 12:49:06'),
	('R86C3C', 5, 'admin', NULL, '2023-10-22 12:49:55'),
	('RE3D4D', 10, 'admin', NULL, '2023-10-22 13:07:58'),
	('R6668D', 1, 'admin', NULL, '2023-10-22 14:02:23'),
	('R57F67', 10, 'admin', NULL, '2023-10-22 20:24:10'),
	('R0C860', 10, 'admin', NULL, '2023-10-22 20:30:30'),
	('R4A553', 50, 'admin', NULL, '2023-10-22 20:32:21'),
	('R535AC', 20, 'admin', NULL, '2023-10-22 20:36:05'),
	('R64855', 4, 'admin', NULL, '2023-10-22 20:37:02'),
	('R443FA', 10, 'admin', NULL, '2023-10-22 21:22:25'),
	('RF6EC1', 5, 'admin', NULL, '2023-10-29 19:33:51'),
	('R6E644', 2, 'admin', NULL, '2023-11-07 15:24:15'),
	('R6E644', 8, 'admin', NULL, '2023-11-10 21:43:26'),
	('RBB8F5', 1, 'admin', NULL, '2023-11-10 21:47:40'),
	('RF6EC1', 5, 'admin', NULL, '2023-11-17 08:17:52');

-- Dumping data for table ssi_merged.recieving_item: ~89 rows (approximately)
INSERT INTO `recieving_item` (`id`, `NAME`, `item_uid`, `ordered_by`, `initial_stock`, `current_stock`, `supp_id`, `exp_date`, `reciever`, `state`, `date_set`, `date_recieved`) VALUES
	('1', 'Nutri-Vet Bladder Control Supplement for Dogs', 'I00005', 'admin', 15, 0, 'SU000001', '2023-10-26', 'klyde', 2, '0000-00-00 00:00:00', '2023-06-12 01:49:18'),
	('2', 'Nutri-Vet Bladder Control Supplement for Dogs', 'I00005', 'admin', 25, 25, 'SU000001', '2023-08-03', 'klyde', 2, '0000-00-00 00:00:00', '2023-06-12 01:57:52'),
	('R0440A', 'Fresh Step Clumping Cat Litter (100mg)', 'I00003', 'admin', 7, 7, 'SU000007', NULL, NULL, 1, '2023-11-10 13:21:30', NULL),
	('R06952', 'MayPaw Heavy Duty Rope Dog Leash', 'I00001', 'admin', 60, 60, 'SU000001', NULL, 'klyde', 2, '0000-00-00 00:00:00', '2023-06-14 11:39:30'),
	('R07365', 'Nutri-Vet Bladder Control Supplement for Dogs', 'I00005', 'admin', 15, 15, 'SU000003', '2023-08-31', 'klyde', 2, '0000-00-00 00:00:00', '2023-06-12 02:06:53'),
	('R08012', 'Nutri-Vet Bladder Control Supplement for Dogs', 'I00005', 'admin', 10, 2, 'SU000004', '2023-10-27', 'admin', 2, '2023-10-14 19:11:31', '2023-10-15 01:32:34'),
	('R0A465', 'Nutri-Vet Bladder Control Supplement for Dogs', 'I00005', 'admin', 50, 50, 'SU000004', '2023-10-08', 'admin', 2, '2023-10-08 19:57:45', '2023-10-08 19:57:56'),
	('R0C22D', 'Comedy', 'I1aa81', 'admin', 1, 1, 'SU000003', NULL, 'admin', 2, '2023-10-08 20:14:58', '2023-10-08 20:18:29'),
	('R0C860', 'Test Item', 'Iaad08', 'admin', 10, 10, 'SU000005', NULL, 'admin', 2, '2023-10-22 20:24:26', '2023-10-22 20:30:27'),
	('R13022', 'Fresh Step Clumping Cat Litter', 'I00003', 'admin', 4, 4, 'SU000001', NULL, 'acc_name', 2, '2023-08-30 23:42:34', '2023-08-30 23:42:43'),
	('R13D3C', 'Kawaki wo ameku', 'Ia71e7', 'admin', 1, 1, 'SU000005', NULL, 'admin', 2, '2023-10-01 17:10:13', '2023-10-08 16:01:42'),
	('R16f93', 'Nutri-Vet Bladder Control Supplement for Dogs', 'I00005', 'admin', 21, 21, 'SU000001', NULL, 'klyde', 2, '0000-00-00 00:00:00', '2023-06-14 11:42:10'),
	('R1e3d5', 'Test', 'I10fdf', 'admin', 10, 5, 'SU000001', NULL, 'acc_name', 2, '2023-09-11 23:50:09', '2023-09-16 20:36:15'),
	('R20205', 'Taglory Rope Dog Leash', 'I00002', 'admin', 50, 10, 'SU000004', NULL, 'admin', 2, '2023-10-08 12:16:57', '2023-10-08 15:23:12'),
	('R205d2', 'Taglory Rope Dog Leash', 'I00002', 'admin', 50, 50, 'SU000001', NULL, 'klyde', 2, '0000-00-00 00:00:00', '2023-06-14 09:41:57'),
	('R21e64', 'UniLeash', 'I00006', 'admin', 50, 40, 'SU000001', NULL, 'acc_name', 2, '2023-09-13 07:51:08', '2023-09-16 23:22:46'),
	('R23F5F', 'Test Item (10mg)', 'I3128E', 'admin', 1, 1, 'SU000008', NULL, NULL, 1, '2023-11-10 21:46:22', NULL),
	('R24E82', 'Comedy', 'I1aa81', 'admin', 5, 5, 'SU000003', NULL, 'admin', 2, '2023-10-08 20:37:50', '2023-10-08 20:37:55'),
	('R275ab', 'UniLeash', 'I00006', 'admin', 15, 15, 'SU000001', NULL, 'klyde', 2, '0000-00-00 00:00:00', '2023-06-14 09:50:12'),
	('R29172', 'Kessoku Band', 'I2b993', 'admin', 10, 10, 'SU000004', NULL, 'admin', 2, '2023-10-08 20:19:00', '2023-10-08 20:19:05'),
	('R291BF', 'Taglory Rope Dog Leash', 'I00002', 'admin', 10, 10, 'SU000004', NULL, 'admin', 2, '2023-10-14 19:08:25', '2023-10-15 00:58:56'),
	('R2ae83', 'MayPaw Heavy Duty Rope Dog Leash', 'I00001', 'admin', 5, 5, 'SU000001', NULL, NULL, -1, '2023-08-30 23:07:19', NULL),
	('R2b87d', 'Fresh Step LeightWeight Clumping Cat Litter', 'I00004', 'admin', 50, 50, 'SU000001', NULL, 'klyde', 2, '0000-00-00 00:00:00', '2023-06-14 09:51:31'),
	('R2e4c7', 'Taglory Rope Dog Leash', 'I00002', 'admin', 10, 10, 'SU000001', NULL, 'acc_name', 2, '2023-08-30 23:54:15', '2023-08-30 23:54:20'),
	('R31a74', 'Fresh Step Clumping Cat Litter', 'I00003', 'admin', 5, 5, 'SU000001', NULL, NULL, -1, '2023-08-30 23:05:43', NULL),
	('R380EA', 'Taglory Rope Dog Leash (TEST)', 'I00002', 'admin', 4, 4, 'SU000004', NULL, 'admin', 2, '2023-10-22 12:07:11', '2023-10-22 12:07:21'),
	('R38FF5', 'Taglory Rope Dog Leash', 'I00002', 'admin', 1, 1, 'SU000004', NULL, 'admin', 2, '2023-10-15 01:53:55', '2023-10-15 01:54:02'),
	('R3FE2D', 'Comedy', 'I1aa81', 'admin', 5, 5, 'SU000003', NULL, 'admin', 2, '2023-10-08 20:31:26', '2023-10-08 20:31:42'),
	('R40675', 'Fresh Step LeightWeight Clumping Cat Litter', 'I00004', 'admin', 50, 50, 'SU000001', NULL, 'klyde', 2, '0000-00-00 00:00:00', '2023-06-14 09:50:16'),
	('R43417', 'Nutri-Vet Bladder Control Supplement for Dogs', 'I00005', 'admin', 50, 41, 'SU000001', NULL, 'acc_name', 2, '2023-08-23 15:36:20', '2023-08-30 14:57:18'),
	('R443FA', 'Test Item 006 (100mg)', 'IACBE3', 'admin', 10, 10, 'SU000001', NULL, 'admin', 2, '2023-10-22 21:22:04', '2023-10-22 21:22:23'),
	('R469D2', 'Kessoku Band (100mg)', 'I2b993', 'admin', 10, 10, 'SU000004', NULL, NULL, 1, '2023-10-30 17:16:16', NULL),
	('R47299', 'Nutri-Vet Bladder Control Supplement for Dogs', 'I00005', 'admin', 10, 4, 'SU000004', NULL, 'admin', 2, '2023-10-15 01:33:04', '2023-10-15 01:59:58'),
	('R4A553', 'Test Item', 'Iaad08', 'admin', 50, 50, 'SU000005', NULL, 'admin', 2, '2023-10-22 20:32:12', '2023-10-22 20:32:20'),
	('R4B774', 'Comedy', 'I1aa81', 'admin', 3, 3, 'SU000003', NULL, 'admin', 2, '2023-10-08 20:06:56', '2023-10-08 20:07:01'),
	('R4C5B1', 'Test 0010 (TEST)', 'I32CCE', 'admin', 10, 10, 'SU000001', NULL, 'admin', 2, '2023-10-22 12:10:05', '2023-10-22 12:10:13'),
	('R4D212', 'Test Item 002', 'I39DC8', 'admin', 10, 10, 'SU000001', NULL, 'admin', 2, '2023-10-08 20:42:25', '2023-10-08 20:42:30'),
	('R513E9', 'Test ITem 003', 'I0AE71', 'admin', 50, 10, 'SU000001', NULL, 'acc_name', 2, '2023-09-16 15:22:47', '2023-10-01 17:35:21'),
	('R535AC', 'Test Item', 'Iaad08', 'admin', 20, 20, 'SU000005', NULL, 'admin', 2, '2023-10-22 20:35:56', '2023-10-22 20:36:04'),
	('R5652B', 'Comedy', 'I1aa81', 'admin', 10, 10, 'SU000003', NULL, 'admin', 2, '2023-10-08 19:56:05', '2023-10-08 19:57:23'),
	('R57F67', 'Test Item', 'Iaad08', 'admin', 10, 10, 'SU000005', NULL, 'admin', 2, '2023-10-22 20:22:51', '2023-10-22 20:24:09'),
	('R59c25', 'Fresh Step LeightWeight Clumping Cat Litter', 'I00004', 'admin', 15, 15, 'SU000001', NULL, 'klyde', 2, '0000-00-00 00:00:00', '2023-06-12 03:08:22'),
	('R59FDC', 'Kessoku Band (100mg)', 'I2b993', 'admin', 1, 1, 'SU000004', NULL, NULL, 1, '2023-11-10 13:32:11', NULL),
	('R61f49', 'MayPaw Heavy Duty Rope Dog Leash', 'I00001', 'admin', 50, 50, 'SU000001', '2023-08-31', 'klyde', 2, '0000-00-00 00:00:00', '2023-06-13 20:28:05'),
	('R64855', 'MayPaw Heavy Duty Rope Dog Leash (100mg)', 'I00001', 'admin', 4, 4, 'SU000004', NULL, 'admin', 2, '2023-10-22 20:36:54', '2023-10-22 20:37:01'),
	('R661CB', 'Taglory Rope Dog Leash (TEST)', 'I00002', 'admin', 6, 6, 'SU000004', NULL, 'admin', 2, '2023-10-22 12:06:48', '2023-10-22 12:06:53'),
	('R66215', 'Comedy', 'I1aa81', 'admin', 5, 5, 'SU000003', NULL, 'admin', 2, '2023-10-08 20:38:49', '2023-10-08 20:38:55'),
	('R6668D', 'MayPaw Heavy Duty Rope Dog Leash (TEST)', 'I00001', 'admin', 1, 1, 'SU000004', NULL, 'admin', 2, '2023-10-22 14:02:19', '2023-10-22 14:02:22'),
	('R6838c', 'MayPaw Heavy Duty Rope Dog Leash', 'I00001', 'admin', 5, 5, 'SU000001', '2023-08-29', 'acc_name', 2, '2023-08-28 12:56:18', '2023-08-28 12:56:39'),
	('R69EB1', '1000 (100mg)', 'I1F3E7', 'admin', 1, 1, 'SU000001', NULL, NULL, -1, '2023-10-22 22:20:22', NULL),
	('R6B64B', 'Fresh Step LeightWeight Clumping Cat Litter', 'I00004', 'admin', 10, 5, 'SU000004', NULL, 'admin', 2, '2023-09-16 15:28:09', '2023-10-08 15:20:49'),
	('R6E644', 'TESTB', 'I2F75F', 'admin', 10, 8, 'SU000001', NULL, 'admin', 2, '2023-10-29 21:45:30', '2023-11-10 21:43:25'),
	('R723f5', 'MayPaw Heavy Duty Rope Dog Leash', 'I00001', 'admin', 20, 20, 'SU000001', NULL, 'acc_name', 2, '0000-00-00 00:00:00', '2023-08-23 06:56:32'),
	('R73829', 'MayPaw Heavy Duty Rope Dog Leash', 'I00001', 'admin', 10, 10, 'SU000004', NULL, 'acc_name', 2, '2023-09-16 15:27:04', '2023-09-16 15:34:42'),
	('R75625', 'Kawaki wo ameku (100mg)', 'Ia71e7', 'admin', 50, 50, 'SU000005', NULL, NULL, 1, '2023-11-10 21:48:03', NULL),
	('R80708', 'Comedy', 'I1aa81', 'admin', 5, 5, 'SU000003', NULL, 'admin', 2, '2023-10-08 16:17:43', '2023-10-08 16:23:07'),
	('R808a6', 'UniLeash', 'I00006', 'admin', 50, 50, 'SU000001', NULL, 'klyde', 2, '0000-00-00 00:00:00', '2023-06-13 17:43:22'),
	('R822b5', 'UniLeash', 'I00006', 'admin', 50, 50, 'SU000001', '2023-07-27', 'klyde', 2, '0000-00-00 00:00:00', '2023-06-13 17:45:42'),
	('R842D3', 'Cat Leash - Green (1m)', 'IE273F', 'admin', 10, 10, 'SU000002', NULL, NULL, 1, '2023-11-10 13:23:02', NULL),
	('R84D95', 'Comedy', 'I1aa81', 'admin', 10, 5, 'SU000003', NULL, 'admin', 2, '2023-10-10 07:38:47', '2023-10-10 07:42:26'),
	('R8646A', '1000 (100mg)', 'I1F3E7', 'admin', 1, 1, 'SU000001', NULL, NULL, 1, '2023-11-10 13:31:42', NULL),
	('R86C3C', 'Test Item 005 (TEST)', 'IFF357', 'admin', 5, 5, 'SU000001', NULL, 'admin', 2, '2023-10-22 12:49:49', '2023-10-22 12:49:54'),
	('R86f29', 'MayPaw Heavy Duty Rope Dog Leash', 'I00001', 'admin', 15, 15, 'SU000001', NULL, NULL, -1, '2023-08-30 21:54:04', NULL),
	('R877EB', 'Comedy', 'I1aa81', 'admin', 50, 50, 'SU000003', NULL, 'admin', 2, '2023-10-08 18:50:28', '2023-10-08 19:55:55'),
	('R8780B', 'Taglory Rope Dog Leash', 'I00002', 'admin', 3, 2, 'SU000004', NULL, 'admin', 2, '2023-10-15 01:55:33', '2023-10-15 01:55:49'),
	('R8CB43', 'Taglory Rope Dog Leash (TEST)', 'I00002', 'admin', 4, 4, 'SU000004', NULL, 'admin', 2, '2023-10-22 12:06:28', '2023-10-22 12:06:33'),
	('R8ED09', '1000 (100mg)', 'I1F3E7', 'admin', 1, 1, 'SU000001', NULL, NULL, 1, '2023-11-10 13:31:58', NULL),
	('R90FFC', 'Test Item 005 (TEST)', 'IFF357', 'admin', 5, 5, 'SU000001', NULL, 'admin', 2, '2023-10-22 12:48:59', '2023-10-22 12:49:04'),
	('R917e0', 'Fresh Step LeightWeight Clumping Cat Litter', 'I00004', 'admin', 5, 1, 'SU000001', NULL, 'acc_name', 2, '2023-08-30 23:53:06', '2023-08-30 23:53:59'),
	('R923FB', 'Test 0010 (100mg)', 'I32CCE', 'admin', 10, 10, 'SU000001', NULL, NULL, 1, '2023-11-10 13:04:02', NULL),
	('R9d3a7', 'UniLeash', 'I00006', 'admin', 90, 5, 'SU000001', NULL, 'admin', 2, '2023-09-13 09:58:01', '2023-10-08 16:01:26'),
	('R9F732', 'Comedy', 'I1aa81', 'admin', 5, 5, 'SU000003', NULL, 'admin', 2, '2023-10-08 20:29:31', '2023-10-08 20:29:38'),
	('Ra1c30', 'Kawaki wo ameku', 'Ia71e7', 'admin', 60, 5, 'SU000001', NULL, 'admin', 2, '2023-09-14 12:04:26', '2023-10-08 16:01:31'),
	('Ra9de5', 'Taglory Rope Dog Leash', 'I00002', 'admin', 50, 50, 'SU000001', NULL, NULL, -1, '2023-08-30 20:33:34', NULL),
	('Rae388', 'MayPaw Heavy Duty Rope Dog Leash', 'I00001', 'admin', 10, 10, 'SU000001', NULL, 'acc_name', 2, '2023-08-30 23:43:11', '2023-08-30 23:43:28'),
	('RB1AF3', 'Test Item (10mg)', 'I3128E', 'admin', 1, 1, 'SU000008', NULL, NULL, 1, '2023-11-10 13:24:18', NULL),
	('RB4587', 'Comedy', 'I1aa81', 'admin', 5, 5, 'SU000003', NULL, 'admin', 2, '2023-10-08 20:40:39', '2023-10-08 20:40:43'),
	('RBB8F5', 'Cat Nips (100mg)', 'ID121A', 'admin', 1, 1, 'SU000001', NULL, 'admin', 2, '2023-11-10 13:24:28', '2023-11-10 21:47:39'),
	('RBD852', 'Nutri-Vet Bladder Control Supplement for Dogs', 'I00005', 'admin', 10, 10, 'SU000004', '2023-10-30', 'admin', 2, '2023-10-12 00:01:39', '2023-10-12 00:01:45'),
	('RBE2A2', 'Test Item 006', 'IACBE3', 'admin', 10, 10, 'SU000001', NULL, 'admin', 2, '2023-10-08 19:59:26', '2023-10-08 20:05:12'),
	('Rb074c', 'Nutri-Vet Bladder Control Supplement for Dogs', 'I00005', 'admin', 10, 4, 'SU000001', '2023-09-28', 'acc_name', 2, '2023-08-30 23:43:49', '2023-08-30 23:52:33'),
	('Rb556f', 'Taglory Rope Dog Leash', 'I00002', 'admin', 5, 5, 'SU000001', NULL, 'acc_name', 2, '2023-08-23 06:54:02', '2023-08-26 14:38:02'),
	('RC0730', 'TEST', 'I10fdf', 'admin', 4, 4, 'SU000004', NULL, 'admin', 2, '2023-10-22 11:47:11', '2023-10-22 11:47:15'),
	('RC0AC6', 'Comedy', 'I1aa81', 'admin', 50, 10, 'SU000003', NULL, 'admin', 2, '2023-10-10 09:08:44', '2023-10-10 09:18:48'),
	('RC3713', 'Nutri-Vet Bladder Control Supplement for Dogs', 'I00005', 'admin', 50, 5, 'SU000004', '2023-10-30', 'admin', 2, '2023-10-10 09:10:39', '2023-10-15 09:07:46'),
	('RCDA5A', 'Comedy', 'I1aa81', 'admin', 5, 5, 'SU000003', NULL, 'admin', 2, '2023-10-08 20:45:16', '2023-10-08 20:45:21'),
	('Rc0b6a', 'Taglory Rope Dog Leash', 'I00002', 'admin', 50, 50, 'SU000001', NULL, 'acc_name', 2, '0000-00-00 00:00:00', '2023-08-23 06:40:06'),
	('RD06C1', 'Taglory Rope Dog Leash', 'I00002', 'admin', 4, 4, 'SU000004', NULL, 'admin', 2, '2023-10-15 02:00:28', '2023-10-15 02:00:31'),
	('RDB2B5', 'Test Item (10mg)', 'I3128E', 'admin', 1, 1, 'SU000008', NULL, NULL, 1, '2023-11-10 13:22:15', NULL),
	('Rd584c', 'MayPaw Heavy Duty Rope Dog Leash', 'I00001', 'admin', 55, 55, 'SU000001', NULL, 'acc_name', 2, '2023-08-30 14:58:50', '2023-08-30 14:58:56'),
	('Rdf3a5', 'Test Item', 'Iaad08', 'admin', 10, 10, 'SU000001', NULL, 'acc_name', 2, '2023-09-14 12:09:10', '2023-09-16 20:35:59'),
	('RE010B', 'TEST ITEM 004 (TEST)', 'I7A986', 'admin', 10, 10, 'SU000001', NULL, 'admin', 2, '2023-10-22 12:10:36', '2023-10-22 12:10:41'),
	('RE2198', 'Taglory Rope Dog Leash', 'I00002', 'admin', 10, 5, 'SU000004', NULL, 'admin', 2, '2023-10-15 02:01:29', '2023-10-22 11:45:25'),
	('RE3D4D', 'Test Item 005 (TEST)', 'IFF357', 'admin', 10, 10, 'SU000001', NULL, 'admin', 2, '2023-10-22 13:07:48', '2023-10-22 13:07:56'),
	('RE6362', 'Kawaki wo ameku', 'Ia71e7', 'admin', 1, 1, 'SU000005', NULL, 'admin', 2, '2023-10-08 20:22:36', '2023-10-08 20:23:02'),
	('RE966E', 'TEST', 'I10fdf', 'admin', 4, 4, 'SU000004', NULL, 'admin', 2, '2023-10-22 11:45:40', '2023-10-22 11:45:48'),
	('REAEE0', 'Test Item (10mg)', 'I3128E', 'admin', 1, 1, 'SU000003', NULL, NULL, 1, '2023-11-10 13:21:19', NULL),
	('RECA53', 'Kessoku Band', 'I2b993', 'admin', 1, 1, 'SU000004', NULL, 'admin', 2, '2023-10-08 20:44:59', '2023-10-08 20:45:02'),
	('RF6EC1', '1000 (100mg)', 'I1F3E7', 'admin', 10, 5, 'SU000001', NULL, 'admin', 2, '2023-10-29 19:33:38', '2023-11-17 08:17:50'),
	('RF85FE', 'Kessoku Band', 'I2b993', 'admin', 1, 1, 'SU000004', NULL, 'admin', 2, '2023-10-08 20:22:29', '2023-10-08 20:22:40'),
	('RF8D0A', 'Comedy', 'I1aa81', 'admin', 9, 9, 'SU000003', NULL, 'admin', 2, '2023-10-08 20:26:06', '2023-10-08 20:26:10'),
	('RFBE93', 'Kessoku Band', 'I2b993', 'admin', 100, 20, 'SU000004', NULL, 'admin', 2, '2023-10-08 18:45:22', '2023-10-08 18:46:20'),
	('RFFE1B', 'Test', 'I10fdf', 'admin', 10, 5, 'SU000004', NULL, 'admin', 2, '2023-09-16 15:25:28', '2023-10-08 16:01:37'),
	('Rf166d', 'MayPaw Heavy Duty Rope Dog Leash', 'I00001', 'admin', 15, 15, 'SU000001', NULL, 'klyde', 2, '0000-00-00 00:00:00', '2023-06-12 03:08:47');

-- Dumping data for table ssi_merged.replacement_items: ~28 rows (approximately)
INSERT INTO `replacement_items` (`rep_id`, `item_id`, `item_desc`, `price`, `quantity`, `reason`) VALUES
	('REP0090A1750', 'Ia71e7', 'Kawaki wo ameku (100mg)', 244.78, 1, 'Defective/Damaged'),
	('REP0090A1750', 'I00006', 'UniLeash (100mg)', 144, 1, 'Defective/Damaged'),
	('REP0090A1750', 'Iaad08', 'Test Item', 110, 1, 'Defective/Damaged'),
	('REP007F09FD4', 'Ia71e7', 'Kawaki wo ameku (100mg)', 244.78, 1, 'Defective/Damaged'),
	('REP002D3C86B', 'Ia71e7', 'Kawaki wo ameku (100mg)', 244.78, 1, 'Defective/Damaged'),
	('REP007F93945', 'Ia71e7', 'Kawaki wo ameku (100mg)', 244.78, 1, 'Defective/Damaged'),
	('REP0016FEA96', 'I00004', 'Fresh Step LeightWeight Clumping Cat Litter (100mg)', 796.95, 1, 'Defective/Damaged'),
	('REP00B0452B6', 'I00004', 'Fresh Step LeightWeight Clumping Cat Litter (100mg)', 796.95, 1, 'Defective/Damaged'),
	('REP001512299', 'I00002', 'Taglory Rope Dog Leash (100mg)', 440, 1, 'Defective/Damaged'),
	('REP00442FE98', 'I1F3E7', '1000 (100mg)', 200, 1, 'Defective/Damaged'),
	('REP00A08B985', 'I00002', 'Taglory Rope Dog Leash (100mg)', 440, 2, 'Defective/Damaged'),
	('REP00B2FA10A', 'I00006', 'UniLeash (100mg)', 144, 1, 'Defective/Damaged'),
	('REP00397D531', 'Iaad08', 'Test Item', 110, 2, 'Defective/Damaged'),
	('REP00397D531', 'IACBE3', 'Test Item 006 (100mg)', 101, 1, 'Defective/Damaged'),
	('REP0093825F9', 'I1F3E7', '1000 (100mg)', 200, 1, 'Defective/Damaged'),
	('REP009CE0229', 'I1aa81', 'Comedy (100mg)', 242.42, 2, 'Defective/Damaged'),
	('REP00F752183', 'I1aa81', 'Comedy (100mg)', 242.42, 1, 'Defective/Damaged'),
	('REP00E39319E', 'IE273F', 'Cat Leash - Green (1m)', 150, 1, 'Defective/Damaged'),
	('REP00A44CFDB', 'I0AE71', 'Test ITem 003 (100mg)', 310, 1, 'Defective/Damaged'),
	('REP0078CD55C', 'I00006', 'UniLeash (100mg)', 144, 1, 'Defective/Damaged'),
	('REP00C146208', 'I00006', 'UniLeash (100mg)', 144, 1, 'Defective/Damaged'),
	('REP00CEFD214', 'I00006', 'UniLeash (100mg)', 144, 1, 'Defective/Damaged'),
	('REP0098FAF04', 'I00005', 'Nutri-Vet Bladder Control Supplement for Dogs (100mg)', 1140.15, 1, 'Defective/Damaged'),
	('REP0041C5692', 'I00005', 'Nutri-Vet Bladder Control Supplement for Dogs (100mg)', 1140.15, 1, 'Defective/Damaged'),
	('REP0058FCD17', 'I00006', 'UniLeash (100mg)', 144, 1, 'Defective/Damaged'),
	('REP00064F218', 'I00006', 'UniLeash (100mg)', 144, 2, 'Defective/Damaged'),
	('REP003CCC217', 'I00005', 'Nutri-Vet Bladder Control Supplement for Dogs (100mg)', 1140.15, 1, 'Defective/Damaged'),
	('REP008EEC483', 'I00006', 'UniLeash (100mg)', 144, 2, 'Defective/Damaged'),
	('REP0039F1597', 'I00005', 'Nutri-Vet Bladder Control Supplement for Dogs (100mg)', 1140.15, 1, 'Defective/Damaged'),
	('REP00B019D65', 'I00005', 'Nutri-Vet Bladder Control Supplement for Dogs (100mg)', 1140.15, 1, 'Expired');

-- Dumping data for table ssi_merged.replacement_record: ~21 rows (approximately)
INSERT INTO `replacement_record` (`rep_id`, `transction_id`, `new_total`, `replace_by`, `replacement_date`) VALUES
	('REP001512299', '161', 2640, 'admin', '2023-11-07 17:43:35'),
	('REP0016FEA96', '165', 796.95, 'admin', '2023-11-07 14:01:46'),
	('REP00397D531', '151', 1055, 'admin', '2023-11-11 11:21:46'),
	('REP0039F1597', '177', 3420.45, 'admin', '2023-11-12 21:16:28'),
	('REP003CCC217', '176', 2280.3, 'admin', '2023-11-12 20:49:16'),
	('REP0041C5692', '170', 1140.15, 'admin', '2023-11-12 20:16:12'),
	('REP00442FE98', '163', 920, 'admin', '2023-11-07 18:06:17'),
	('REP0058FCD17', '173', 144, 'admin', '2023-11-12 20:29:00'),
	('REP0078CD55C', '169', 144, 'admin', '2023-11-12 18:00:29'),
	('REP007F93945', '158', 1284.34, 'admin', '2023-11-06 01:22:25'),
	('REP008EEC483', '175', 576, 'admin', '2023-11-12 20:58:33'),
	('REP0093825F9', '155', 800, 'admin', '2023-11-11 11:42:54'),
	('REP0098FAF04', '170', 1140.15, 'admin', '2023-11-12 20:11:11'),
	('REP009CE0229', '166', 242.42, 'admin', '2023-11-11 12:23:44'),
	('REP00A08B985', '162', 2330, 'admin', '2023-11-07 20:02:18'),
	('REP00A44CFDB', '168', 1010, 'admin', '2023-11-12 13:34:11'),
	('REP00B019D65', '186', 1140.15, 'admin', '2023-11-17 08:45:08'),
	('REP00B0452B6', '160', 2557.1, 'admin', '2023-11-07 17:39:13'),
	('REP00B2FA10A', '150', 1326, 'admin', '2023-11-08 13:53:13'),
	('REP00C146208', '169', 144, 'admin', '2023-11-12 18:05:27'),
	('REP00CEFD214', '169', 144, 'admin', '2023-11-12 18:09:51'),
	('REP00E39319E', '159', 800, 'admin', '2023-11-12 12:08:08'),
	('REP00F752183', '167', 1140.15, 'admin', '2023-11-11 12:28:12');

INSERT INTO `services_transaction_content` (`transaction_uid`, `service_uid`, `service_name`, `pet_uid`, `patient_name`, `scheduled_date`, `price`, `deduction`, `status`, `end_schedule`, `multiple_sched_quan`, `instance_of_mul_sched`) VALUES
	('80', 'S00001', 'Grooming', '143436', 'Gabi', '2023-09-29', 500, 0, 0, NULL, NULL, NULL),
	('81', 'S00001', 'Grooming', '001431', 'Muning', '2023-09-29', 500, 0, 0, NULL, NULL, NULL),
	('81', 'S00005', 'Canine Castration Surgery', '001431', 'Muning', '2023-09-29', 1700, 0, 0, NULL, NULL, NULL),
	('83', 'S00001', 'Grooming', '001431', 'Muning', '2023-09-03', 500, 0, 0, NULL, NULL, NULL),
	('89', 'S00001', 'Grooming', '012633', 'Bantay', '2023-09-08', 500, 0, 0, NULL, NULL, NULL),
	('93', 'S00001', 'Grooming', 'P536ec', 'Clarence', '2023-10-05', 500, 0, 0, NULL, NULL, NULL),
	('100', 'S00001', 'Grooming', '143436', 'Gabi', '2023-10-18', 500, 0, 0, NULL, NULL, NULL),
	('100', 'S00001', 'Grooming', 'P536ec', 'Clarence', '2023-10-18', 500, 0, 0, NULL, NULL, NULL),
	('159', 'S00001', 'Grooming', 'P482dc', 'Whitey', '2023-10-18', 500, 0, 0, NULL, NULL, NULL),
	('166', 'S00001', 'Grooming', 'P62fd9', 'Clarence', '2023-11-10', 500, 0, 0, NULL, NULL, NULL),
	('167', 'S00001', 'Grooming', '234905', 'TJ', '2023-11-10', 500, 0, 0, NULL, NULL, NULL),
	('168', 'S00002', '5-in-1 Vaccine', '001431', 'Muning', '2023-11-12', 3000, 0, 0, NULL, 1, 2),
	('169', 'S00001', 'Grooming', '001431', 'Muning', '2023-11-09', 500, 0, 0, NULL, NULL, NULL),
	('170', 'S00001', 'Grooming', '001431', 'Muning', '2023-11-10', 500, 0, 0, NULL, NULL, NULL),
	('171', 'S00001', 'Grooming', '001431', 'Muning', '2023-11-12', 500, 0, 0, NULL, NULL, NULL),
	('172', 'S00001', 'Grooming', '234905', 'TJ', '2023-11-12', 500, 0, 0, NULL, NULL, NULL),
	('173', 'S00001', 'Grooming', '234905', 'TJ', '2023-11-12', 500, 0, 0, NULL, NULL, NULL),
	('174', 'S00001', 'Grooming', '234905', 'TJ', '2023-11-12', 500, 0, 0, NULL, NULL, NULL),
	('175', 'S00004', 'Yeast Infection Treatment', '001431', 'Muning', '2023-11-12', 2100, 0, 0, NULL, NULL, NULL),
	('176', 'S00003', 'Papiloma Vaccine', '001431', 'Muning', '2023-11-12', 2500, 0, 0, NULL, NULL, NULL),
	('177', 'S00001', 'Grooming', '001431', 'Muning', '2023-11-12', 500, 0, 0, NULL, NULL, NULL),
	('178', 'S00003', 'Papiloma Vaccine', '001431', 'Muning', '2023-11-12', 2500, 0, 0, NULL, NULL, NULL),
	('179', 'S00002', '5-in-1 Vaccine', '001431', 'Muning', '2023-11-10', 7500, 0, 0, NULL, 5, 5),
	('183', 'S00002', '5-in-1 Vaccine', '001431', 'Muning', '2023-11-09', 6000, 0, 0, NULL, 2, 4),
	('184', 'S00002', '5-in-1 Vaccine', 'P7b350', 'Roko', '2023-11-23', 6000, 0, 0, NULL, 5, 4),
	('185', 'S00002', '5-in-1 Vaccine', '012633', 'Bantay', '2023-11-14', 6000, 0, 0, NULL, 5, 4),
	('192', 'S00001', 'Grooming', '001431', 'Muning', '2023-11-14', 500, 0, 0, NULL, NULL, NULL),
	('193', 'S00001', 'Grooming', '001431', 'Muning', '2023-11-14', 500, 0, 0, NULL, NULL, NULL),
	('194', 'S00001', 'Grooming', '001431', 'Muning', '2023-11-14', 500, 0, 0, NULL, NULL, NULL),
	('195', 'S00001', 'Grooming', '001431', 'Muning', '2023-11-14', 500, 0, 0, NULL, NULL, NULL),
	('196', 'S00001', 'Grooming', 'P7b350', 'Roko', '2023-11-14', 500, 0, 0, NULL, NULL, NULL),
	('205', 'S00004', 'Yeast Infection Treatment', '234905', 'TJ', '2023-11-15', 2100, 0, 0, NULL, NULL, NULL),
	('189', 'S00001', 'Grooming', '012633', 'Bantay', '2023-11-17', 500, 0, 0, NULL, NULL, NULL);

INSERT INTO `service_category_test` (`category`, `state`) VALUES
	('Grooming', 1),
	('Pet Care', 1),
	('Surgery', 1),
	('Test', 1),
	('Vaccination', 1);

-- Dumping data for table ssi_merged.service_info: ~8 rows (approximately)
INSERT INTO `service_info` (`UID`, `service_name`, `Item_needed`, `price`, `state`, `date_added`) VALUES
	('S00001', 'Grooming', 'test', 500, 1, '2023-05-29'),
	('S00002', '5-in-1 Vaccine', 'test', 1500, 1, '2023-05-29'),
	('S00003', 'Papiloma Vaccine', 'test', 2500, 1, '2023-05-29'),
	('S00004', 'Yeast Infection Treatment', 'test', 2100, 1, '2023-05-29'),
	('S00005', 'Canine Castration Surgery', 'test', 1700, 1, '2023-05-29'),
	('S00006', 'Confinement', 'test', 200, 1, '2023-05-29'),
	('S00007', 'Euthanasion', 'test', 900, 1, '2023-05-29'),
	('S00008', 'Feline Castration Srugery', 'test', 500, 1, '2023-05-29');

-- Dumping data for table ssi_merged.service_info_test: ~8 rows (approximately)
INSERT INTO `service_info_test` (`UID`, `service_name`, `price`, `category`, `duration_type`, `state`, `date_added`) VALUES
	('S00001', 'Grooming', 500, '', 0, 1, '2023-05-29'),
	('S00002', '5-in-1 Vaccine', 1500, '', 2, 1, '2023-05-29'),
	('S00003', 'Papiloma Vaccine', 2500, '', 0, 1, '2023-05-29'),
	('S00004', 'Yeast Infection Treatment', 2100, '', 0, 1, '2023-05-29'),
	('S00006', 'Confinement', 200, '', 1, 1, '2023-05-29'),
	('Saecf2', 'Grooming (Large)', 600, NULL, 0, 1, '2023-11-13'),
	('Se7c43', 'Canine Diagnostic', 1200, '', 0, 1, '2023-08-31');

INSERT INTO `service_preceeding_schedule` (`id`, `transaction_uid`, `service_uid`, `service_name`, `prefix`, `scheduled_date`, `status`) VALUES
	(43, '155', 'S00002', '5-in-1 Vaccine', 'Dose 2', '2023-11-14', 1),
	(44, '168', 'S00002', '5-in-1 Vaccine', 'Dose 2', '2023-12-11', 0),
	(45, '179', 'S00002', '5-in-1 Vaccine', 'Dose 2', '2023-12-03', 0),
	(46, '179', 'S00002', '5-in-1 Vaccine', 'Dose 3', '2023-12-03', 0),
	(47, '179', 'S00002', '5-in-1 Vaccine', 'Dose 4', '2023-12-03', 0),
	(48, '179', 'S00002', '5-in-1 Vaccine', 'Dose 5', '2023-12-03', 0),
	(49, '183', 'S00002', '5-in-1 Vaccine', 'Dose 2', '2023-11-22', 0),
	(50, '183', 'S00002', '5-in-1 Vaccine', 'Dose 3', '2023-11-22', 0),
	(51, '183', 'S00002', '5-in-1 Vaccine', 'Dose 4', '2023-11-22', 0),
	(52, '184', 'S00002', '5-in-1 Vaccine', 'Dose 2', '2023-11-20', 0),
	(53, '184', 'S00002', '5-in-1 Vaccine', 'Dose 3', '2023-11-24', 0),
	(54, '184', 'S00002', '5-in-1 Vaccine', 'Dose 4', '2023-11-29', 0),
	(55, '185', 'S00002', '5-in-1 Vaccine', 'Dose 2', '2023-11-22', 0),
	(56, '185', 'S00002', '5-in-1 Vaccine', 'Dose 3', '2023-11-27', 0),
	(57, '185', 'S00002', '5-in-1 Vaccine', 'Dose 4', '2023-12-02', 0);

INSERT INTO `supplier_info` (`supp_id`, `supp_name`, `telephone`, `contact_person`, `contact_number`, `contact_email`, `address`, `created_by`, `date_added`, `updated_by`, `date_modified`) VALUES
	('SU000001', 'ABC Corporation', '0054-7941-5674', 'James UPDATED RECORD Vinas', '09457891234', 'jamesvinas@abc.net', 'Quezon City', 'admin', '2023-09-15 00:00:00', 'admin', '2023-11-12 15:10:56'),
	('SU000002', 'XYZ Corporation', '000000000', 'Ryan Gosling', '01234567890', 'ryangosling@gmail.com', 'Quezon City', 'admin', '2023-09-15 20:40:22', 'admin', '2023-10-15 11:12:26'),
	('SU000003', 'UP Veterinary Supplies', '7891-8752-5478', 'Jesus Rizal', '0914 486 2143', 'upveterinary@gmail.com', 'UP Diliman, Quezon City', 'admin', '2023-09-15 21:41:26', 'admin', '2023-11-12 15:39:04'),
	('SU000004', 'Jesser Supplier Company', '4679-1246-4872', 'Jesser Famorca', '0154 467 3571', 'jesser.famorca@jcompany.com', 'Quezon City', 'admin', '2023-09-15 23:20:06', 'admin', '2023-10-15 11:05:59'),
	('SU000005', 'Med Corporation', '000000000', 'Dan Brown', '09875641243', 'danbrown@medcorp.net', 'Manila City', 'admin', '2023-09-16 00:11:33', NULL, NULL),
	('SU000006', 'BreadCrumb Corp.', '000000000', 'James Rubiales', '09745734891', 'NULL', 'Manila, Manila City', 'admin', '2023-09-16 14:11:36', NULL, NULL),
	('SU000007', 'JKL Corp', '000000000', 'Jose Rizal', '09208902063', 'jkl@gmail.com', 'QC', 'aila', '2023-09-20 09:45:47', NULL, NULL),
	('SU000008', 'DK Corporation', '000000000', 'Kajo Baldismo', '0213549870', 'kajo.bald@dkcorp.net', 'Quezon City', 'admin', '2023-10-08 02:14:19', NULL, NULL),
	('SU000009', 'John and Carlo Supplier', '000000000', 'Carlo Almero', '09807502958', 'HELLOW@gmail.com', 'Quezon City', 'admin', '2023-10-10 07:48:01', 'admin', '2023-10-22 15:17:11'),
	('SU000010', 'jamescorp', '4606135096', 'jamescorp', '18961357498641', 'jamescorp@gmail.com', 'jamescorp', 'admin', '2023-11-10 22:42:06', NULL, NULL),
	('SU000011', 'ChristianCorp', '51561603586', 'Christian James', '046872313516854', 'chrirstian@gmail.com', 'asdasdbasduyvoaqd', 'admin', '2023-11-10 22:47:41', NULL, '2023-11-12 15:40:47'),
	('SU000012', 'Test012', '2165161651', 'Test012', '03135203241', 'Test012@gmail.com', 'Test012', 'admin', '2023-11-10 22:49:32', NULL, NULL),
	('SU000013', 'Test013', '30231313513', 'Tian', '020315130213', 'Test013@gmail.com', 'Testasdasdasdasd', 'admin', '2023-11-10 22:50:12', NULL, NULL),
	('SUP00C62', 'SupplierTest', '0234354618', 'James Vinas', '09208902063', 'james_supplier@gmail.com', 'Quezon City', 'admin', '2023-11-12 14:58:20', NULL, NULL);

INSERT INTO `supplier_item_info` (`supplier_id`, `item_id`, `active`) VALUES
	('SU000001', 'I39DC8', 0),
	('SU000001', 'I00002', 1),
	('SU000001', 'I00006', 1),
	('SU000001', 'I1aa81', 1),
	('SU000001', 'Ia71e7', 1),
	('SU000001', 'IACBE3', 1),
	('SU000002', 'I00004', 0),
	('SU000003', 'I2b993', 1),
	('SU000004', 'I2b993', 1),
	('SU000004', 'I00005', 1),
	('SU000004', 'I1aa81', 1),
	('SU000002', 'I00001', 0),
	('SU000002', 'I7A986', 1),
	('SU000005', 'I00005', 1),
	('SU000001', 'I7A986', 1),
	('SU000002', 'I00007', 1),
	('SU000002', 'I00006', 0),
	('SU000001', 'ID121A', 1),
	('SU000009', 'I65B51', 1),
	('SU000008', 'I7E29F', 1),
	('SU000001', 'I65B51', 1),
	('SU000001', 'I10fdf', 1),
	('SU000001', 'I1F3E7', 0),
	('SU000001', 'IED7B0', 1),
	('SU000001', 'I8EC1F', 1),
	('SU000001', 'I2F75F', 1),
	('SU000001', 'I79FD7', 1),
	('SU000008', 'I3128E', 1),
	('SU000001', 'I00007', 1),
	('SU000004', 'ID121A', 1),
	('SU000004', 'I1F3E7', 1),
	('SU000003', 'I00003', 1),
	('SU000003', 'I3128E', 1),
	('SU000002', 'I1F3E7', 1),
	('SU000002', 'I00005', 1),
	('SU000002', 'I00003', 1),
	('SU000002', 'I00002', 0),
	('SU000007', 'I00002', 1),
	('SU000007', 'I00007', 1),
	('SU000007', 'I1F3E7', 1),
	('SU000007', 'I00003', 1),
	('SU000002', 'I10fdf', 1),
	('SU000002', 'I2b993', 1),
	('SU000007', 'I10fdf', 1),
	('SU000007', 'I00006', 1),
	('SU000008', 'I10fdf', 1),
	('SU000008', 'I00001', 1),
	('SU000008', 'I79FD7', 1),
	('SU000002', 'IE273F', 1),
	('SU000004', 'IE273F', 0),
	('SU000001', 'ICDD5B', 1),
	('SU000005', 'I8E72C', 1),
	('SU000001', 'ID6662', 1),
	('SU000001', 'IAEF95', 1),
	('SU000004', 'ICCEFE', 1);

-- Dumping data for table ssi_merged.transaction_record: ~181 rows (approximately)
INSERT INTO `transaction_record` (`transaction_uid`, `Attendant_usn`, `Client_id`, `client_name`, `Total_amount`, `transaction_date`, `state`, `deduction`) VALUES
	('0', 'aila', '0', 'N/A', 1045, '2023-07-14', 1, 0),
	('1', 'aila', '0', 'James V.', 500, '2023-07-15', 1, 0),
	('10', 'aila', '0', 'Jose R.', 500, '2023-08-01', 1, 0),
	('100', 'admin', '0', 'Davin Ferrancullo', 1000, '2023-10-18', 1, 0),
	('101', 'admin', '0', 'Joze Rizal', 7837.5, '2023-10-18', 1, 0),
	('102', 'admin', '0', 'Joze Rizal', 505, '2023-10-18', 1, 0),
	('103', 'admin', '0', 'James Viñas', 288, '2023-10-27', 1, 0),
	('104', 'aila', '0', 'Patrick Feniza', 2612.5, '2023-10-27', 1, 0),
	('105', 'aila', '0', 'Patrick Feniza', 2612.5, '2023-10-27', 1, 0),
	('106', 'aila', '0', 'Patrick Feniza', 2612.5, '2023-10-27', 1, 0),
	('107', 'aila', '0', 'Patrick Feniza', 2612.5, '2023-10-27', 1, 0),
	('108', 'aila', '0', 'Patrick Feniza', 2612.5, '2023-10-27', 1, 0),
	('109', 'aila', '0', 'Patrick Feniza', 2612.5, '2023-10-27', 1, 0),
	('11', 'aila', '0', 'N/A', 440, '2023-08-06', 1, 0),
	('110', 'aila', '0', 'Joze Rizal', 2200, '2023-10-27', 1, 0),
	('111', 'aila', '0', 'N/A', 2612.5, '2023-10-27', 1, 0),
	('112', 'aila', '0', 'N/A', 2200, '2023-10-27', 1, 0),
	('113', 'aila', '0', 'N/A', 2612.5, '2023-10-27', 1, 0),
	('114', 'aila', '0', 'Joze Rizal', 500, '2023-10-27', 1, 0),
	('115', 'aila', '0', 'N/A', 2200, '2023-10-27', 1, 0),
	('116', 'aila', '0', 'N/A', 2887.5, '2023-10-27', 1, 0),
	('117', 'aila', '0', 'N/A', 577.5, '2023-10-27', 1, 0),
	('118', 'aila', '0', 'N/A', 3984.75, '2023-10-27', 1, 0),
	('119', 'admin', '0', 'N/A', 2200, '2023-10-27', 1, 0),
	('12', 'aila', '0', 'James V.', 900, '2023-08-06', 1, 0),
	('120', 'admin', '0', 'Christopher Landas', 1320, '2023-10-27', 1, 0),
	('121', 'admin', '0', 'Budjette Tan', 2280.3, '2023-10-27', 1, 0),
	('122', 'admin', '0', 'James Viñas', 23567.5, '2023-10-27', 1, 0),
	('123', 'admin', '0', 'N/A', 2750, '2023-10-30', 1, 0),
	('124', 'admin', '0', 'N/A', 550, '2023-10-30', 1, 0),
	('125', 'admin', '0', 'N/A', 560, '2023-10-30', 1, 0),
	('126', 'admin', '0', 'N/A', 550, '2023-10-30', 1, 0),
	('127', 'admin', '0', 'N/A', 254, '2023-10-30', 1, 0),
	('128', 'admin', '0', 'N/A', 1580.15, '2023-10-30', 1, 0),
	('129', 'admin', '0', 'N/A', 110, '2023-10-30', 1, 0),
	('13', 'aila', '0', 'James V.', 500, '2023-08-07', 1, 0),
	('130', 'admin', '0', 'N/A', 440, '2023-10-30', 1, 0),
	('131', 'admin', '0', 'N/A', 1100, '2023-10-30', 1, 0),
	('132', 'admin', '0', 'N/A', 440, '2023-10-30', 1, 0),
	('133', 'admin', '0', 'N/A', 940.95, '2023-10-30', 1, 0),
	('134', 'admin', '0', 'N/A', 440, '2023-10-30', 1, 0),
	('135', 'admin', '0', 'N/A', 522.5, '2023-10-30', 1, 0),
	('136', 'admin', '0', 'N/A', 522.5, '2023-10-30', 1, 0),
	('137', 'admin', '0', 'N/A', 440, '2023-10-30', 1, 0),
	('138', 'admin', '0', 'N/A', 440, '2023-10-30', 1, 0),
	('139', 'admin', '0', 'N/A', 440, '2023-10-30', 1, 0),
	('14', 'aila', '0', 'N/A', 1320, '2023-08-07', 1, 0),
	('140', 'admin', '0', 'N/A', 242.42, '2023-10-30', 1, 0),
	('141', 'admin', '0', 'N/A', 576, '2023-10-30', 1, 0),
	('142', 'admin', '0', 'N/A', 840, '2023-10-30', 1, 0),
	('143', 'admin', '0', 'N/A', 930, '2023-10-30', 1, 0),
	('144', 'admin', '0', 'N/A', 2887.5, '2023-10-30', 1, 0),
	('145', 'admin', '0', 'Joze Rizal', 550, '2023-10-30', 1, 0),
	('146', 'admin', '0', 'Client Name', 2200, '2023-10-30', 1, 0),
	('147', 'admin', '0', 'Client Name', 2612.5, '2023-10-30', 1, 0),
	('148', 'admin', '0', 'Client Name', 1240, '2023-10-30', 1, 0),
	('149', 'admin', '0', 'Client Name', 2181.78, '2023-10-30', 1, 0),
	('15', 'aila', '0', 'N/A', 880, '2023-08-14', 1, 0),
	('150', 'admin', '0', 'James Viñas', 1326, '2023-11-08', 2, 0),
	('151', 'admin', '0', 'James Viñas', 1055, '2023-11-11', 2, 0),
	('152', 'admin', '0', 'Patrick Feniza', 254, '2023-11-01', 1, 0),
	('153', 'admin', '0', 'Patrick Feniza', 310, '2023-11-02', 1, 0),
	('154', 'admin', '0', 'Joze Rizal', 906, '2023-11-02', 1, 0),
	('155', 'admin', '0', 'Client Name', 800, '2023-11-11', 2, 0),
	('156', 'admin', '0', 'Davin Ferrancullo', 550, '2023-11-03', 1, 0),
	('157', 'admin', '0', 'Client Name', 1031.6, '2023-11-03', 1, 0),
	('158', 'admin', '0', 'Client Name', 1284.34, '2023-11-06', 2, 0),
	('159', 'admin', '0', 'Client Name', 800, '2023-11-12', 2, 0),
	('16', 'aila', '0', 'N/A', 2033.9, '2023-08-14', 1, 0),
	('160', 'admin', '0', 'Client Name', 2557.1, '2023-11-07', 2, 0),
	('161', 'admin', '0', 'Patrick Feniza', 2640, '2023-11-07', 2, 0),
	('162', 'admin', '0', 'Client Name', 2330, '2023-11-07', 2, 0),
	('163', 'admin', '0', 'Client Name', 920, '2023-11-07', 2, 0),
	('164', 'admin', '0', 'Client Name', 598, '2023-11-05', 1, 0),
	('165', 'admin', '0', 'Client Name', 796.95, '2023-11-07', 2, 0),
	('166', 'admin', '0', 'Client Name', 242.42, '2023-11-11', 2, 0),
	('167', 'admin', '0', 'Client Name', 1140.15, '2023-11-11', 2, 0),
	('168', 'admin', '0', 'Client Name', 1010, '2023-11-12', 2, 0),
	('169', 'admin', '0', 'Client Name', 144, '2023-11-12', 2, 0),
	('17', 'aila', '0', 'James V.', 1380, '2023-08-20', 1, 0),
	('170', 'admin', '0', 'Budjette Tan', 1140.15, '2023-11-12', 2, 0),
	('171', 'admin', '0', 'Patrick Feniza', 500, '2023-11-12', 1, 0),
	('172', 'admin', '0', 'Patrick Feniza', 500, '2023-11-12', 1, 0),
	('173', 'admin', '0', 'TEST12', 144, '2023-11-12', 2, 0),
	('174', 'admin', '0', 'Client Name', 144, '2023-11-12', 1, 0),
	('175', 'admin', '0', 'Joze Rizal', 576, '2023-11-12', 2, 0),
	('176', 'admin', '0', 'Client Name', 2280.3, '2023-11-12', 2, 0),
	('177', 'admin', '0', 'Client Name', 3420.45, '2023-11-12', 2, 0),
	('178', 'admin', '0', 'TEST12', 800, '2023-11-12', 1, 0),
	('179', 'admin', '0', 'James Viñas', 500, '2023-11-12', 1, 0),
	('18', 'aila', '0', 'James V.', 500, '2023-08-20', 1, 0),
	('180', 'admin', '5', 'James Viñas', 288, '2023-11-14', 1, 0),
	('181', 'admin', '5', 'James Viñas', 500, '2023-11-14', 1, 0),
	('182', 'admin', 'CU098866', 'Chenny Dela Cruz', 880, '2023-11-16', 1, 0),
	('183', 'admin', 'CU098866', 'Chenny Dela Cruz', 500, '2023-11-16', 1, 0),
	('184', 'admin', '5', 'James Viñas', 2500, '2023-11-16', 1, 0),
	('185', 'admin', NULL, 'Bob Ong', 440, '2023-11-16', 1, 0),
	('186', 'admin', '5', 'James Viñas', 1140.15, '2023-11-17', 2, 0),
	('187', 'admin', '28', 'James Ekis', 3420.45, '2023-11-17', 1, 0),
	('188', 'admin', '28', 'James Ekis', 3420.45, '2023-11-17', 1, 0),
	('189', 'admin', '6', 'Budjette Tan', 500, '2023-11-17', 1, 0),
	('19', 'aila', '0', 'N/A', 880, '2023-08-20', 1, 0),
	('190', 'admin', NULL, 'Tan', 720, '2023-11-17', 1, 0),
	('2', 'aila', '0', 'N/A', 440, '2023-07-15', 1, 0),
	('20', 'aila', '0', 'James V.', 1500, '2023-08-20', 1, 0),
	('21', 'aila', '0', 'James V.', 500, '2023-08-22', 1, 0),
	('22', 'aila', '0', 'Davin F.', 500, '2023-08-22', 1, 0),
	('23', 'aila', '0', 'N/A', 440, '2023-08-22', 1, 0),
	('24', 'aila', '0', 'N/A', 2200, '2023-08-22', 1, 0),
	('25', 'aila', '0', 'N/A', 440, '2023-08-22', 1, 0),
	('26', 'aila', '0', 'N/A', 440, '2023-08-22', 1, 0),
	('27', 'aila', '0', 'N/A', 440, '2023-08-22', 1, 0),
	('28', 'aila', '0', 'N/A', 1320, '2023-08-22', 1, 0),
	('29', 'aila', '0', 'N/A', 440, '2023-08-22', 1, 0),
	('3', 'aila', '0', 'N/A', 3420.45, '2023-07-16', 1, 0),
	('30', 'aila', '0', 'N/A', 1320, '2023-08-22', 1, 0),
	('31', 'aila', '0', 'N/A', 440, '2023-08-22', 1, 0),
	('32', 'aila', '0', 'N/A', 1760, '2023-08-23', 1, 0),
	('33', 'aila', '0', 'Jose R.', 440, '2023-08-23', 1, 0),
	('34', 'aila', '0', 'N/A', 796.95, '2023-08-23', 1, 0),
	('35', 'aila', '0', 'James V.', 2280.3, '2023-08-26', 1, 0),
	('36', 'aila', '0', 'N/A', 2310, '2023-08-28', 1, 0),
	('37', 'aila', '0', 'N/A', 2171.4, '2023-08-28', 1, 0),
	('38', 'aila', '0', 'Jose R.', 0, '2023-08-28', 1, 0),
	('39', 'aila', '0', 'N/A', 577.5, '2023-08-29', 1, 0),
	('4', 'aila', '0', 'James V.', 500, '2023-07-16', 1, 0),
	('41', 'aila', '0', 'Bud Tan', 1500, '2023-08-29', 1, 0),
	('42', 'aila', '0', 'James V.', 500, '2023-08-29', 1, 0),
	('43', 'aila', '0', 'Bud Tan', 500, '2023-08-29', 1, 0),
	('44', 'aila', '0', 'Bud Tan', 500, '2023-08-30', 1, 0),
	('45', 'aila', '0', 'James V.', 500, '2023-08-30', 1, 0),
	('46', 'aila', '0', 'N/A', 577.5, '2023-08-30', 1, 0),
	('47', 'aila', '0', 'N/A', 577.5, '2023-08-30', 1, 0),
	('48', 'aila', '0', 'Christopher L.', 2310, '2023-08-30', 1, 0),
	('49', 'admin', '0', 'N/A', 522.5, '2023-08-30', 1, 0),
	('5', 'aila', '0', 'Jose R.', 1000, '2023-07-16', 1, 0),
	('50', 'admin', '0', 'James V.', 1567.5, '2023-08-30', 1, 0),
	('51', 'admin', '0', 'N/A', 577.5, '2023-08-30', 1, 0),
	('52', 'admin', '0', 'Bud Tan', 1567.5, '2023-08-31', 1, 0),
	('53', 'admin', '0', 'N/A', 1045, '2023-08-31', 1, 0),
	('54', 'admin', '0', 'N/A', 1155, '2023-08-31', 1, 0),
	('55', 'admin', '0', 'N/A', 522.5, '2023-08-31', 1, 0),
	('56', 'admin', '0', 'N/A', 522.5, '2023-08-31', 1, 0),
	('57', 'admin', '0', 'N/A', 522.5, '2023-08-31', 1, 0),
	('58', 'admin', '0', 'N/A', 1567.5, '2023-08-31', 1, 0),
	('59', 'admin', '0', 'N/A', 522.5, '2023-09-02', 1, 0),
	('6', 'aila', '0', 'N/A', 3187.8, '2023-07-13', 1, 0),
	('60', 'admin', '0', 'James V.', 2780.3, '2023-09-02', 1, 0),
	('61', 'admin', '0', 'Bud Tan', 500, '2023-09-02', 1, 0),
	('62', 'admin', '0', 'Patrick Feniza', 500, '2023-09-02', 1, 0),
	('63', 'admin', '0', 'James V.', 1000, '2023-09-03', 1, 0),
	('64', 'admin', '0', 'Davin F.', 2500, '2023-09-03', 1, 0),
	('65', 'admin', '0', 'Jose R.', 1000, '2023-09-03', 1, 0),
	('66', 'admin', '0', 'James V.', 500, '2023-09-03', 1, 0),
	('67', 'admin', '0', 'Patrick Feniza', 500, '2023-09-03', 1, 0),
	('68', 'admin', '0', 'Bud Tan', 500, '2023-09-03', 1, 0),
	('69', 'admin', '0', 'Patrick Feniza', 500, '2023-09-03', 1, 0),
	('7', 'aila', '0', 'Jose R.', 1000, '2023-07-13', 1, 0),
	('70', 'admin', '0', 'James V.', 3000, '2023-09-03', 1, 0),
	('71', 'admin', '0', 'Patrick Feniza', 2500, '2023-09-03', 1, 0),
	('72', 'admin', '0', 'Davin F.', 4600, '2023-09-03', 1, 0),
	('73', 'admin', '0', 'James V.', 2100, '2023-09-03', 1, 0),
	('74', 'admin', '0', 'Patrick Feniza', 2000, '2023-09-03', 1, 0),
	('75', 'admin', '0', 'N/A', 2280.3, '2023-09-03', 1, 0),
	('76', 'admin', '0', 'N/A', 2280.3, '2023-09-03', 1, 0),
	('77', 'admin', '0', 'N/A', 288, '2023-09-03', 1, 0),
	('78', 'Jrizal', '0', 'Christopher L.', 2500, '2023-09-03', 1, 0),
	('79', 'admin', '0', 'James Viñas', 4500, '2023-09-07', 1, 0),
	('8', 'aila', '0', 'N/A', 1593.9, '2023-08-01', 1, 0),
	('80', 'admin', '0', 'Davin Ferrancullo', 500, '2023-09-29', 1, 0),
	('81', 'admin', '0', 'Patrick Feniza', 2200, '2023-09-29', 1, 0),
	('82', 'admin', '0', 'N/A', 0, '2023-09-29', 1, 0),
	('83', 'admin', '0', 'Patrick Feniza', 500, '2023-10-01', 1, 0),
	('84', 'admin', '0', 'N/A', 0, '2023-10-01', 1, 0),
	('85', 'admin', '0', 'N/A', 0, '2023-10-01', 1, 0),
	('86', 'admin', '0', 'N/A', 0, '2023-10-01', 1, 0),
	('87', 'admin', '0', 'N/A', 0, '2023-10-01', 1, 0),
	('88', 'admin', '0', 'N/A', 0, '2023-10-01', 1, 0),
	('89', 'admin', '0', 'Budjette Tan', 500, '2023-10-01', 1, 0),
	('9', 'aila', '0', 'N/A', 144, '2023-08-01', 1, 0),
	('90', 'admin', '0', 'N/A', 505, '2023-10-12', 1, 0),
	('91', 'admin', '0', 'N/A', 10100, '2023-10-12', 1, 0),
	('92', 'admin', '0', 'N/A', 2151.5, '2023-10-17', 1, 0),
	('93', 'admin', '0', 'Davin Ferrancullo', 2475, '2023-10-17', 1, 0),
	('94', 'admin', '0', 'N/A', 0, '2023-10-17', 1, 0),
	('95', 'admin', '0', 'N/A', 0, '2023-10-17', 1, 0),
	('96', 'admin', '0', 'Patrick Feniza', 440, '2023-10-18', 1, 0),
	('97', 'admin', '0', 'Joze Rizal', 1140.15, '2023-10-18', 1, 0),
	('98', 'admin', '0', 'James Viñas', 440, '2023-10-18', 1, 0),
	('99', 'admin', '0', 'James Rubiales', 577.5, '2023-10-18', 1, 0);

INSERT INTO `user_level_access` (`Title`, `add_item`, `Dashboard`, `Reception`, `Payment`, `Customer`, `Services`, `Sales`, `Inventory`, `Pet_Info`, `Report`, `User`, `Action`, `Gen_Settings`) VALUES
	('Assisstant', 0, 1, 0, 1, 0, 1, 1, 1, 1, 1, 0, 0, 0),
	('Owner', 1, 1, 0, 1, 1, 1, 1, 1, 1, 1, 1, 1, 1),
	('Service Provider', 0, 1, 0, 0, 0, 0, 0, 0, 0, 0, 0, 0, 0);

/*!40103 SET TIME_ZONE=IFNULL(@OLD_TIME_ZONE, 'system') */;
/*!40101 SET SQL_MODE=IFNULL(@OLD_SQL_MODE, '') */;
/*!40014 SET FOREIGN_KEY_CHECKS=IFNULL(@OLD_FOREIGN_KEY_CHECKS, 1) */;
/*!40101 SET CHARACTER_SET_CLIENT=@OLD_CHARACTER_SET_CLIENT */;
/*!40111 SET SQL_NOTES=IFNULL(@OLD_SQL_NOTES, 1) */;
