/*!40101 SET @OLD_CHARACTER_SET_CLIENT=@@CHARACTER_SET_CLIENT */;
/*!40101 SET NAMES utf8 */;
/*!50503 SET NAMES utf8mb4 */;
/*!40103 SET @OLD_TIME_ZONE=@@TIME_ZONE */;
/*!40103 SET TIME_ZONE='+00:00' */;
/*!40014 SET @OLD_FOREIGN_KEY_CHECKS=@@FOREIGN_KEY_CHECKS, FOREIGN_KEY_CHECKS=0 */;
/*!40101 SET @OLD_SQL_MODE=@@SQL_MODE, SQL_MODE='NO_AUTO_VALUE_ON_ZERO' */;
/*!40111 SET @OLD_SQL_NOTES=@@SQL_NOTES, SQL_NOTES=0 */;

INSERT INTO `account_access_level` (`usn`, `Dashboard`, `Reception`, `Payment`, `Services`, `Sales`, `Inventory`, `Pet_Info`, `Report`, `User`, `Action`, `Gen_Settings`) VALUES
	('123123', 0, 1, 1, 1, 1, 1, 1, 1, 1, 0, 0),
	('admin', 0, 0, 0, 0, 0, 1, 0, 0, 0, 0, 0),
	('aila', 1, 1, 1, 1, 1, 1, 1, 1, 1, 1, 0),
	('assisstant', 1, 1, 1, 1, 1, 1, 1, 1, 0, 0, 0),
	('Chris', 1, 1, 1, 0, 0, 1, 1, 1, 0, 0, 0),
	('Chris2', 1, 1, 1, 1, 1, 1, 1, 1, 1, 1, 0),
	('Jrizal', 1, 1, 0, 0, 0, 0, 1, 1, 0, 0, 0),
	('jayr', 1, 1, 1, 1, 1, 1, 1, 1, 0, 0, 0);

INSERT INTO `acc_cred` (`usn`, `pss`, `slt`, `entry_OTP`) VALUES
	('123123', '94bc6207156f186a77106c5c456a80017eff6f8d949265ecf515a4cb3b851eba', '3HCIZ_k8Speg-Ik3Ia2DgA==', NULL),
	('admin', '0c149295209d5f543cf1ba14956c5c135a78b9b311ad551715899e02c27dc99d', 'rCRF4amTSEOYQjqvWYuI7A==', 'f5fec805ff0f8f65b818d9bfe45953e096f7ae5bacd552f42447527113197d2d'),
	('aila', 'b94fd2a2585dada0d309427f886092192a58ce549056edd56df595623b01cef9', 'ND08SurlSBKB74ch5HD9iQ==', NULL),
	('assisstant', '5362ca593f063f2581f756e9827bdd02da670bad2b176108380d7bc971ee5148', 'ljEGlbKwSZe3ECK-0b2K8g==', NULL),
	('Chris', 'f4de5587480de43270431146f49b462af3be91dade93e2550e236108b59804bf', 'VKxnK0f8T16nqO1xHdHMAg==', NULL),
	('Chris2', '8d01b6fcda79efa14555214d08d343e9e0496e7376800b2378bc8dc2d059e666', 'bzn1KLc2TwWxNQtgXooBBA==', NULL),
	('Jrizal', '4436a253401b8e74a80e7a9a04930e16ae6e37dbc8c36f49f871ead477044f53', '3wbtXJDmSTm98iubl13hLw==', NULL),
	('jayr', '56a1f73718b12d1a021f12eee52d2d1bbe1e6c067698c27e98c5fdd22fb0a0dd', 'WqMM26lyQDirax7evZgFuQ==', NULL);

INSERT INTO `acc_info` (`usn`, `full_name`, `job_position`, `state`) VALUES
	('123123', '123123', 'Assisstant', 0),
	('admin', 'Big Boss 1', 'Owner', 1),
	('aila', 'aila', 'Assisstant', 1),
	('assisstant', 'Assisstant', 'Assisstant', 0),
	('Chris', 'Chris McLaind', 'Assisstant', 1),
	('Chris2', 'Chris2', 'Owner', 0),
	('Jrizal', 'Jose Rizal', 'Assisstant', 0),
	('jayr', 'jayr', 'Assisstant', 0);

INSERT INTO `action_history` (`Column 5`, `usn`, `Type`, `ACTION`, `action_date`) VALUES
	(1, 'admin', 'Item Encoding', 'ADD/admin/I10fdf', '2023-09-11 23:50:11'),
	(2, 'aila', 'invoice', 'INVM/aila/Pec804', '2023-08-23 15:11:35'),
	(3, 'admin', 'invoice', 'INVM/admin/23092900', '2023-09-29 10:31:23'),
	(4, 'admin', 'Transaction Record', 'TRNM/admin/___', '2023-09-29 10:32:55'),
	(5, 'admin', 'invoice', 'INVM/admin/23092901', '2023-09-29 10:37:05'),
	(6, 'admin', 'Transaction Record', 'TRNM/admin/___', '2023-09-29 10:38:03'),
	(7, 'admin', 'invoice', 'INVM/admin/23092902', '2023-09-29 10:40:15'),
	(8, 'admin', 'Transaction Record', 'TRNM/admin/___', '2023-09-29 10:41:00'),
	(9, 'admin', 'Item Encoding', 'ADD/admin/Ia71e7', '2023-10-01 17:10:16'),
	(10, 'admin', 'invoice', 'INVM/admin/23100100', '2023-10-01 18:40:22'),
	(11, 'admin', 'Transaction Record', 'TRNM/admin/___', '2023-10-01 18:41:11'),
	(12, 'admin', 'invoice', 'INVM/admin/23100101', '2023-10-01 18:44:34'),
	(13, 'admin', 'Transaction Record', 'TRNM/admin/___', '2023-10-01 18:45:06'),
	(14, 'admin', 'invoice', 'INVM/admin/23100102', '2023-10-01 18:49:05'),
	(15, 'admin', 'Transaction Record', 'TRNM/admin/___', '2023-10-01 18:49:21'),
	(16, 'admin', 'invoice', 'INVM/admin/23100103', '2023-10-01 18:51:23'),
	(17, 'admin', 'Transaction Record', 'TRNM/admin/___', '2023-10-01 18:51:45'),
	(18, 'admin', 'invoice', 'INVM/admin/23100104', '2023-10-01 18:53:35'),
	(19, 'admin', 'Transaction Record', 'TRNM/admin/___', '2023-10-01 18:53:51'),
	(20, 'admin', 'Transaction Record', 'TRNM/admin/___', '2023-10-01 18:54:08'),
	(21, 'admin', 'invoice', 'INVM/admin/23100105', '2023-10-01 19:05:38'),
	(22, 'admin', 'invoice', 'INVM/admin/23100106', '2023-10-01 19:09:05'),
	(23, 'admin', 'invoice', 'INVM/admin/23100107', '2023-10-01 19:10:44'),
	(24, 'admin', 'invoice', 'INVM/admin/23100108', '2023-10-01 19:15:12'),
	(25, 'admin', 'Item Encoding', 'ADD/admin/I1aa81', '2023-10-08 10:27:56'),
	(26, 'admin', 'Item Encoding', 'ADD/admin/I1aa81', '2023-10-08 10:41:26'),
	(27, 'admin', 'Item Encoding', 'ADD/admin/I00007', '2023-10-08 10:48:49'),
	(28, 'admin', 'Item Encoding', 'ADD/admin/I00002', '2023-10-08 12:16:58'),
	(29, 'admin', 'Item Encoding', 'ADD/admin/I1aa81', '2023-10-08 16:17:45'),
	(30, 'admin', 'Item Encoding', 'ADD/admin/I2b993', '2023-10-08 18:45:24'),
	(31, 'admin', 'Item Encoding', 'ADD/admin/I1aa81', '2023-10-08 18:50:31'),
	(32, 'admin', 'Item Encoding', 'ADD/admin/I1aa81', '2023-10-08 19:56:07'),
	(33, 'admin', 'Item Encoding', 'ADD/admin/I00005', '2023-10-08 19:57:47'),
	(34, 'admin', 'Item Encoding', 'ADD/admin/IACBE3', '2023-10-08 19:59:27'),
	(35, 'admin', 'Item Encoding', 'ADD/admin/I1aa81', '2023-10-08 20:06:57'),
	(36, 'admin', 'Item Encoding', 'ADD/admin/I1aa81', '2023-10-08 20:15:01'),
	(37, 'admin', 'Item Encoding', 'ADD/admin/I1aa81', '2023-10-08 20:15:11'),
	(38, 'admin', 'Item Encoding', 'ADD/admin/I2b993', '2023-10-08 20:19:02'),
	(39, 'admin', 'Item Encoding', 'ADD/admin/I2b993', '2023-10-08 20:22:30'),
	(40, 'admin', 'Item Encoding', 'ADD/admin/Ia71e7', '2023-10-08 20:22:38'),
	(41, 'admin', 'Item Encoding', 'ADD/admin/I1aa81', '2023-10-08 20:26:07'),
	(42, 'admin', 'Item Encoding', 'ADD/admin/I1aa81', '2023-10-08 20:29:32'),
	(43, 'admin', 'Item Encoding', 'ADD/admin/I1aa81', '2023-10-08 20:31:28'),
	(44, 'admin', 'Item Encoding', 'ADD/admin/I1aa81', '2023-10-08 20:37:51'),
	(45, 'admin', 'Item Encoding', 'ADD/admin/I1aa81', '2023-10-08 20:38:50'),
	(46, 'admin', 'Item Encoding', 'ADD/admin/I1aa81', '2023-10-08 20:40:40'),
	(47, 'admin', 'Item Encoding', 'ADD/admin/I39DC8', '2023-10-08 20:42:26'),
	(48, 'admin', 'Item Encoding', 'ADD/admin/I2b993', '2023-10-08 20:45:00'),
	(49, 'admin', 'Item Encoding', 'ADD/admin/I1aa81', '2023-10-08 20:45:17'),
	(50, 'admin', 'Item Encoding', 'ADD/admin/I1aa81', '2023-10-10 07:38:48'),
	(51, 'admin', 'Item Encoding', 'ADD/admin/I1aa81', '2023-10-10 09:08:46'),
	(52, 'admin', 'Item Encoding', 'ADD/admin/I00005', '2023-10-10 09:10:41'),
	(53, 'admin', 'Item Encoding', 'ADD/admin/I00005', '2023-10-12 00:01:41'),
	(54, 'admin', 'invoice', 'INVM/admin/23101200', '2023-10-12 10:12:29'),
	(55, 'admin', 'Transaction Record', 'TRNM/admin/___', '2023-10-12 10:13:06'),
	(56, 'admin', 'invoice', 'INVM/admin/23101201', '2023-10-12 10:23:36'),
	(57, 'admin', 'Transaction Record', 'TRNM/admin/___', '2023-10-12 10:24:05'),
	(58, 'admin', 'Item Encoding', 'ADD/admin/I00002', '2023-10-14 19:08:27'),
	(59, 'admin', 'Item Encoding', 'ADD/admin/I00005', '2023-10-14 19:11:33'),
	(60, 'admin', 'Item Encoding', 'ADD/admin/I00005', '2023-10-15 01:33:05'),
	(61, 'admin', 'Item Encoding', 'ADD/admin/I00002', '2023-10-15 01:53:56'),
	(62, 'admin', 'Item Encoding', 'ADD/admin/I00002', '2023-10-15 01:55:35'),
	(63, 'admin', 'Item Encoding', 'ADD/admin/I00002', '2023-10-15 02:00:29'),
	(64, 'admin', 'Item Encoding', 'ADD/admin/I00002', '2023-10-15 02:01:30'),
	(65, 'admin', 'Transaction Record', 'TRNM/admin/___', '2023-10-17 23:28:20'),
	(66, 'admin', 'Transaction Record', 'TRNM/admin/___', '2023-10-17 23:51:03'),
	(67, 'admin', 'Transaction Record', 'TRNM/admin/___', '2023-10-17 23:57:38'),
	(68, 'admin', 'Transaction Record', 'TRNM/admin/___', '2023-10-17 23:59:31'),
	(69, 'admin', 'invoice', 'INVM/admin/23101800', '2023-10-18 00:01:00'),
	(70, 'admin', 'Transaction Record', 'TRNM/admin/___', '2023-10-18 00:01:11'),
	(71, 'admin', 'invoice', 'INVM/admin/23101801', '2023-10-18 00:13:14'),
	(72, 'admin', 'Transaction Record', 'TRNM/admin/___', '2023-10-18 00:13:28'),
	(73, 'admin', 'invoice', 'INVM/admin/23101802', '2023-10-18 00:15:28'),
	(74, 'admin', 'invoice', 'INVM/admin/23101803', '2023-10-18 00:17:07'),
	(75, 'admin', 'Transaction Record', 'TRNM/admin/___', '2023-10-18 00:17:28'),
	(76, 'admin', 'invoice', 'INVM/admin/23101804', '2023-10-18 00:22:59'),
	(77, 'admin', 'invoice', 'INVM/admin/23101805', '2023-10-18 00:44:12'),
	(78, 'admin', 'invoice', 'INVM/admin/23101806', '2023-10-18 01:00:37'),
	(79, 'admin', 'Transaction Record', 'TRNM/admin/___', '2023-10-18 01:51:59'),
	(80, 'admin', 'invoice', 'INVM/admin/23101807', '2023-10-18 01:56:12'),
	(81, 'admin', 'Transaction Record', 'TRNM/admin/___', '2023-10-18 01:56:30'),
	(82, 'admin', 'invoice', 'INVM/admin/23101808', '2023-10-18 09:24:21'),
	(83, 'admin', 'Transaction Record', 'TRNM/admin/___', '2023-10-18 09:24:40'),
	(84, 'admin', 'invoice', 'INVM/admin/23101809', '2023-10-18 09:25:32'),
	(85, 'admin', 'Transaction Record', 'TRNM/admin/___', '2023-10-18 09:25:52'),
	(86, 'admin', 'Item Encoding', 'ADD/admin/I10fdf', '2023-10-22 11:45:41'),
	(87, 'admin', 'Item Encoding', 'ADD/admin/I10fdf', '2023-10-22 11:47:12'),
	(88, 'admin', 'Item Encoding', 'ADD/admin/I00002', '2023-10-22 12:06:29'),
	(89, 'admin', 'Item Encoding', 'ADD/admin/I00002', '2023-10-22 12:06:49'),
	(90, 'admin', 'Item Encoding', 'ADD/admin/I00002', '2023-10-22 12:07:12'),
	(91, 'admin', 'Item Encoding', 'ADD/admin/I32CCE', '2023-10-22 12:10:07'),
	(92, 'admin', 'Item Encoding', 'ADD/admin/I7A986', '2023-10-22 12:10:37'),
	(93, 'admin', 'Item Encoding', 'ADD/admin/IFF357', '2023-10-22 12:49:00'),
	(94, 'admin', 'Item Encoding', 'ADD/admin/IFF357', '2023-10-22 12:49:50'),
	(95, 'admin', 'Item Encoding', 'ADD/admin/IFF357', '2023-10-22 13:07:49'),
	(96, 'admin', 'Item Encoding', 'ADD/admin/I00001', '2023-10-22 14:02:19'),
	(97, 'admin', 'Item Encoding', 'ADD/admin/Iaad08', '2023-10-22 20:24:28'),
	(98, 'admin', 'Item Encoding', 'ADD/admin/Iaad08', '2023-10-22 20:32:13'),
	(99, 'admin', 'Item Encoding', 'ADD/admin/Iaad08', '2023-10-22 20:35:58'),
	(100, 'admin', 'Item Encoding', 'ADD/admin/I00001', '2023-10-22 20:36:56'),
	(101, 'admin', 'Item Encoding', 'ADD/admin/IACBE3', '2023-10-22 21:22:05'),
	(102, 'admin', 'Item Encoding', 'ADD/admin/I1F3E7', '2023-10-22 22:20:23'),
	(103, 'aila', 'Item Encoding', 'ADD/aila/I00007', '2023-10-24 03:56:14'),
	(104, 'aila', 'Item Encoding', 'ADD/aila/I2b993', '2023-10-24 03:57:04'),
	(105, 'aila', 'Item Encoding', 'ADD/aila/I7E29F', '2023-10-24 04:08:41'),
	(106, 'aila', 'invoice', 'INVM/aila/23102400', '2023-10-24 04:15:22'),
	(107, 'aila', 'invoice', 'INVM/aila/23102401', '2023-10-24 04:17:04'),
	(108, 'aila', 'Transaction Record', 'TRNM/aila/___', '2023-10-24 04:17:17'),
	(109, 'aila', 'Transaction Record', 'TRNM/aila/___', '2023-10-24 04:39:36'),
	(110, 'aila', 'invoice', 'INVM/aila/23102402', '2023-10-24 04:41:23'),
	(111, 'aila', 'Transaction Record', 'TRNM/aila/___', '2023-10-24 04:41:32'),
	(112, 'aila', 'invoice', 'INVM/aila/23102403', '2023-10-24 04:43:30'),
	(113, 'aila', 'Transaction Record', 'TRNM/aila/___', '2023-10-24 04:44:03'),
	(114, 'aila', 'invoice', 'INVM/aila/23102404', '2023-10-24 04:45:25'),
	(115, 'aila', 'Transaction Record', 'TRNM/aila/___', '2023-10-24 04:45:39'),
	(116, 'aila', 'invoice', 'INVM/aila/23102405', '2023-10-24 04:46:30'),
	(117, 'aila', 'invoice', 'INVM/aila/23102406', '2023-10-24 04:48:49'),
	(118, 'aila', 'Transaction Record', 'TRNM/aila/___', '2023-10-24 04:49:36'),
	(119, 'aila', 'Transaction Record', 'TRNM/aila/___', '2023-10-27 03:41:36'),
	(120, 'aila', 'invoice', 'INVM/aila/23102700', '2023-10-27 03:43:31'),
	(121, 'aila', 'Transaction Record', 'TRNM/aila/___', '2023-10-27 03:43:51'),
	(122, 'aila', 'invoice', 'INVM/aila/23102701', '2023-10-27 03:45:33'),
	(123, 'aila', 'Transaction Record', 'TRNM/aila/___', '2023-10-27 03:45:55'),
	(124, 'aila', 'invoice', 'INVM/aila/23102702', '2023-10-27 03:48:47'),
	(125, 'aila', 'Transaction Record', 'TRNM/aila/___', '2023-10-27 03:49:07'),
	(126, 'aila', 'invoice', 'INVM/aila/23102703', '2023-10-27 03:50:27'),
	(127, 'aila', 'Transaction Record', 'TRNM/aila/___', '2023-10-27 03:50:39'),
	(128, 'aila', 'invoice', 'INVM/aila/23102704', '2023-10-27 03:55:06'),
	(129, 'aila', 'Transaction Record', 'TRNM/aila/___', '2023-10-27 03:55:19'),
	(130, 'aila', 'Transaction Record', 'TRNM/aila/___', '2023-10-27 03:58:15'),
	(131, 'aila', 'invoice', 'INVM/aila/23102705', '2023-10-27 03:58:26'),
	(132, 'aila', 'Transaction Record', 'TRNM/aila/___', '2023-10-27 04:00:23'),
	(133, 'aila', 'invoice', 'INVM/aila/23102706', '2023-10-27 04:02:28'),
	(134, 'aila', 'Transaction Record', 'TRNM/aila/___', '2023-10-27 04:02:40'),
	(135, 'aila', 'invoice', 'INVM/aila/23102707', '2023-10-27 04:03:08'),
	(136, 'aila', 'Transaction Record', 'TRNM/aila/___', '2023-10-27 04:03:18'),
	(137, 'aila', 'invoice', 'INVM/aila/23102708', '2023-10-27 04:18:54'),
	(138, 'aila', 'Transaction Record', 'TRNM/aila/___', '2023-10-27 04:19:09'),
	(139, 'aila', 'invoice', 'INVM/aila/23102709', '2023-10-27 04:19:42'),
	(140, 'aila', 'Transaction Record', 'TRNM/aila/___', '2023-10-27 04:19:55'),
	(141, 'aila', 'invoice', 'INVM/aila/23102710', '2023-10-27 04:20:23'),
	(142, 'aila', 'Transaction Record', 'TRNM/aila/___', '2023-10-27 04:21:57'),
	(143, 'aila', 'invoice', 'INVM/aila/23102711', '2023-10-27 04:25:02'),
	(144, 'aila', 'invoice', 'INVM/aila/23102712', '2023-10-27 04:25:09'),
	(145, 'aila', 'invoice', 'INVM/aila/23102713', '2023-10-27 04:25:28'),
	(146, 'aila', 'Transaction Record', 'TRNM/aila/___', '2023-10-27 04:25:40'),
	(147, 'aila', 'Transaction Record', 'TRNM/aila/___', '2023-10-27 04:26:10'),
	(148, 'aila', 'Transaction Record', 'TRNM/aila/___', '2023-10-27 04:26:59'),
	(149, 'aila', 'invoice', 'INVM/aila/23102714', '2023-10-27 04:27:21'),
	(150, 'aila', 'Transaction Record', 'TRNM/aila/___', '2023-10-27 04:27:49');

INSERT INTO `categories` (`categ_name`, `does_expire`, `creator`, `state`, `date_created`, `disabled_by`, `disabled_date`) VALUES
	('Accessories', 0, 'admin', 1, '2023-10-03 22:14:50', NULL, NULL),
	('Food', 1, 'admin', 1, '2023-10-03 22:14:52', NULL, NULL),
	('Leash', 0, 'admin', 1, '2023-10-04 11:56:00', 'admin', '2023-10-04 11:56:08'),
	('Medicine', 1, 'admin', 1, '2023-10-03 22:14:53', NULL, NULL),
	('test', 0, 'admin', 0, '2023-10-03 22:14:54', 'admin', '2023-10-04 08:37:35'),
	('Test001', 1, 'admin', 0, '2023-10-03 22:14:53', 'admin', '2023-10-04 08:37:36'),
	('Test002', 0, 'admin', 0, '2023-10-03 22:14:55', 'admin', '2023-10-04 08:37:37'),
	('Test003', 0, 'admin', 0, '2023-10-03 22:14:56', 'admin', '2023-10-04 08:37:38'),
	('Test004', 1, 'admin', 0, '2023-10-03 22:14:57', 'admin', '2023-10-04 11:40:07'),
	('Test005', 1, 'admin', 0, '2023-10-03 22:14:57', 'admin', '2023-10-04 11:39:53'),
	('Test006', 0, 'admin', 0, '2023-10-03 22:14:58', 'admin', '2023-10-04 11:38:29');

INSERT INTO `disposal_history` (`id`, `receive_id`, `item_uid`, `item_name`, `initial_quantity`, `Current_quantity`, `reason`, `date_of_disposal`, `full_dispose_date`, `disposed_by`) VALUES
	('D2CBCF8C', NULL, 'I00005', 'Nutri-Vet Bladder Control Supplement for Dogs (100mg)', 12, 0, 'Expired', '2023-10-22 00:00:00', NULL, 'admin'),
	('D3B574C6', NULL, 'I00005', 'Nutri-Vet Bladder Control Supplement for Dogs (100mg)', 113, 0, 'Expired', '2023-10-22 00:00:00', NULL, 'admin'),
	('D57799ED', NULL, 'I65B51', 'Medicine-ABC (10g)', 100, 0, 'Expired', '2023-10-22 00:00:00', NULL, 'admin'),
	('D6FB1207', NULL, 'I00005', 'Nutri-Vet Bladder Control Supplement for Dogs (100mg)', 113, 0, 'Expired', '2023-10-22 00:00:00', NULL, 'admin'),
	('D8AD9E8F', NULL, 'I00005', 'Nutri-Vet Bladder Control Supplement for Dogs (100mg)', 10, 0, 'Expired', '2023-10-22 00:00:00', NULL, 'admin'),
	('DA30FCF8', NULL, 'I00005', 'Nutri-Vet Bladder Control Supplement for Dogs (100mg)', 10, 0, 'Expired', '2023-10-22 00:00:00', NULL, 'admin'),
	('DA36F355', NULL, 'I65B51', 'Medicine-ABC (10g)', 100, 0, 'Expired', '2023-10-22 00:00:00', NULL, 'admin'),
	('DF4A897C', NULL, 'I00005', 'Nutri-Vet Bladder Control Supplement for Dogs (100mg)', 48, 0, 'Expired', '2023-10-22 00:00:00', NULL, 'admin');

INSERT INTO `invoice_item_content` (`invoice_uid`, `Item_uid`, `item_name`, `quantity`, `price`, `deduction`) VALUES
	('Pc9c14', 'I00002', 'Taglory Rope Dog Leash', 1, 440, 0),
	('P2e8cf', 'I00002', 'Taglory Rope Dog Leash', 1, 440, 0),
	('P956ee', 'I00002', 'Taglory Rope Dog Leash', 1, 440, 0),
	('P22b46', 'I00002', 'Taglory Rope Dog Leash', 5, 440, 0),
	('P6953f', 'I00002', 'Taglory Rope Dog Leash', 2, 440, 0),
	('P660f0', 'I00002', 'Taglory Rope Dog Leash', 2, 440, 0),
	('P69823', 'I00002', 'Taglory Rope Dog Leash', 1, 440, 0),
	('P9754c', 'I00002', 'Taglory Rope Dog Leash', 3, 440, 0),
	('P4e070', 'I00002', 'Taglory Rope Dog Leash', 1, 440, 0),
	('P5d98a', 'I00002', 'Taglory Rope Dog Leash', 3, 440, 0),
	('P2792b', 'I00002', 'Taglory Rope Dog Leash', 1, 440, 0),
	('Pe327c', 'I00002', 'Taglory Rope Dog Leash', 1, 440, 0),
	('P15921', 'I00002', 'Taglory Rope Dog Leash', 4, 440, 0),
	('Pf6e9c', 'I00004', 'Fresh Step LeightWeight Clumping Cat ', 1, 796.95, 0),
	('Pec804', 'I00002', 'Taglory Rope Dog Leash', 1, 440, 0),
	('Pd260b', 'I00003', 'Fresh Step Clumping Cat Litter', 4, 577.5, 0),
	('P0ebe4', 'I00005', 'Nutri-Vet Bladder Control Supplement for Dogs', 2, 1140.15, 0),
	('P2cc66', 'I00003', 'Fresh Step Clumping Cat Litter', 1, 577.5, 0),
	('P2cc66', 'I00004', 'Fresh Step LeightWeight Clumping Cat Litter', 2, 796.95, 0),
	('08282302', 'I00005', 'Nutri-Vet Bladder Control Supplement for Dogs', 1, 1140.15, 0),
	('08282303', 'I00003', 'Fresh Step Clumping Cat Litter', 1, 577.5, 0),
	('08292300', 'I00003', 'Fresh Step Clumping Cat Litter', 1, 577.5, 0),
	('08292301', 'I00003', 'Fresh Step Clumping Cat Litter', 1, 577.5, 0),
	('08302314', 'I00003', 'Fresh Step Clumping Cat Litter', 1, 577.5, 0),
	('08302315', 'I00003', 'Fresh Step Clumping Cat Litter', 1, 577.5, 0),
	('08302316', 'I00003', 'Fresh Step Clumping Cat Litter', 4, 577.5, 0),
	('08302317', 'I00001', 'MayPaw Heavy Duty Rope Dog Leash', 1, 522.5, 0),
	('08302318', 'I00001', 'MayPaw Heavy Duty Rope Dog Leash', 3, 522.5, 0),
	('08302319', 'I00001', 'MayPaw Heavy Duty Rope Dog Leash', 1, 522.5, 0),
	('08302320', 'I00003', 'Fresh Step Clumping Cat Litter', 1, 577.5, 0),
	('08312300', 'I00001', 'MayPaw Heavy Duty Rope Dog Leash', 3, 522.5, 0),
	('08312301', 'I00001', 'MayPaw Heavy Duty Rope Dog Leash', 2, 522.5, 0),
	('08312302', 'I00002', 'Taglory Rope Dog Leash', 2, 440, 0),
	('08312303', 'I00003', 'Fresh Step Clumping Cat Litter', 2, 577.5, 0),
	('08312304', 'I00001', 'MayPaw Heavy Duty Rope Dog Leash', 1, 522.5, 0),
	('08312305', 'I00001', 'MayPaw Heavy Duty Rope Dog Leash', 1, 522.5, 0),
	('08312306', 'I00001', 'MayPaw Heavy Duty Rope Dog Leash', 3, 522.5, 0),
	('08312307', 'I00001', 'MayPaw Heavy Duty Rope Dog Leash', 1, 522.5, 0),
	('08312308', 'I00004', 'Fresh Step LeightWeight Clumping Cat Litter', 3, 796.95, 0),
	('08312309', 'I00001', 'MayPaw Heavy Duty Rope Dog Leash', 1, 522.5, 0),
	('08312310', 'I00001', 'MayPaw Heavy Duty Rope Dog Leash', 3, 522.5, 0),
	('08312311', 'I00001', 'MayPaw Heavy Duty Rope Dog Leash', 3, 522.5, 0),
	('09022300', 'I00005', 'Nutri-Vet Bladder Control Supplement for Dogs', 2, 1140.15, 0),
	('09032309', 'I00005', 'Nutri-Vet Bladder Control Supplement for Dogs', 2, 1140.15, 0),
	('09032310', 'I00005', 'Nutri-Vet Bladder Control Supplement for Dogs', 2, 1140.15, 0),
	('09032311', 'I00006', 'UniLeash', 2, 144, 0),
	('23092200', 'I00002', 'Taglory Rope Dog Leash', 1, 440, 0),
	('23092902', 'I0AE71', 'Test ITem 003', 10, 310, 0),
	('23100100', 'I00002', 'Taglory Rope Dog Leash', 6, 440, 0),
	('23100101', 'I00002', 'Taglory Rope Dog Leash', 7, 440, 0),
	('23100102', 'I1aa81', 'Comedy', 10, 242.42, 0),
	('23100103', 'IACBE3', 'Test Item 006', 10, 101, 0),
	('23100104', 'I00001', 'MayPaw Heavy Duty Rope Dog Leash', 1, 522.5, 0),
	('23100105', 'I00001', 'MayPaw Heavy Duty Rope Dog Leash', 1, 522.5, 0),
	('23100107', 'I00001', 'MayPaw Heavy Duty Rope Dog Leash', 3, 522.5, 0),
	('23100108', 'I00001', 'MayPaw Heavy Duty Rope Dog Leash', 3, 522.5, 0),
	('23100108', 'I00004', 'Fresh Step LeightWeight Clumping Cat Litter', 1, 796.95, 0),
	('23100106', 'I00001', 'MayPaw Heavy Duty Rope Dog Leash', 2, 522.5, 0),
	('23100107', 'I00002', 'Taglory Rope Dog Leash', 1, 440, 0),
	('23100107', 'I00006', 'UniLeash', 1, 144, 0),
	('23100106', 'I0AE71', 'Test ITem 003', 3, 310, 0),
	('23101200', 'I32CCE', 'Test 0010', 5, 101, 0),
	('23101201', 'I7A986', 'TEST ITEM 004', 10, 1010, 0),
	('23101800', 'I00002', 'Taglory Rope Dog Leash', 1, 440, 0),
	('23101801', 'I00005', 'Nutri-Vet Bladder Control Supplement for Dogs', 1, 1140.15, 0),
	('23101802', 'I00006', 'UniLeash', 2, 144, 0),
	('23101803', 'I00002', 'Taglory Rope Dog Leash', 1, 440, 0),
	('23101804', 'I00003', 'Fresh Step Clumping Cat Litter', 1, 577.5, 0),
	('23101805', 'I00004', 'Fresh Step LeightWeight Clumping Cat Litter', 1, 796.95, 0),
	('23101808', 'I00001', 'MayPaw Heavy Duty Rope Dog Leash', 15, 522.5, 0),
	('23101809', 'IACBE3', 'Test Item 006', 5, 101, 0),
	('23102400', 'I00005', 'Nutri-Vet Bladder Control Supplement for Dogs', 13, 1140.15, 0),
	('23102401', 'I00004', 'Fresh Step LeightWeight Clumping Cat Litter', 1, 796.95, 0),
	('23102402', 'I00005', 'Nutri-Vet Bladder Control Supplement for Dogs', 5, 1140.15, 0),
	('23102403', 'I00005', 'Nutri-Vet Bladder Control Supplement for Dogs', 3, 1140.15, 0),
	('23102404', 'I00005', 'Nutri-Vet Bladder Control Supplement for Dogs', 3, 1140.15, 0),
	('23102405', 'I00005', 'Nutri-Vet Bladder Control Supplement for Dogs', 3, 1140.15, 0),
	('23102406', 'I00004', 'Fresh Step LeightWeight Clumping Cat Litter', 1, 796.95, 0),
	('23102406', 'I00005', 'Nutri-Vet Bladder Control Supplement for Dogs', 3, 1140.15, 0),
	('23102700', 'I00005', 'Nutri-Vet Bladder Control Supplement for Dogs', 3, 1140.15, 0),
	('23102701', 'I00005', 'Nutri-Vet Bladder Control Supplement for Dogs', 3, 1140.15, 0),
	('23102702', 'I00005', 'Nutri-Vet Bladder Control Supplement for Dogs', 3, 1140.15, 0),
	('23102703', 'I00005', 'Nutri-Vet Bladder Control Supplement for Dogs', 2, 1140.15, 0),
	('23102704', 'I00005', 'Nutri-Vet Bladder Control Supplement for Dogs', 3, 1140.15, 0),
	('23102705', 'I00005', 'Nutri-Vet Bladder Control Supplement for Dogs', 3, 1140.15, 0),
	('23102706', 'I00005', 'Nutri-Vet Bladder Control Supplement for Dogs', 3, 1140.15, 0),
	('23102707', 'I00005', 'Nutri-Vet Bladder Control Supplement for Dogs', 3, 1140.15, 0),
	('23102708', 'I00002', 'Taglory Rope Dog Leash', 3, 440, 0),
	('23102709', 'I00002', 'Taglory Rope Dog Leash', 3, 440, 0),
	('23102710', 'I00002', 'Taglory Rope Dog Leash', 2, 440, 0),
	('23102711', 'I00005', 'Nutri-Vet Bladder Control Supplement for Dogs', 2, 1140.15, 0),
	('23102712', 'I00005', 'Nutri-Vet Bladder Control Supplement for Dogs', 2, 1140.15, 0),
	('23102713', 'I00005', 'Nutri-Vet Bladder Control Supplement for Dogs', 2, 1140.15, 0),
	('23102714', 'I00005', 'Nutri-Vet Bladder Control Supplement for Dogs', 2, 1140.15, 0);

INSERT INTO `invoice_record` (`invoice_uid`, `Attendant_usn`, `client_name`, `Total_amount`, `payment_date`, `transaction_date`, `State`, `Date_transacted`, `process_type`) VALUES
	('08282302', 'aila', 'N/A', 1140.15, NULL, '2023-08-28', -1, NULL, 0),
	('08282303', 'aila', 'N/A', 577.5, NULL, '2023-08-28', 2, '2023-08-29', 0),
	('08292300', 'aila', 'N/A', 577.5, NULL, '2023-08-29', -1, NULL, 0),
	('08292301', 'aila', 'N/A', 577.5, NULL, '2023-08-29', 2, '2023-08-30', 0),
	('08292302', 'aila', 'Bud Tan', 500, NULL, '2023-08-29', 2, '2023-08-29', 0),
	('08292303', 'aila', 'Bud Tan', 900, NULL, '2023-08-29', -1, NULL, 0),
	('08292304', 'aila', 'Bud Tan', 500, NULL, '2023-08-29', 2, '2023-08-29', 0),
	('08292305', 'aila', 'Bud Tan', 500, NULL, '2023-08-29', 2, '2023-08-29', 0),
	('08292306', 'aila', 'Bud Tan', 1500, NULL, '2023-08-29', 2, '2023-08-29', 0),
	('08292307', 'aila', 'Bud Tan', 500, NULL, '2023-08-29', -1, NULL, 0),
	('08292308', 'aila', 'James V.', 500, NULL, '2023-08-29', 2, '2023-08-29', 0),
	('08292309', 'aila', 'Bud Tan', 500, NULL, '2023-08-29', -1, NULL, 0),
	('08292310', 'aila', 'Jose R.', 1700, NULL, '2023-08-29', 2, '2023-08-29', 0),
	('08302300', 'aila', 'James V.', 500, NULL, '2023-08-30', 2, '2023-08-30', 0),
	('08302301', 'aila', 'James V.', 1500, NULL, '2023-08-30', -1, NULL, 0),
	('08302302', 'aila', 'James V.', 3000, NULL, '2023-08-30', 2, '2023-08-30', 0),
	('08302303', 'aila', 'Bud Tan', 2100, NULL, '2023-08-30', 2, '2023-08-30', 0),
	('08302304', 'aila', 'James V.', 900, NULL, '2023-08-30', -1, NULL, 0),
	('08302305', 'aila', 'Bud Tan', 500, NULL, '2023-08-30', 2, '2023-08-30', 0),
	('08302306', 'aila', 'Bud Tan', 500, NULL, '2023-08-30', 2, '2023-08-30', 0),
	('08302307', 'aila', 'Bud Tan', 500, NULL, '2023-08-30', 2, '2023-08-30', 0),
	('08302308', 'aila', 'James V.', 500, NULL, '2023-08-30', -1, NULL, 0),
	('08302309', 'aila', 'James V.', 1000, NULL, '2023-08-30', -1, NULL, 0),
	('08302310', 'aila', 'James V.', 1000, NULL, '2023-08-30', -1, NULL, 0),
	('08302311', 'aila', 'James V.', 1500, NULL, '2023-08-30', -1, NULL, 0),
	('08302312', 'aila', 'James V.', 1000, NULL, '2023-08-30', -1, NULL, 0),
	('08302313', 'aila', 'James V.', 500, NULL, '2023-08-30', 2, '2023-08-30', 0),
	('08302314', 'aila', 'N/A', 577.5, NULL, '2023-08-30', 2, '2023-08-30', 0),
	('08302315', 'aila', 'N/A', 577.5, NULL, '2023-08-30', 2, '2023-08-30', 0),
	('08302316', 'admin', 'Christopher L.', 2310, NULL, '2023-08-30', 2, '2023-08-30', 0),
	('08302317', 'admin', 'N/A', 522.5, NULL, '2023-08-30', 2, '2023-08-30', 0),
	('08302318', 'admin', 'James V.', 1567.5, NULL, '2023-08-30', 2, '2023-08-30', 0),
	('08302319', 'admin', 'N/A', 522.5, NULL, '2023-08-30', 2, '2023-08-30', 0),
	('08302320', 'admin', 'N/A', 577.5, NULL, '2023-08-30', 2, '2023-08-30', 0),
	('08312300', 'admin', 'Bud Tan', 1567.5, NULL, '2023-08-31', 2, '2023-08-31', 0),
	('08312301', 'admin', 'N/A', 1045, NULL, '2023-08-31', 2, '2023-08-31', 0),
	('08312302', 'admin', 'N/A', 880, NULL, '2023-08-31', 2, '2023-08-31', 0),
	('08312303', 'admin', 'N/A', 1155, NULL, '2023-08-31', 2, '2023-08-31', 0),
	('08312304', 'admin', 'N/A', 522.5, NULL, '2023-08-31', 2, '2023-08-31', 0),
	('08312305', 'admin', 'N/A', 522.5, NULL, '2023-08-31', 2, '2023-08-31', 0),
	('08312306', 'admin', 'N/A', 1567.5, NULL, '2023-08-31', 2, '2023-08-31', 0),
	('08312307', 'admin', 'N/A', 522.5, NULL, '2023-08-31', 2, '2023-09-02', 0),
	('08312308', 'admin', 'N/A', 2390.85, NULL, '2023-08-31', 2, '2023-08-31', 0),
	('08312309', 'admin', 'N/A', 522.5, NULL, '2023-08-31', 2, '2023-08-31', 0),
	('08312310', 'admin', 'N/A', 1567.5, NULL, '2023-08-31', 2, '2023-08-31', 0),
	('08312311', 'admin', 'N/A', 1567.5, NULL, '2023-08-31', 2, '2023-08-31', 0),
	('09022300', 'admin', 'James V.', 2780.3, NULL, '2023-09-02', 2, '2023-09-02', 0),
	('09022301', 'admin', 'James V.', 1000, NULL, '2023-09-02', 2, '2023-09-03', 0),
	('09022302', 'admin', 'Davin F.', 2500, NULL, '2023-09-02', 2, '2023-09-03', 0),
	('09022303', 'admin', 'Bud Tan', 500, NULL, '2023-09-02', 2, '2023-09-02', 0),
	('09022304', 'admin', 'Jose R.', 1000, NULL, '2023-09-02', 2, '2023-09-03', 0),
	('09022305', 'admin', 'James V.', 500, NULL, '2023-09-02', 2, '2023-09-03', 0),
	('09022306', 'admin', 'Patrick Feniza', 500, NULL, '2023-09-02', 2, '2023-09-02', 0),
	('09032300', 'admin', 'Patrick Feniza', 500, NULL, '2023-09-03', 2, '2023-09-03', 0),
	('09032301', 'admin', 'Bud Tan', 500, NULL, '2023-09-03', 2, '2023-09-03', 0),
	('09032302', 'admin', 'Patrick Feniza', 500, NULL, '2023-09-03', 2, '2023-09-03', 0),
	('09032303', 'admin', 'Patrick Feniza', 2500, NULL, '2023-09-03', 2, '2023-09-03', 0),
	('09032304', 'admin', 'James V.', 3000, NULL, '2023-09-03', 2, '2023-09-03', 0),
	('09032305', 'admin', 'Davin F.', 4600, NULL, '2023-09-03', 2, '2023-09-03', 0),
	('09032306', 'admin', 'James V.', 2100, NULL, '2023-09-03', 2, '2023-09-03', 0),
	('09032307', 'admin', 'Patrick Feniza', 2000, NULL, '2023-09-03', 2, '2023-09-03', 0),
	('09032308', 'admin', 'Christopher L.', 2500, NULL, '2023-09-03', 2, '2023-09-03', 0),
	('09032309', 'admin', 'N/A', 2280.3, NULL, '2023-09-03', 2, '2023-09-03', 0),
	('09032310', 'admin', 'N/A', 2280.3, NULL, '2023-09-03', 2, '2023-09-03', 0),
	('09032311', 'admin', 'N/A', 288, NULL, '2023-09-03', 2, '2023-09-03', 0),
	('09032312', 'admin', 'Patrick Feniza', 500, NULL, '2023-09-03', 2, '2023-10-01', 0),
	('09032313', 'admin', 'Patrick Feniza', 1500, NULL, '2023-09-03', -1, NULL, 0),
	('09072300', 'admin', 'Patrick Feniza', 500, NULL, '2023-09-07', -1, NULL, 0),
	('09072301', 'admin', 'James Viñas', 4500, NULL, '2023-09-07', 2, '2023-09-07', 0),
	('09082300', 'admin', 'Budjette Tan', 500, NULL, '2023-09-08', 2, '2023-10-01', 0),
	('23092200', 'admin', 'N/A', 0, '2023-09-22 11:18:44', '2023-09-22', 2, '2023-10-17', 0),
	('23092900', 'admin', 'Davin Ferrancullo', 500, '2023-09-29 10:32:05', '2023-09-29', 2, '2023-09-29', 0),
	('23092901', 'admin', 'Patrick Feniza', 2200, '2023-09-29 10:37:18', '2023-09-29', 2, '2023-09-29', 0),
	('23092902', 'admin', 'N/A', 0, '2023-09-29 10:40:19', '2023-09-29', 2, '2023-09-29', 0),
	('23100100', 'admin', 'N/A', 0, '2023-10-01 18:40:43', '2023-10-01', 2, '2023-10-01', 0),
	('23100101', 'admin', 'N/A', 0, '2023-10-01 18:44:36', '2023-10-01', 2, '2023-10-01', 0),
	('23100102', 'admin', 'N/A', 0, '2023-10-01 18:49:08', '2023-10-01', 2, '2023-10-01', 0),
	('23100103', 'admin', 'N/A', 0, '2023-10-01 18:51:29', '2023-10-01', 2, '2023-10-01', 0),
	('23100104', 'admin', 'N/A', 0, '2023-10-01 18:53:39', '2023-10-01', 2, '2023-10-01', 0),
	('23100105', 'admin', 'N/A', 0, '2023-10-01 19:05:42', '2023-10-01', 2, '2023-10-17', 0),
	('23100106', 'admin', 'Davin Ferrancullo', 2475, '2023-10-01 19:09:08', '2023-10-01', 2, '2023-10-17', 0),
	('23100107', 'admin', 'N/A', 2151.5, '2023-10-11 08:04:19', '2023-10-01', 2, '2023-10-17', 0),
	('23100108', 'admin', 'N/A', 0, NULL, '2023-10-01', -1, NULL, 0),
	('23101200', 'admin', 'N/A', 505, '2023-10-12 10:12:36', '2023-10-12', 2, '2023-10-12', 0),
	('23101201', 'admin', 'N/A', 10100, '2023-10-12 10:23:41', '2023-10-12', 2, '2023-10-12', 0),
	('23101800', 'admin', 'Patrick Feniza', 440, '2023-10-18 00:01:03', '2023-10-18', 2, '2023-10-18', 0),
	('23101801', 'admin', 'Joze Rizal', 1140.15, '2023-10-18 00:13:17', '2023-10-18', 2, '2023-10-18', 0),
	('23101802', 'admin', 'James Viñas', 288, '2023-10-18 00:15:32', '2023-10-18', 2, '2023-10-27', 0),
	('23101803', 'admin', 'James Viñas', 440, '2023-10-18 00:17:14', '2023-10-18', 2, '2023-10-18', 0),
	('23101804', 'admin', 'James Rubiales', 577.5, '2023-10-18 00:43:47', '2023-10-18', 2, '2023-10-18', 0),
	('23101805', 'admin', 'Budjette Tan', 796.95, NULL, '2023-10-18', 0, NULL, 0),
	('23101806', 'admin', 'Joze Rizal', 500, NULL, '2023-10-18', 0, NULL, 0),
	('23101807', 'admin', 'Davin Ferrancullo', 1000, '2023-10-18 01:56:18', '2023-10-18', 2, '2023-10-18', 0),
	('23101808', 'admin', 'Joze Rizal', 7837.5, '2023-10-18 09:24:25', '2023-10-18', 2, '2023-10-18', 0),
	('23101809', 'admin', 'Joze Rizal', 505, '2023-10-18 09:25:38', '2023-10-18', 2, '2023-10-18', 0),
	('23102400', 'aila', 'N/A', 14822, '2023-10-24 04:15:26', '2023-10-24', 2, '2023-10-24', 0),
	('23102401', 'aila', 'N/A', 796.95, '2023-10-24 04:17:08', '2023-10-24', 2, '2023-10-24', 0),
	('23102402', 'aila', 'N/A', 5700.75, '2023-10-24 04:41:26', '2023-10-24', 2, '2023-10-24', 0),
	('23102403', 'aila', 'N/A', 3420.45, '2023-10-24 04:43:44', '2023-10-24', 2, '2023-10-24', 0),
	('23102404', 'aila', 'Patrick Feniza', 3420.45, '2023-10-24 04:45:30', '2023-10-24', 2, '2023-10-24', 0),
	('23102405', 'aila', 'N/A', 3420.45, '2023-10-27 03:41:25', '2023-10-24', 2, '2023-10-27', 0),
	('23102406', 'aila', 'N/A', 4217.4, '2023-10-24 04:48:56', '2023-10-24', 2, '2023-10-24', 0),
	('23102700', 'aila', 'Patrick Feniza', 3420.45, '2023-10-27 03:43:39', '2023-10-27', 2, '2023-10-27', 0),
	('23102701', 'aila', 'N/A', 3420.45, '2023-10-27 03:45:35', '2023-10-27', 2, '2023-10-27', 0),
	('23102702', 'aila', 'N/A', 3420.45, '2023-10-27 03:48:56', '2023-10-27', 2, '2023-10-27', 0),
	('23102703', 'aila', 'N/A', 2280.3, '2023-10-27 03:50:32', '2023-10-27', 2, '2023-10-27', 0),
	('23102704', 'aila', 'N/A', 3420.45, '2023-10-27 03:55:09', '2023-10-27', 2, '2023-10-27', 0),
	('23102705', 'aila', 'N/A', 3420.45, '2023-10-27 04:00:08', '2023-10-27', 2, '2023-10-27', 0),
	('23102706', 'aila', 'N/A', 3420.45, '2023-10-27 04:02:31', '2023-10-27', 2, '2023-10-27', 0),
	('23102707', 'aila', 'N/A', 3420.45, '2023-10-27 04:03:10', '2023-10-27', 2, '2023-10-27', 0),
	('23102708', 'aila', 'Patrick Feniza', 1320, '2023-10-27 04:19:00', '2023-10-27', 2, '2023-10-27', 0),
	('23102709', 'aila', 'N/A', 1320, '2023-10-27 04:19:46', '2023-10-27', 2, '2023-10-27', 0),
	('23102710', 'aila', 'N/A', 880, '2023-10-27 04:20:39', '2023-10-27', 2, '2023-10-27', 0),
	('23102711', 'aila', 'N/A', 2280.3, '2023-10-27 04:26:34', '2023-10-27', 2, '2023-10-27', 0),
	('23102712', 'aila', 'N/A', 2280.3, '2023-10-27 04:27:31', '2023-10-27', 2, '2023-10-27', 0),
	('23102713', 'aila', 'N/A', 2280.3, NULL, '2023-10-27', 0, NULL, 0),
	('23102714', 'aila', 'N/A', 2280.3, '2023-10-27 04:27:27', '2023-10-27', 1, NULL, 0),
	('P0b8cb', 'aila', 'James V.', 2100, NULL, '2023-08-26', -1, NULL, 0),
	('P0e4d2', 'aila', 'James V.', 500, NULL, '2023-08-20', 2, '2023-08-22', 0),
	('P0ebe4', 'aila', 'James V.', 2280.3, NULL, '2023-08-26', 2, '2023-08-26', 0),
	('P14b84', 'aila', 'Jose R.', 0, NULL, '2023-08-26', 2, '2023-08-30', 0),
	('P15921', 'aila', 'N/A', 1760, NULL, '2023-08-23', 2, '2023-08-23', 0),
	('P1d58d', 'aila', 'James V.', 500, NULL, '2023-08-19', 2, '2023-08-20', 0),
	('P22b46', 'aila', 'N/A', 2200, NULL, '2023-08-20', 2, '2023-08-22', 0),
	('P2792b', 'aila', 'N/A', 440, NULL, '2023-08-22', 2, '2023-08-22', 0),
	('P2cc66', 'aila', 'N/A', 2171.4, NULL, '2023-08-28', 2, '2023-08-28', 0),
	('P2e8cf', 'aila', 'N/A', 440, NULL, '2023-08-19', 2, '2023-08-22', 0),
	('P31f82', 'aila', 'N/A', 0, NULL, '2023-08-28', -1, NULL, 0),
	('P3d236', 'aila', 'Davin F.', 500, NULL, '2023-08-19', 2, '2023-08-22', 0),
	('P4e070', 'aila', 'N/A', 440, NULL, '2023-08-22', 2, '2023-08-22', 0),
	('P5a62c', 'aila', 'Davin F.', 500, NULL, '2023-08-28', 2, '2023-08-29', 0),
	('P5d98a', 'aila', 'N/A', 1320, NULL, '2023-08-22', 2, '2023-08-22', 0),
	('P660f0', 'aila', 'N/A', 880, NULL, '2023-08-20', 2, '2023-08-20', 0),
	('P6848e', 'aila', 'James V.', 2100, NULL, '2023-08-26', -1, NULL, 0),
	('P6953f', 'aila', 'James V.', 1380, NULL, '2023-08-20', 2, '2023-08-20', 0),
	('P69823', 'aila', 'N/A', 440, NULL, '2023-08-22', 2, '2023-08-22', 0),
	('P956ee', 'aila', 'N/A', 440, NULL, '2023-08-19', 2, '2023-08-22', 0),
	('P9754c', 'aila', 'N/A', 1320, NULL, '2023-08-22', 2, '2023-08-22', 0),
	('Pc0aa9', 'aila', 'James V.', 1500, NULL, '2023-08-20', 2, '2023-08-20', 0),
	('Pc7cae', 'aila', 'Jose R.', 0, NULL, '2023-08-26', 2, '2023-08-28', 0),
	('Pc9c14', 'aila', 'N/A', 440, NULL, '2023-08-19', 2, '2023-08-22', 0),
	('Pd260b', 'aila', 'N/A', 2310, NULL, '2023-08-23', 2, '2023-08-28', 0),
	('Pe327c', 'aila', 'Jose R.', 440, NULL, '2023-08-23', 2, '2023-08-23', 0),
	('Pec804', 'aila', 'Christopher L.', 440, NULL, '2023-08-23', -1, NULL, 0),
	('Pf6e9c', 'aila', 'N/A', 796.95, NULL, '2023-08-23', 2, '2023-08-23', 0);

INSERT INTO `invoice_service_content` (`invoice_uid`, `service_uid`, `service_name`, `pet_uid`, `patient_name`, `scheduled_date`, `price`, `deduction`, `end_schedule`, `multiple_sched_quan`, `instance_of_mul_sched`) VALUES
	('P1d58d', 'S00001', 'Grooming', 'P1ec18', 'Brutus', '2023-08-19', 500, 0, NULL, NULL, NULL),
	('P3d236', 'S00001', 'Grooming', 'P536ec', 'Clarence', '2023-08-19', 500, 0, NULL, NULL, NULL),
	('P6953f', 'S00001', 'Grooming', 'P1ec18', 'Brutus', '2023-08-20', 500, 0, NULL, NULL, NULL),
	('P0e4d2', 'S00001', 'Grooming', 'P1ec18', 'Brutus', '2023-08-20', 500, 0, NULL, NULL, NULL),
	('Pc0aa9', 'S00002', '5-in-1 Vaccine', 'P1ec18', 'Brutus', '2023-08-20', 1500, 0, NULL, NULL, NULL),
	('P5a62c', 'S00001', 'Grooming', '143436', 'Gabi', '2023-08-28', 500, 0, NULL, NULL, NULL),
	('08292302', 'S00001', 'Grooming', '012633', 'Bantay', '2023-08-29', 500, 0, NULL, NULL, NULL),
	('08292304', 'S00001', 'Grooming', '012633', 'Bantay', '2023-08-29', 500, 0, NULL, NULL, NULL),
	('08292305', 'S00001', 'Grooming', '012633', 'Bantay', '2023-08-29', 500, 0, NULL, NULL, NULL),
	('08292306', 'S00002', '5-in-1 Vaccine', '012633', 'Bantay', '2023-08-29', 1500, 0, NULL, NULL, NULL),
	('08292308', 'S00001', 'Grooming', '015659', 'Ruko', '2023-08-29', 500, 0, NULL, NULL, NULL),
	('08292309', 'S00001', 'Grooming', '012633', 'Bantay', '2023-08-31', 500, 0, NULL, NULL, NULL),
	('08292310', 'S00005', 'Canine Castration Surgery', 'P482dc', 'Whitey', '2023-08-30', 1700, 0, NULL, NULL, NULL),
	('08302300', 'S00001', 'Grooming', '015659', 'Ruko', '2023-08-31', 500, 0, NULL, NULL, NULL),
	('08302302', 'S00002', '5-in-1 Vaccine', '015659', 'Ruko', '2023-09-08', 1500, 0, NULL, NULL, NULL),
	('08302302', 'S00002', '5-in-1 Vaccine', 'P1ec18', 'Brutus', '2023-09-09', 1500, 0, NULL, NULL, NULL),
	('08302303', 'S00004', 'Yeast Infection Treatment', '012633', 'Bantay', '2023-08-31', 2100, 0, NULL, NULL, NULL),
	('08302306', 'S00001', 'Grooming', '012633', 'Bantay', '2023-08-31', 500, 0, NULL, NULL, NULL),
	('08302307', 'S00001', 'Grooming', '012633', 'Bantay', '2023-08-30', 500, 0, NULL, NULL, NULL),
	('08302308', 'S00001', 'Grooming', '015659', 'Ruko', '2023-08-30', 500, 0, NULL, NULL, NULL),
	('08302308', 'S00001', 'Grooming', 'P1ec18', 'Brutus', '2023-08-31', 500, 0, NULL, NULL, NULL),
	('08302309', 'S00001', 'Grooming', '015659', 'Ruko', '2023-08-31', 500, 0, NULL, NULL, NULL),
	('08302309', 'S00001', 'Grooming', 'P1ec18', 'Brutus', '2023-08-31', 500, 0, NULL, NULL, NULL),
	('08302310', 'S00001', 'Grooming', '015659', 'Ruko', '2023-08-31', 500, 0, NULL, NULL, NULL),
	('08302310', 'S00001', 'Grooming', 'P1ec18', 'Brutus', '2023-09-28', 500, 0, NULL, NULL, NULL),
	('08302311', 'S00002', '5-in-1 Vaccine', '015659', 'Ruko', '2023-09-28', 1500, 0, NULL, NULL, NULL),
	('08302311', 'S00002', '5-in-1 Vaccine', 'P1ec18', 'Brutus', '2023-08-31', 1500, 0, NULL, NULL, NULL),
	('08302312', 'S00001', 'Grooming', '015659', 'Ruko', '2023-08-30', 500, 0, NULL, NULL, NULL),
	('08302312', 'S00001', 'Grooming', 'P1ec18', 'Brutus', '2023-09-28', 500, 0, NULL, NULL, NULL),
	('08302313', 'S00001', 'Grooming', '015659', 'Ruko', '2023-08-31', 500, 0, NULL, NULL, NULL),
	('09022300', 'S00001', 'Grooming', 'P1ec18', 'Brutus', '2023-09-02', 500, 0, NULL, NULL, NULL),
	('09022301', 'S00001', 'Grooming', '015659', 'Ruko', '2023-09-02', 500, 0, NULL, NULL, NULL),
	('09022301', 'S00001', 'Grooming', 'P1ec18', 'Brutus', '2023-09-02', 500, 0, NULL, NULL, NULL),
	('09022302', 'S00003', 'Papiloma Vaccine', '143436', 'Gabi', '2023-09-02', 2500, 0, NULL, NULL, NULL),
	('09022303', 'S00001', 'Grooming', '012633', 'Bantay', '2023-09-02', 500, 0, NULL, NULL, NULL),
	('09022304', 'S00001', 'Grooming', 'P6b73f', 'Browny', '2023-09-02', 500, 0, NULL, NULL, NULL),
	('09022304', 'S00001', 'Grooming', 'P482dc', 'Whitey', '2023-09-08', 500, 0, NULL, NULL, NULL),
	('09022305', 'S00001', 'Grooming', '015659', 'Ruko', '2023-09-03', 500, 0, NULL, NULL, NULL),
	('09022306', 'S00001', 'Grooming', '234905', 'TJ', '2023-09-02', 500, 0, NULL, NULL, NULL),
	('09032300', 'S00001', 'Grooming', '234905', 'TJ', '2023-09-03', 500, 0, NULL, NULL, NULL),
	('09032301', 'S00001', 'Grooming', '012633', 'Bantay', '2023-09-03', 500, 0, NULL, NULL, NULL),
	('09032302', 'S00001', 'Grooming', '001431', 'Muning', '2023-09-03', 500, 0, NULL, NULL, NULL),
	('09032303', 'S00003', 'Papiloma Vaccine', '001431', 'Muning', '2023-09-03', 2500, 0, NULL, NULL, NULL),
	('09032304', 'S00001', 'Grooming', '015659', 'Ruko', '2023-09-03', 500, 0, NULL, NULL, NULL),
	('09032304', 'S00003', 'Papiloma Vaccine', '015659', 'Ruko', '2023-09-03', 2500, 0, NULL, NULL, NULL),
	('09032305', 'S00004', 'Yeast Infection Treatment', 'P536ec', 'Clarence', '2023-09-03', 2100, 0, NULL, NULL, NULL),
	('09032305', 'S00003', 'Papiloma Vaccine', 'P536ec', 'Clarence', '2023-09-03', 2500, 0, NULL, NULL, NULL),
	('09032306', 'S00004', 'Yeast Infection Treatment', '234729', 'Miru', '2023-09-03', 2100, 0, NULL, NULL, NULL),
	('09032307', 'S00001', 'Grooming', '234905', 'TJ', '2023-09-03', 500, 0, NULL, NULL, NULL),
	('09032307', 'S00002', '5-in-1 Vaccine', '234905', 'TJ', '2023-09-03', 1500, 0, NULL, NULL, NULL),
	('09032308', 'S00003', 'Papiloma Vaccine', 'Pb6c0b', 'Luna', '2023-09-03', 2500, 0, NULL, NULL, NULL),
	('09032312', 'S00001', 'Grooming', '001431', 'Muning', '2023-09-03', 500, 0, NULL, NULL, NULL),
	('09032313', 'S00002', '5-in-1 Vaccine', '234905', 'TJ', '2023-09-03', 1500, 0, NULL, NULL, NULL),
	('09072300', 'S00001', 'Grooming', '001431', 'Muning', '2023-09-07', 500, 0, NULL, NULL, NULL),
	('09072301', 'S00002', '5-in-1 Vaccine', '015659', 'Ruko', '2023-09-07', 1500, 0, NULL, NULL, NULL),
	('09072301', 'S00002', '5-in-1 Vaccine', 'P1ec18', 'Brutus', '2023-09-07', 1500, 0, NULL, NULL, NULL),
	('09072301', 'S00002', '5-in-1 Vaccine', '015659', 'Ruko', '2023-09-07', 1500, 0, NULL, NULL, NULL),
	('09082300', 'S00001', 'Grooming', '012633', 'Bantay', '2023-09-08', 500, 0, NULL, NULL, NULL),
	('23092900', 'S00001', 'Grooming', '143436', 'Gabi', '2023-09-29', 500, 0, NULL, NULL, NULL),
	('23092901', 'S00001', 'Grooming', '001431', 'Muning', '2023-09-29', 500, 0, NULL, NULL, NULL),
	('23092901', 'S00005', 'Canine Castration Surgery', '001431', 'Muning', '2023-09-29', 1700, 0, NULL, NULL, NULL),
	('23100106', 'S00001', 'Grooming', 'P536ec', 'Clarence', '2023-10-05', 500, 0, NULL, NULL, NULL),
	('23101806', 'S00001', 'Grooming', 'P482dc', 'Whitey', '2023-10-18', 500, 0, NULL, NULL, NULL),
	('23101807', 'S00001', 'Grooming', '143436', 'Gabi', '2023-10-18', 500, 0, NULL, NULL, NULL),
	('23101807', 'S00001', 'Grooming', 'P536ec', 'Clarence', '2023-10-18', 500, 0, NULL, NULL, NULL);

INSERT INTO `item_general_info` (`UID`, `name`, `Category`, `brand`, `unit`, `added_by`, `added_date`, `updated_by`, `updated_date`) VALUES
	('I00001', 'MayPaw Heavy Duty Rope Dog Leash', 'Accessories', 'TEST', '100mg', 'admin', '2023-10-22 10:07:46', NULL, NULL),
	('I00002', 'Taglory Rope Dog Leash', 'Accessories', 'TEST', '100mg', 'admin', '2023-10-22 10:07:46', NULL, NULL),
	('I00003', 'Fresh Step Clumping Cat Litter', 'Accessories', 'TEST', '100mg', 'admin', '2023-10-22 10:07:46', NULL, NULL),
	('I00004', 'Fresh Step LeightWeight Clumping Cat Litter', 'Accessories', 'TEST', '100mg', 'admin', '2023-10-22 10:07:46', NULL, NULL),
	('I00005', 'Nutri-Vet Bladder Control Supplement for Dogs', 'Medicine', 'TEST', '100mg', 'admin', '2023-10-22 10:07:46', NULL, NULL),
	('I00006', 'UniLeash', 'Accessories', 'TEST', '100mg', 'admin', '2023-10-22 10:07:46', NULL, NULL),
	('I00007', 'Amoxiccilin Paracetamol 250mg', 'Medicine', 'TEST', '100mg', 'admin', '2023-10-22 10:07:46', NULL, NULL),
	('I0AE71', 'Test ITem 003', 'Accessories', 'TEST', '100mg', 'admin', '2023-10-22 10:07:46', NULL, NULL),
	('I10fdf', 'Test', 'Accessories', 'TEST', '100mg', 'admin', '2023-10-22 10:07:46', NULL, NULL),
	('I1aa81', 'Comedy', 'Accessories', 'TEST', '100mg', 'admin', '2023-10-22 10:07:46', NULL, NULL),
	('I1F3E7', '1000', 'Accessories', 'TEST', '100mg', 'admin', '2023-10-22 16:49:04', NULL, NULL),
	('I2b993', 'Kessoku Band', 'Accessories', 'TEST', '100mg', 'admin', '2023-10-22 10:07:46', NULL, NULL),
	('I2F75F', 'TESTB', 'Accessories', 'TEST', NULL, 'admin', '2023-10-22 17:19:53', NULL, NULL),
	('I3128E', 'Test Item', 'Accessories', 'TEST', '10mg', 'admin', '2023-10-23 10:15:16', NULL, NULL),
	('I32CCE', 'Test 0010', 'Accessories', 'TEST', '100mg', 'admin', '2023-10-22 10:07:46', NULL, NULL),
	('I39DC8', 'Test Item 002', 'Accessories', 'TEST', '100mg', 'admin', '2023-10-22 10:07:46', NULL, NULL),
	('I65B51', 'Medicine-ABC', 'Medicine', 'TEST', '10g', 'admin', '2023-10-22 10:07:46', NULL, NULL),
	('I79FD7', 'Test Item', 'Accessories', 'TEST', '10g', 'admin', '2023-10-22 18:53:33', NULL, NULL),
	('I7A986', 'TEST ITEM 004', 'Accessories', 'TEST', '100mg', 'admin', '2023-10-22 10:07:46', NULL, NULL),
	('I7E29F', 'Medicine-B', 'Medicine', 'TEST', '100mg', 'admin', '2023-10-22 10:07:46', NULL, NULL),
	('I8EC1F', 'TESTA', 'Accessories', 'TEST', NULL, 'admin', '2023-10-22 17:13:40', NULL, NULL),
	('Ia71e7', 'Kawaki wo ameku', 'Accessories', 'DONG-A', '100mg', 'admin', '2023-10-22 10:07:46', NULL, NULL),
	('Iaad08', 'Test Item', 'Accessories', 'TEST', NULL, 'admin', '2023-10-22 10:07:46', NULL, NULL),
	('IACBE3', 'Test Item 006', 'Test003', 'TEST', '100mg', 'admin', '2023-10-22 10:07:46', NULL, NULL),
	('ID121A', 'Cat Nips', 'Accessories', 'TEST', '100mg', 'admin', '2023-10-22 10:07:46', NULL, NULL),
	('IED7B0', 'UNIT TEST', 'Accessories', 'TEST', '100mg', 'admin', '2023-10-22 16:54:42', NULL, NULL),
	('IFF357', 'Test Item 005', 'Accessories', 'TEST', '100mg', 'admin', '2023-10-22 10:07:46', NULL, NULL);

INSERT INTO `item_inventory_info` (`id`, `UID`, `Stock`, `Expiry_Date`, `state`, `added_date`) VALUES
	(2, 'I00003', 48, NULL, 1, '0000-00-00'),
	(3, 'I00004', 51, NULL, 1, '0000-00-00'),
	(5, 'I00005', 2, '2023-08-31', -1, '0000-00-00'),
	(10, 'I00001', 5, NULL, 1, '0000-00-00'),
	(11, 'I00003', 1, NULL, 1, '0000-00-00'),
	(12, 'I00005', 1, '2023-09-28', -1, '0000-00-00'),
	(13, 'I00004', 10, NULL, 1, '0000-00-00'),
	(14, 'I00004', 8, NULL, 1, '0000-00-00'),
	(15, 'I00004', 8, NULL, 1, '0000-00-00'),
	(16, 'I00002', 0, NULL, 1, '0000-00-00'),
	(17, 'I1aa81', 170, NULL, 1, '0000-00-00'),
	(18, 'Ia71e7', 117, NULL, 1, '0000-00-00'),
	(19, 'I2b993', 118, NULL, 1, '0000-00-00'),
	(20, 'Iaad08', 95, NULL, 1, '0000-00-00'),
	(21, 'I39DC8', 20, NULL, 1, '0000-00-00'),
	(22, 'I0AE71', 47, NULL, 1, '0000-00-00'),
	(23, 'I7A986', 10, NULL, 1, '0000-00-00'),
	(24, 'IFF357', 30, NULL, 1, '0000-00-00'),
	(25, 'IACBE3', 15, NULL, 1, '0000-00-00'),
	(26, 'I00005', 50, '2023-10-08', -1, '0000-00-00'),
	(29, 'I32CCE', 10, NULL, 1, '0000-00-00'),
	(30, 'I00005', 10, '2023-10-20', -1, '0000-00-00'),
	(31, 'I00005', 5, '2023-10-15', -1, '0000-00-00'),
	(32, 'I00005', 21, '2023-10-27', 1, '0000-00-00'),
	(34, 'I00005', 2, '2023-10-19', -1, '0000-00-00'),
	(39, 'ID121A', 10, NULL, 1, '0000-00-00'),
	(40, 'I65B51', 100, '2023-10-17', -1, '0000-00-00'),
	(41, 'I7E29F', 130, '2023-10-31', 1, '0000-00-00'),
	(42, 'I1F3E7', 11, NULL, 1, '0000-00-00'),
	(43, 'IED7B0', 5, NULL, 1, '0000-00-00'),
	(44, 'I8EC1F', 10, NULL, 1, '0000-00-00'),
	(45, 'I2F75F', 8, NULL, 1, '0000-00-00'),
	(46, 'I79FD7', 10, NULL, 1, '0000-00-00'),
	(47, 'I3128E', 1, NULL, 1, '0000-00-00'),
	(48, 'I00007', 5, '2023-10-24', 1, '2023-10-24'),
	(49, 'I2b993', 1, NULL, 1, '2023-10-24'),
	(50, 'I7E29F', 5, '2023-10-31', 1, '2023-10-24'),
	(53, 'I00005', 0, '2029-12-12', 1, '2023-10-27');

INSERT INTO `item_settings` (`UID`, `Cost_Price`, `Markup_Factor`, `Reorder_factor`, `Crit_factor`, `Safe_stock`, `Average_monthly_selling_rate`) VALUES
	('I00001', 475, 0.1, 0.85, 0.5, 50, 5),
	('I00002', 400, 0.1, 0.85, 0.5, 50, 5),
	('I00003', 525, 0.1, 0.85, 0.5, 25, 5),
	('I00004', 724.5, 0.1, 0.85, 0.5, 25, 5),
	('I00005', 1036.5, 0.1, 0.85, 0.5, 85, 5),
	('I00006', 120, 0.2, 0.75, 0.5, 15, 5),
	('I0AE71', 100, 2.1, 0.85, 0.5, 10, 5),
	('I10fdf', 100, 0, 0.85, 0.5, 50, 5),
	('I1aa81', 123, 0.9709, 0.85, 0.5, 8, 5),
	('I1F3E7', 100, 1, 0.85, 0.5, 10, 5),
	('I2b993', 121, 0.9901, 0.85, 0.5, 5, 5),
	('I2F75F', 100, 0.2, 0.85, 0.5, 8, 5),
	('I3128E', 1000, 0.01, 0.85, 0.5, 1, 5),
	('I32CCE', 100, 0.01, 0.85, 0.5, 5, 5),
	('I39DC8', 100, 0.1, 0.85, 0.5, 10, 5),
	('I65B51', 100, 0.1, 0.85, 0.5, 100, 5),
	('I79FD7', 100, 0.1, 0.85, 0.5, 10, 5),
	('I7A986', 1000, 0.01, 0.85, 0.5, 10, 5),
	('I7E29F', 250, 0.25, 0.85, 0.5, 100, 5),
	('I8EC1F', 100, 0.1, 0.85, 0.5, 10, 5),
	('Ia71e7', 123, 0.9901, 0.85, 0.5, 55, 5),
	('Iaad08', 100, 0.1, 0.85, 0.5, 100, 5),
	('IACBE3', 100, 0.01, 0.85, 0.5, 10, 5),
	('ID121A', 110, 0.1, 0.85, 0.5, 10, 5),
	('IED7B0', 100, 1, 0.85, 0.5, 5, 5),
	('IFF357', 100, 0.1, 0.85, 0.5, 10, 5);

INSERT INTO `item_supplier_info` (`UID`, `supp_id`) VALUES
	('I0AE71', 'SU000001'),
	('I1F3E7', 'SU000001'),
	('I2F75F', 'SU000001'),
	('I32CCE', 'SU000001'),
	('I39DC8', 'SU000001'),
	('I79FD7', 'SU000001'),
	('I8EC1F', 'SU000001'),
	('IACBE3', 'SU000001'),
	('ID121A', 'SU000001'),
	('IED7B0', 'SU000001'),
	('IFF357', 'SU000001'),
	('I7A986', 'SU000002'),
	('I00003', 'SU000003'),
	('I1aa81', 'SU000003'),
	('I00001', 'SU000004'),
	('I00002', 'SU000004'),
	('I00004', 'SU000004'),
	('I00005', 'SU000004'),
	('I00006', 'SU000004'),
	('I10fdf', 'SU000004'),
	('I2b993', 'SU000004'),
	('I00007', 'SU000005'),
	('Ia71e7', 'SU000005'),
	('Iaad08', 'SU000005'),
	('I3128E', 'SU000008'),
	('I7E29F', 'SU000008'),
	('I65B51', 'SU000009');

INSERT INTO `item_transaction_content` (`transaction_uid`, `Item_uid`, `item_name`, `quantity`, `price`, `deduction`) VALUES
	('0', 'I00001', 'MayPaw Heavy Duty Rope Dog Leash', 2, 522.5, 0),
	('2', 'I00002', 'Taglory Rope Dog Leash', 1, 440, 0),
	('3', 'I00005', 'Nutri-Vet Bladder Control Supplement for Dogs', 3, 1140.15, 0),
	('6', 'I00004', 'Fresh Step LeightWeight Clumping Cat Litter', 4, 796.95, 0),
	('8', 'I00004', 'Fresh Step LeightWeight Clumping Cat Litter', 2, 796.95, 0),
	('9', 'I00006', 'UniLeash', 1, 144, 0),
	('11', 'I00002', 'Taglory Rope Dog Leash', 1, 440, 0),
	('14', 'I00002', 'Taglory Rope Dog Leash', 3, 440, 0),
	('15', 'I00002', 'Taglory Rope Dog Leash', 2, 440, 0),
	('16', 'I00002', 'Taglory Rope Dog Leash', 1, 440, 0),
	('16', 'I00004', 'Fresh Step LeightWeight Clumping Cat Litter', 2, 796.95, 0),
	('17', 'I00002', 'Taglory Rope Dog Leash', 2, 880, 0),
	('19', 'I00002', 'Taglory Rope Dog Leash', 2, 880, 0),
	('23', 'I00002', 'Taglory Rope Dog Leash', 1, 440, 0),
	('25', 'I00002', 'Taglory Rope Dog Leash', 1, 440, 0),
	('26', 'I00002', 'Taglory Rope Dog Leash', 1, 440, 0),
	('27', 'I00002', 'Taglory Rope Dog Leash', 1, 440, 0),
	('29', 'I00002', 'Taglory Rope Dog Leash', 1, 440, 0),
	('31', 'I00002', 'Taglory Rope Dog Leash', 1, 440, 0),
	('33', 'I00002', 'Taglory Rope Dog Leash', 1, 440, 0),
	('34', 'I00004', 'Fresh Step LeightWeight Clumping Cat ', 1, 796.95, 0),
	('36', 'I00003', 'Fresh Step Clumping Cat Litter', 4, 577.5, 0),
	('37', 'I00003', 'Fresh Step Clumping Cat Litter', 1, 577.5, 0),
	('37', 'I00004', 'Fresh Step LeightWeight Clumping Cat Litter', 2, 796.95, 0),
	('39', 'I00003', 'Fresh Step Clumping Cat Litter', 1, 577.5, 0),
	('43', 'I00003', 'Fresh Step Clumping Cat Litter', 1, 577.5, 0),
	('46', 'I00003', 'Fresh Step Clumping Cat Litter', 1, 577.5, 0),
	('47', 'I00003', 'Fresh Step Clumping Cat Litter', 1, 577.5, 0),
	('48', 'I00003', 'Fresh Step Clumping Cat Litter', 4, 577.5, 0),
	('49', 'I00001', 'MayPaw Heavy Duty Rope Dog Leash', 1, 522.5, 0),
	('50', 'I00001', 'MayPaw Heavy Duty Rope Dog Leash', 3, 522.5, 0),
	('50', 'I00001', 'MayPaw Heavy Duty Rope Dog Leash', 1, 522.5, 0),
	('51', 'I00003', 'Fresh Step Clumping Cat Litter', 1, 577.5, 0),
	('52', 'I00001', 'MayPaw Heavy Duty Rope Dog Leash', 3, 522.5, 0),
	('52', 'I00001', 'MayPaw Heavy Duty Rope Dog Leash', 3, 522.5, 0),
	('52', 'I00002', 'Taglory Rope Dog Leash', 2, 440, 0),
	('53', 'I00001', 'MayPaw Heavy Duty Rope Dog Leash', 2, 522.5, 0),
	('54', 'I00003', 'Fresh Step Clumping Cat Litter', 2, 577.5, 0),
	('55', 'I00001', 'MayPaw Heavy Duty Rope Dog Leash', 1, 522.5, 0),
	('56', 'I00001', 'MayPaw Heavy Duty Rope Dog Leash', 1, 522.5, 0),
	('56', 'I00004', 'Fresh Step LeightWeight Clumping Cat Litter', 3, 796.95, 0),
	('56', 'I00001', 'MayPaw Heavy Duty Rope Dog Leash', 3, 522.5, 0),
	('57', 'I00001', 'MayPaw Heavy Duty Rope Dog Leash', 1, 522.5, 0),
	('58', 'I00001', 'MayPaw Heavy Duty Rope Dog Leash', 3, 522.5, 0),
	('58', 'I00001', 'MayPaw Heavy Duty Rope Dog Leash', 3, 522.5, 0),
	('59', 'I00001', 'MayPaw Heavy Duty Rope Dog Leash', 1, 522.5, 0),
	('60', 'I00005', 'Nutri-Vet Bladder Control Supplement for Dogs', 2, 1140.15, 0),
	('75', 'I00005', 'Nutri-Vet Bladder Control Supplement for Dogs', 2, 1140.15, 0),
	('76', 'I00005', 'Nutri-Vet Bladder Control Supplement for Dogs', 2, 1140.15, 0),
	('77', 'I00006', 'UniLeash', 2, 144, 0),
	('82', 'I0AE71', 'Test ITem 003', 10, 310, 0),
	('84', 'I00002', 'Taglory Rope Dog Leash', 6, 440, 0),
	('85', 'I00002', 'Taglory Rope Dog Leash', 7, 440, 0),
	('86', 'I1aa81', 'Comedy', 10, 242.42, 0),
	('87', 'IACBE3', 'Test Item 006', 10, 101, 0),
	('88', 'I00001', 'MayPaw Heavy Duty Rope Dog Leash', 1, 522.5, 0),
	('90', 'I32CCE', 'Test 0010', 5, 101, 0),
	('91', 'I7A986', 'TEST ITEM 004', 10, 1010, 0),
	('92', 'I00001', 'MayPaw Heavy Duty Rope Dog Leash', 3, 522.5, 0),
	('92', 'I00002', 'Taglory Rope Dog Leash', 1, 440, 0),
	('92', 'I00006', 'UniLeash', 1, 144, 0),
	('93', 'I00001', 'MayPaw Heavy Duty Rope Dog Leash', 2, 522.5, 0),
	('93', 'I0AE71', 'Test ITem 003', 3, 310, 0),
	('94', 'I00001', 'MayPaw Heavy Duty Rope Dog Leash', 1, 522.5, 0),
	('95', 'I00002', 'Taglory Rope Dog Leash', 1, 440, 0),
	('96', 'I00002', 'Taglory Rope Dog Leash', 1, 440, 0),
	('97', 'I00005', 'Nutri-Vet Bladder Control Supplement for Dogs', 1, 1140.15, 0),
	('98', 'I00002', 'Taglory Rope Dog Leash', 1, 440, 0),
	('99', 'I00003', 'Fresh Step Clumping Cat Litter', 1, 577.5, 0),
	('101', 'I00001', 'MayPaw Heavy Duty Rope Dog Leash', 15, 522.5, 0),
	('102', 'IACBE3', 'Test Item 006', 5, 101, 0),
	('103', 'I00005', 'Nutri-Vet Bladder Control Supplement for Dogs', 13, 1140.15, 0),
	('104', 'I00004', 'Fresh Step LeightWeight Clumping Cat Litter', 1, 796.95, 0),
	('105', 'I00005', 'Nutri-Vet Bladder Control Supplement for Dogs', 13, 1140.15, 0),
	('106', 'I00005', 'Nutri-Vet Bladder Control Supplement for Dogs', 5, 1140.15, 0),
	('107', 'I00005', 'Nutri-Vet Bladder Control Supplement for Dogs', 3, 1140.15, 0),
	('108', 'I00005', 'Nutri-Vet Bladder Control Supplement for Dogs', 3, 1140.15, 0),
	('109', 'I00004', 'Fresh Step LeightWeight Clumping Cat Litter', 1, 796.95, 0),
	('109', 'I00005', 'Nutri-Vet Bladder Control Supplement for Dogs', 3, 1140.15, 0),
	('110', 'I00002', 'Taglory Rope Dog Leash', 3, 440, 0),
	('111', 'I00002', 'Taglory Rope Dog Leash', 3, 440, 0),
	('112', 'I00002', 'Taglory Rope Dog Leash', 2, 440, 0),
	('113', 'I00005', 'Nutri-Vet Bladder Control Supplement for Dogs', 1, 1140.15, 0),
	('114', 'I00005', 'Nutri-Vet Bladder Control Supplement for Dogs', 1, 1140.15, 0),
	('115', 'I00005', 'Nutri-Vet Bladder Control Supplement for Dogs', 2, 1140.15, 0),
	('116', 'I00005', 'Nutri-Vet Bladder Control Supplement for Dogs', 2, 1140.15, 0);

INSERT INTO `login_report` (`attempt_usn`, `usn_used`, `date_created`) VALUES
	(NULL, 'admin', '2023-06-07 23:50:59'),
	('admin', 'admin', '2023-06-07 23:54:09'),
	('admin', 'admin', '2023-06-07 23:55:45'),
	(NULL, 'chris', '2023-07-05 17:36:56');

INSERT INTO `log_history` (`usn`, `date_logged`, `time_in`, `time_out`) VALUES
	('Chris2', '2023-08-31', '00:05:36', '00:05:36'),
	('admin', '2023-09-11', '23:28:25', '23:28:25'),
	('admin', '2023-09-12', '14:20:59', '14:20:59'),
	('admin', '2023-09-12', '15:57:56', '15:57:56'),
	('admin', '2023-09-12', '15:59:58', '15:59:58'),
	('admin', '2023-09-12', '16:04:04', '16:04:04'),
	('admin', '2023-09-12', '16:06:23', '16:06:23'),
	('admin', '2023-09-12', '16:07:52', '16:07:52'),
	('admin', '2023-09-12', '16:09:02', '16:09:02'),
	('admin', '2023-09-12', '16:09:45', '16:09:45'),
	('admin', '2023-09-12', '16:10:40', '16:10:40'),
	('admin', '2023-09-12', '16:12:07', '16:12:07'),
	('admin', '2023-09-12', '16:14:13', '16:14:13'),
	('admin', '2023-09-12', '16:23:08', '16:23:08'),
	('admin', '2023-09-12', '16:24:11', '16:24:11'),
	('admin', '2023-09-12', '16:25:26', '16:25:26'),
	('admin', '2023-09-12', '16:26:01', '16:26:01'),
	('admin', '2023-09-12', '16:27:41', '16:27:41'),
	('admin', '2023-09-12', '16:29:48', '16:29:48'),
	('admin', '2023-09-12', '16:30:52', '16:30:52'),
	('admin', '2023-09-12', '16:36:18', '16:36:18'),
	('admin', '2023-09-12', '16:37:16', '16:37:16'),
	('admin', '2023-09-12', '16:49:22', '16:49:22'),
	('admin', '2023-09-12', '16:54:26', '16:54:26'),
	('admin', '2023-09-12', '17:01:57', '17:01:57'),
	('admin', '2023-09-12', '17:19:53', '17:19:53'),
	('admin', '2023-09-16', '01:12:01', '01:12:01'),
	('admin', '2023-09-16', '01:14:00', '01:14:00'),
	('admin', '2023-09-16', '01:14:44', '01:14:44'),
	('admin', '2023-09-16', '01:15:23', '01:15:23'),
	('admin', '2023-09-16', '01:16:09', '01:16:09'),
	('admin', '2023-09-16', '01:16:35', '01:16:35'),
	('admin', '2023-09-30', '22:34:06', '22:34:06');

INSERT INTO `partially_recieving_item` (`id`, `NAME`, `stock`, `supp_name`, `exp_date`, `reciever`, `date_recieved`) VALUES
	('R43417', 'Nutri-Vet Bladder Control Supplement for Dogs', 15, 'Pfizer corp..', NULL, 'kylde', '2023-08-23 00:00:00'),
	('R43417', 'Nutri-Vet Bladder Control Supplement for Dogs', 1, 'Pfizer corp..', NULL, 'kylde', '2023-08-23 00:00:00'),
	('R43417', 'Nutri-Vet Bladder Control Supplement for Dogs', 3, 'Pfizer corp..', NULL, 'kylde', '2023-08-28 00:00:00'),
	('R43417', 'Nutri-Vet Bladder Control Supplement for Dogs', 5, 'Pfizer corp..', NULL, 'kylde', '2023-08-28 00:00:00'),
	('Rb074c', 'Nutri-Vet Bladder Control Supplement for Dogs', 1, 'Pfizer corp..', NULL, 'kylde', '2023-08-30 00:00:00'),
	('Rb074c', 'Nutri-Vet Bladder Control Supplement for Dogs', 1, 'Pfizer corp..', NULL, 'kylde', '2023-08-30 00:00:00'),
	('Rb074c', 'Nutri-Vet Bladder Control Supplement for Dogs', 2, 'Pfizer corp..', NULL, 'kylde', '2023-08-30 00:00:00'),
	('Rb074c', 'Nutri-Vet Bladder Control Supplement for Dogs', 2, 'Pfizer corp..', NULL, 'kylde', '2023-08-30 00:00:00'),
	('R917e0', 'Fresh Step LeightWeight Clumping Cat Litter', 3, 'medVet assc..', NULL, 'kylde', '2023-08-30 00:00:00'),
	('R917e0', 'Fresh Step LeightWeight Clumping Cat Litter', 1, 'medVet assc..', NULL, 'kylde', '2023-08-30 00:00:00'),
	('R1e3d5', 'Test', 5, 'qeqw', NULL, 'admin', '2023-09-11 00:00:00'),
	('R21e64', 'UniLeash', 10, 'Robina Corp', NULL, 'admin', '2023-09-13 00:00:00'),
	('R9d3a7', 'UniLeash', 80, 'Robina Corp', NULL, 'admin', '2023-09-13 00:00:00'),
	('Ra1c30', 'Kawaki wo ameku', 50, '123', NULL, 'admin', '2023-09-14 00:00:00'),
	('Ra1c30', 'Pending', 5, '123', NULL, 'admin', '2023-09-14 00:00:00'),
	('R513E9', 'Waiting', 40, 'ABC Corporation', NULL, 'admin', '2023-09-16 00:00:00'),
	('R6B64B', 'Waiting', 5, 'Jesser Supplier Company', NULL, 'aila', '2023-09-20 00:00:00'),
	('RFFE1B', 'Waiting', 5, 'Jesser Supplier Company', NULL, 'admin', '2023-09-22 00:00:00'),
	('R20205', 'Taglory Rope Dog Leash', 10, 'Jesser Supplier Company', NULL, 'admin', '2023-10-08 00:00:00'),
	('R20205', 'Taglory Rope Dog Leash', 10, 'Jesser Supplier Company', NULL, 'admin', '2023-10-08 00:00:00'),
	('R20205', 'Taglory Rope Dog Leash', 10, 'Jesser Supplier Company', NULL, 'admin', '2023-10-08 00:00:00'),
	('R9d3a7', 'UniLeash', 5, 'ABC Corporation', NULL, 'admin', '2023-10-08 00:00:00'),
	('R20205', 'Taglory Rope Dog Leash', 10, 'Jesser Supplier Company', NULL, 'admin', '2023-10-08 00:00:00'),
	('RFBE93', 'Kessoku Band', 50, 'Jesser Supplier Company', NULL, 'admin', '2023-10-08 00:00:00'),
	('RFBE93', 'Kessoku Band', 20, 'Jesser Supplier Company', NULL, 'admin', '2023-10-08 00:00:00'),
	('RFBE93', 'Kessoku Band', 10, 'Jesser Supplier Company', NULL, 'admin', '2023-10-08 00:00:00'),
	('R84D95', 'Comedy', 5, 'UP Veterinary Supplies', NULL, 'admin', '2023-10-10 00:00:00'),
	('RC0AC6', 'Comedy', 30, 'UP Veterinary Supplies', NULL, 'admin', '2023-10-10 00:00:00'),
	('RC3713', 'Nutri-Vet Bladder Control Supplement for Dogs', 30, 'Jesser Supplier Company', NULL, 'admin', '2023-10-10 00:00:00'),
	('RC0AC6', 'Comedy', 10, 'UP Veterinary Supplies', NULL, 'admin', '2023-10-10 00:00:00'),
	('R08012', 'Nutri-Vet Bladder Control Supplement for Dogs', 5, 'Jesser Supplier Company', NULL, 'admin', '2023-10-15 00:00:00'),
	('R08012', 'Nutri-Vet Bladder Control Supplement for Dogs', 2, 'Jesser Supplier Company', NULL, 'admin', '2023-10-15 00:00:00'),
	('R08012', 'Nutri-Vet Bladder Control Supplement for Dogs', 1, 'Jesser Supplier Company', NULL, 'admin', '2023-10-15 00:00:00'),
	('R8780B', 'Taglory Rope Dog Leash', 1, 'Jesser Supplier Company', NULL, 'admin', '2023-10-15 00:00:00'),
	('R47299', 'Nutri-Vet Bladder Control Supplement for Dogs', 5, 'Jesser Supplier Company', NULL, 'admin', '2023-10-15 00:00:00'),
	('R47299', 'Nutri-Vet Bladder Control Supplement for Dogs', 1, 'Jesser Supplier Company', NULL, 'admin', '2023-10-15 00:00:00'),
	('RE2198', 'Taglory Rope Dog Leash', 5, 'Jesser Supplier Company', NULL, 'admin', '2023-10-15 00:00:00'),
	('RC3713', 'Nutri-Vet Bladder Control Supplement for Dogs', 15, 'Jesser Supplier Company', NULL, 'admin', '2023-10-15 00:00:00'),
	('R6EA0D', 'Kessoku Band (100mg)', 2, 'Jesser Supplier Company', NULL, 'aila', '2023-10-24 00:00:00'),
	('R6EA0D', 'Kessoku Band (100mg)', 2, 'Jesser Supplier Company', NULL, 'aila', '2023-10-24 00:00:00'),
	('R6EA0D', 'Kessoku Band (100mg)', 2, 'Jesser Supplier Company', NULL, 'aila', '2023-10-24 00:00:00'),
	('R6DEE3', 'Medicine-B (100mg)', 25, 'DK Corporation', NULL, 'aila', '2023-10-24 00:00:00'),
	('R6DEE3', 'Medicine-B (100mg)', 5, 'DK Corporation', NULL, 'aila', '2023-10-24 00:00:00'),
	('R6DEE3', 'Medicine-B (100mg)', 5, 'DK Corporation', NULL, 'aila', '2023-10-24 00:00:00');

INSERT INTO `pet_breed` (`type`, `breed`) VALUES
	('Dog', 'Aspin'),
	('Cat', 'Puspin'),
	('test1', 'test'),
	('Cat', 'Siamese');

INSERT INTO `pet_info` (`id`, `p_name`, `owner_id`, `breed`, `type`, `sex`, `weight`, `bday`) VALUES
	('001431', 'Muning', 1, 'Puspin', 'Cat', 'Male', '2.5', '2023-08-16'),
	('012633', 'Bantay', 6, 'Female', 'Dog', 'Male', '50.2', '2023-08-25'),
	('015659', 'Test', 5, 'Test', 'Test', 'Test', 'Test', '2023-09-08'),
	('143436', 'Gabi', 2, 'Puspin', 'Cat', 'Male', '3', '2023-08-23'),
	('234729', 'Miru', 5, 'Puspin', 'Cat', 'Female', '1.2', '2022-12-09'),
	('234905', 'TJ', 1, 'Male', 'Dog', 'Ewan', '1', '2023-09-01'),
	('P1ec18', 'Brutus', 5, 'Mini Pin', '', 'Male', '', '2023-07-07'),
	('P40641', 'jam', 5, 'siames', 'Cat', 'Male', '1', '2023-09-12'),
	('P482dc', 'Whitey', 3, 'Bulldog', '', 'Female', '', '2023-06-23'),
	('P536ec', 'Clarence', 2, 'Human', '', 'Male', '', '2023-07-06'),
	('P62fd9', 'Clarence', 1, 'Puspin', 'Cat', 'Male', '10.5', '2023-09-20'),
	('P68ee4', 'Blacky', 3, 'Siamese', 'Cat', 'Male', '5', '2023-09-14'),
	('P6b73f', 'Browny', 3, 'Dalmatian', '', 'Male', '', '2000-12-30'),
	('P7a038', 'Riku', 29, 'Male', 'Cat', 'Puspin', '1', '2023-09-01'),
	('P7b350', 'Roko', 1, 'Puspin', 'Cat', 'Male', '10', '2023-09-15'),
	('Pb6c0b', 'Luna', 4, 'Siamese Cat', 'Cat', 'Male', '1.0', '2023-08-24'),
	('Pbf4d2', 'Bugsy', 30, 'Siamese ', 'Cat', 'Male', '5', '2022-11-22'),
	('Pc1935', 'Sol', 4, 'Calico Cat', '', 'Female', '', '2023-06-01'),
	('Pe3b3d', 'John', 3, 'Siamese', 'Cat', 'Male', '1', '2023-09-12'),
	('Pfcad9', 'Lina', 2, 'Short Hair', 'Cat', 'Female', '1.5', '2023-09-07');

INSERT INTO `pet_owner_info` (`owner_id`, `owner_name`, `address`, `contact_number`) VALUES
	(1, 'Patrick Feniza', 'Diliman, Quezon City', '09874561234'),
	(2, 'Davin Ferrancullo', 'Almar, Caloocan City', '09478056123'),
	(3, 'Joze Rizal', 'Calamba, Laguna Province', '09574794234'),
	(4, 'Christopher Landas', 'Rodriguez. Rizal ', '09076208927'),
	(5, 'James Viñas', 'Tala, Caloocan City', '09208902063'),
	(6, 'Budjette Tan', 'Trese, Manila City', '09123456789'),
	(26, 'TEST12', 'TEST12', 'TEST12'),
	(27, 'test2321', 'test2321', 'test2321'),
	(28, 'James Rubiales', 'Tet1', 'Tset'),
	(29, 'Clarence Ugay', 'Almar, Caloocan City', '0923902397'),
	(30, 'Tyrone Tuazon', 'STI College Fairview', '09831809378');

INSERT INTO `receiving_history_info` (`receiving_id`, `order_quantity`, `receiver`, `expiry`, `date_received`) VALUES
	('R20205', 10, 'admin', NULL, '2023-10-08 15:11:26'),
	('R6B64B', 5, 'admin', NULL, '2023-10-08 15:20:51'),
	('R20205', 10, 'admin', NULL, '2023-10-08 15:23:13'),
	('R9d3a7', 5, 'admin', NULL, '2023-10-08 16:01:26'),
	('Ra1c30', 5, 'admin', NULL, '2023-10-08 16:01:32'),
	('RFFE1B', 5, 'admin', NULL, '2023-10-08 16:01:38'),
	('R13D3C', 1, 'admin', NULL, '2023-10-08 16:01:43'),
	('R80708', 5, 'admin', NULL, '2023-10-08 16:23:08'),
	('R20205', 30, 'admin', NULL, '2023-10-08 17:47:43'),
	('RFBE93', 50, 'admin', NULL, '2023-10-08 18:45:55'),
	('RFBE93', 20, 'admin', NULL, '2023-10-08 18:46:11'),
	('RFBE93', 10, 'admin', NULL, '2023-10-08 18:46:17'),
	('RFBE93', 20, 'admin', NULL, '2023-10-08 18:46:21'),
	('R877EB', 50, 'admin', NULL, '2023-10-08 19:55:56'),
	('R5652B', 10, 'admin', NULL, '2023-10-08 19:57:24'),
	('R0A465', 50, 'admin', NULL, '2023-10-08 19:57:58'),
	('RBE2A2', 10, 'admin', NULL, '2023-10-08 20:05:13'),
	('R4B774', 3, 'admin', NULL, '2023-10-08 20:07:02'),
	('R0C22D', 1, 'admin', NULL, '2023-10-08 20:17:48'),
	('R29172', 10, 'admin', NULL, '2023-10-08 20:19:06'),
	('RF85FE', 1, 'admin', NULL, '2023-10-08 20:22:42'),
	('RE6362', 1, 'admin', NULL, '2023-10-08 20:23:03'),
	('RF8D0A', 9, 'admin', NULL, '2023-10-08 20:26:11'),
	('R9F732', 5, 'admin', NULL, '2023-10-08 20:29:39'),
	('R3FE2D', 5, 'admin', NULL, '2023-10-08 20:31:43'),
	('R24E82', 5, 'admin', NULL, '2023-10-08 20:37:56'),
	('R66215', 5, 'admin', NULL, '2023-10-08 20:38:56'),
	('RB4587', 5, 'admin', NULL, '2023-10-08 20:40:44'),
	('R4D212', 10, 'admin', NULL, '2023-10-08 20:42:31'),
	('RECA53', 1, 'admin', NULL, '2023-10-08 20:45:03'),
	('RCDA5A', 5, 'admin', NULL, '2023-10-08 20:45:22'),
	('R84D95', 5, 'admin', NULL, '2023-10-10 07:42:14'),
	('R84D95', 5, 'admin', NULL, '2023-10-10 07:42:27'),
	('RC0AC6', 30, 'admin', NULL, '2023-10-10 09:09:53'),
	('RC3713', 30, 'admin', NULL, '2023-10-10 09:11:01'),
	('RC0AC6', 10, 'admin', NULL, '2023-10-10 09:18:33'),
	('RC0AC6', 10, 'admin', NULL, '2023-10-10 09:18:49'),
	('RBD852', 10, 'admin', NULL, '2023-10-12 00:01:47'),
	('R08012', 5, 'admin', NULL, '2023-10-15 00:58:04'),
	('R08012', 2, 'admin', NULL, '2023-10-15 00:58:31'),
	('R291BF', 10, 'admin', NULL, '2023-10-15 00:58:57'),
	('R08012', 1, 'admin', NULL, '2023-10-15 01:02:36'),
	('R08012', 2, 'admin', NULL, '2023-10-15 01:32:35'),
	('R47299', 1, 'admin', '2023-11-03', '2023-10-15 01:59:31'),
	('R47299', 4, 'admin', '2023-10-27', '2023-10-15 01:59:59'),
	('RE2198', 5, 'admin', NULL, '2023-10-15 02:01:35'),
	('RC3713', 15, 'admin', '2023-12-31', '2023-10-15 09:07:36'),
	('RC3713', 5, 'admin', '2023-11-04', '2023-10-15 09:07:47'),
	('RE2198', 5, 'admin', NULL, '2023-10-22 11:45:26'),
	('RE966E', 4, 'admin', NULL, '2023-10-22 11:45:49'),
	('RC0730', 4, 'admin', NULL, '2023-10-22 11:47:16'),
	('R8CB43', 4, 'admin', NULL, '2023-10-22 12:06:34'),
	('R661CB', 6, 'admin', NULL, '2023-10-22 12:06:55'),
	('R380EA', 4, 'admin', NULL, '2023-10-22 12:07:22'),
	('R4C5B1', 10, 'admin', NULL, '2023-10-22 12:10:14'),
	('RE010B', 10, 'admin', NULL, '2023-10-22 12:10:43'),
	('R90FFC', 5, 'admin', NULL, '2023-10-22 12:49:06'),
	('R86C3C', 5, 'admin', NULL, '2023-10-22 12:49:55'),
	('RE3D4D', 10, 'admin', NULL, '2023-10-22 13:07:58'),
	('R6668D', 1, 'admin', NULL, '2023-10-22 14:02:23'),
	('R57F67', 10, 'admin', NULL, '2023-10-22 20:24:10'),
	('R0C860', 10, 'admin', NULL, '2023-10-22 20:30:30'),
	('R4A553', 50, 'admin', NULL, '2023-10-22 20:32:21'),
	('R535AC', 20, 'admin', NULL, '2023-10-22 20:36:05'),
	('R64855', 4, 'admin', NULL, '2023-10-22 20:37:02'),
	('R443FA', 10, 'admin', NULL, '2023-10-22 21:22:25'),
	('R69EB1', 1, 'aila', NULL, '2023-10-24 03:55:40'),
	('R75110', 5, 'aila', '2023-10-24', '2023-10-24 03:56:38'),
	('R6EA0D', 2, 'aila', NULL, '2023-10-24 03:57:12'),
	('R6EA0D', 2, 'aila', NULL, '2023-10-24 03:57:39'),
	('R6EA0D', 1, 'aila', NULL, '2023-10-24 04:07:29'),
	('R6DEE3', 25, 'aila', '2023-10-31', '2023-10-24 04:09:50'),
	('R6DEE3', 5, 'aila', '2023-10-31', '2023-10-24 04:10:23'),
	('R6DEE3', 5, 'aila', '2023-10-31', '2023-10-24 04:12:06');

INSERT INTO `recieving_item` (`id`, `NAME`, `item_uid`, `ordered_by`, `initial_stock`, `current_stock`, `supp_id`, `exp_date`, `reciever`, `state`, `date_set`, `date_recieved`) VALUES
	('1', 'Nutri-Vet Bladder Control Supplement for Dogs', 'I00005', 'admin', 15, 0, 'SU000001', '2023-10-26', 'klyde', 2, '0000-00-00 00:00:00', '2023-06-12 01:49:18'),
	('2', 'Nutri-Vet Bladder Control Supplement for Dogs', 'I00005', 'admin', 25, 25, 'SU000001', '2023-08-03', 'klyde', 2, '0000-00-00 00:00:00', '2023-06-12 01:57:52'),
	('R06952', 'MayPaw Heavy Duty Rope Dog Leash', 'I00001', 'admin', 60, 60, 'SU000001', NULL, 'klyde', 2, '0000-00-00 00:00:00', '2023-06-14 11:39:30'),
	('R07365', 'Nutri-Vet Bladder Control Supplement for Dogs', 'I00005', 'admin', 15, 15, 'SU000003', '2023-08-31', 'klyde', 2, '0000-00-00 00:00:00', '2023-06-12 02:06:53'),
	('R08012', 'Nutri-Vet Bladder Control Supplement for Dogs', 'I00005', 'admin', 10, 2, 'SU000004', '2023-10-27', 'admin', 2, '2023-10-14 19:11:31', '2023-10-15 01:32:34'),
	('R0A465', 'Nutri-Vet Bladder Control Supplement for Dogs', 'I00005', 'admin', 50, 50, 'SU000004', '2023-10-08', 'admin', 2, '2023-10-08 19:57:45', '2023-10-08 19:57:56'),
	('R0C22D', 'Comedy', 'I1aa81', 'admin', 1, 1, 'SU000003', NULL, 'admin', 2, '2023-10-08 20:14:58', '2023-10-08 20:18:29'),
	('R0C860', 'Test Item', 'Iaad08', 'admin', 10, 10, 'SU000005', NULL, 'admin', 2, '2023-10-22 20:24:26', '2023-10-22 20:30:27'),
	('R13022', 'Fresh Step Clumping Cat Litter', 'I00003', 'admin', 4, 4, 'SU000001', NULL, 'acc_name', 2, '2023-08-30 23:42:34', '2023-08-30 23:42:43'),
	('R13D3C', 'Kawaki wo ameku', 'Ia71e7', 'admin', 1, 1, 'SU000005', NULL, 'admin', 2, '2023-10-01 17:10:13', '2023-10-08 16:01:42'),
	('R16f93', 'Nutri-Vet Bladder Control Supplement for Dogs', 'I00005', 'admin', 21, 21, 'SU000001', NULL, 'klyde', 2, '0000-00-00 00:00:00', '2023-06-14 11:42:10'),
	('R1e3d5', 'Test', 'I10fdf', 'admin', 10, 5, 'SU000001', NULL, 'acc_name', 2, '2023-09-11 23:50:09', '2023-09-16 20:36:15'),
	('R20205', 'Taglory Rope Dog Leash', 'I00002', 'admin', 50, 10, 'SU000004', NULL, 'admin', 2, '2023-10-08 12:16:57', '2023-10-08 15:23:12'),
	('R205d2', 'Taglory Rope Dog Leash', 'I00002', 'admin', 50, 50, 'SU000001', NULL, 'klyde', 2, '0000-00-00 00:00:00', '2023-06-14 09:41:57'),
	('R21e64', 'UniLeash', 'I00006', 'admin', 50, 40, 'SU000001', NULL, 'acc_name', 2, '2023-09-13 07:51:08', '2023-09-16 23:22:46'),
	('R24E82', 'Comedy', 'I1aa81', 'admin', 5, 5, 'SU000003', NULL, 'admin', 2, '2023-10-08 20:37:50', '2023-10-08 20:37:55'),
	('R275ab', 'UniLeash', 'I00006', 'admin', 15, 15, 'SU000001', NULL, 'klyde', 2, '0000-00-00 00:00:00', '2023-06-14 09:50:12'),
	('R29172', 'Kessoku Band', 'I2b993', 'admin', 10, 10, 'SU000004', NULL, 'admin', 2, '2023-10-08 20:19:00', '2023-10-08 20:19:05'),
	('R291BF', 'Taglory Rope Dog Leash', 'I00002', 'admin', 10, 10, 'SU000004', NULL, 'admin', 2, '2023-10-14 19:08:25', '2023-10-15 00:58:56'),
	('R2ae83', 'MayPaw Heavy Duty Rope Dog Leash', 'I00001', 'admin', 5, 5, 'SU000001', NULL, NULL, -1, '2023-08-30 23:07:19', NULL),
	('R2b87d', 'Fresh Step LeightWeight Clumping Cat Litter', 'I00004', 'admin', 50, 50, 'SU000001', NULL, 'klyde', 2, '0000-00-00 00:00:00', '2023-06-14 09:51:31'),
	('R2e4c7', 'Taglory Rope Dog Leash', 'I00002', 'admin', 10, 10, 'SU000001', NULL, 'acc_name', 2, '2023-08-30 23:54:15', '2023-08-30 23:54:20'),
	('R31a74', 'Fresh Step Clumping Cat Litter', 'I00003', 'admin', 5, 5, 'SU000001', NULL, NULL, -1, '2023-08-30 23:05:43', NULL),
	('R380EA', 'Taglory Rope Dog Leash (TEST)', 'I00002', 'admin', 4, 4, 'SU000004', NULL, 'admin', 2, '2023-10-22 12:07:11', '2023-10-22 12:07:21'),
	('R38FF5', 'Taglory Rope Dog Leash', 'I00002', 'admin', 1, 1, 'SU000004', NULL, 'admin', 2, '2023-10-15 01:53:55', '2023-10-15 01:54:02'),
	('R3FE2D', 'Comedy', 'I1aa81', 'admin', 5, 5, 'SU000003', NULL, 'admin', 2, '2023-10-08 20:31:26', '2023-10-08 20:31:42'),
	('R40675', 'Fresh Step LeightWeight Clumping Cat Litter', 'I00004', 'admin', 50, 50, 'SU000001', NULL, 'klyde', 2, '0000-00-00 00:00:00', '2023-06-14 09:50:16'),
	('R43417', 'Nutri-Vet Bladder Control Supplement for Dogs', 'I00005', 'admin', 50, 41, 'SU000001', NULL, 'acc_name', 2, '2023-08-23 15:36:20', '2023-08-30 14:57:18'),
	('R443FA', 'Test Item 006 (100mg)', 'IACBE3', 'admin', 10, 10, 'SU000001', NULL, 'admin', 2, '2023-10-22 21:22:04', '2023-10-22 21:22:23'),
	('R47299', 'Nutri-Vet Bladder Control Supplement for Dogs', 'I00005', 'admin', 10, 4, 'SU000004', NULL, 'admin', 2, '2023-10-15 01:33:04', '2023-10-15 01:59:58'),
	('R4A553', 'Test Item', 'Iaad08', 'admin', 50, 50, 'SU000005', NULL, 'admin', 2, '2023-10-22 20:32:12', '2023-10-22 20:32:20'),
	('R4B774', 'Comedy', 'I1aa81', 'admin', 3, 3, 'SU000003', NULL, 'admin', 2, '2023-10-08 20:06:56', '2023-10-08 20:07:01'),
	('R4C5B1', 'Test 0010 (TEST)', 'I32CCE', 'admin', 10, 10, 'SU000001', NULL, 'admin', 2, '2023-10-22 12:10:05', '2023-10-22 12:10:13'),
	('R4D212', 'Test Item 002', 'I39DC8', 'admin', 10, 10, 'SU000001', NULL, 'admin', 2, '2023-10-08 20:42:25', '2023-10-08 20:42:30'),
	('R513E9', 'Test ITem 003', 'I0AE71', 'admin', 50, 10, 'SU000001', NULL, 'acc_name', 2, '2023-09-16 15:22:47', '2023-10-01 17:35:21'),
	('R535AC', 'Test Item', 'Iaad08', 'admin', 20, 20, 'SU000005', NULL, 'admin', 2, '2023-10-22 20:35:56', '2023-10-22 20:36:04'),
	('R5652B', 'Comedy', 'I1aa81', 'admin', 10, 10, 'SU000003', NULL, 'admin', 2, '2023-10-08 19:56:05', '2023-10-08 19:57:23'),
	('R57F67', 'Test Item', 'Iaad08', 'admin', 10, 10, 'SU000005', NULL, 'admin', 2, '2023-10-22 20:22:51', '2023-10-22 20:24:09'),
	('R59c25', 'Fresh Step LeightWeight Clumping Cat Litter', 'I00004', 'admin', 15, 15, 'SU000001', NULL, 'klyde', 2, '0000-00-00 00:00:00', '2023-06-12 03:08:22'),
	('R61f49', 'MayPaw Heavy Duty Rope Dog Leash', 'I00001', 'admin', 50, 50, 'SU000001', '2023-08-31', 'klyde', 2, '0000-00-00 00:00:00', '2023-06-13 20:28:05'),
	('R64855', 'MayPaw Heavy Duty Rope Dog Leash (100mg)', 'I00001', 'admin', 4, 4, 'SU000004', NULL, 'admin', 2, '2023-10-22 20:36:54', '2023-10-22 20:37:01'),
	('R661CB', 'Taglory Rope Dog Leash (TEST)', 'I00002', 'admin', 6, 6, 'SU000004', NULL, 'admin', 2, '2023-10-22 12:06:48', '2023-10-22 12:06:53'),
	('R66215', 'Comedy', 'I1aa81', 'admin', 5, 5, 'SU000003', NULL, 'admin', 2, '2023-10-08 20:38:49', '2023-10-08 20:38:55'),
	('R6668D', 'MayPaw Heavy Duty Rope Dog Leash (TEST)', 'I00001', 'admin', 1, 1, 'SU000004', NULL, 'admin', 2, '2023-10-22 14:02:19', '2023-10-22 14:02:22'),
	('R6838c', 'MayPaw Heavy Duty Rope Dog Leash', 'I00001', 'admin', 5, 5, 'SU000001', '2023-08-29', 'acc_name', 2, '2023-08-28 12:56:18', '2023-08-28 12:56:39'),
	('R69EB1', '1000 (100mg)', 'I1F3E7', 'admin', 1, 1, 'SU000001', NULL, 'aila', 2, '2023-10-22 22:20:22', '2023-10-24 03:55:39'),
	('R6B64B', 'Fresh Step LeightWeight Clumping Cat Litter', 'I00004', 'admin', 10, 5, 'SU000004', NULL, 'admin', 2, '2023-09-16 15:28:09', '2023-10-08 15:20:49'),
	('R6DEE3', 'Medicine-B (100mg)', 'I7E29F', 'aila', 50, 15, 'SU000008', NULL, 'aila', 3, '2023-10-24 04:08:40', '2023-10-24 04:12:05'),
	('R6EA0D', 'Kessoku Band (100mg)', 'I2b993', 'aila', 7, 1, 'SU000004', NULL, 'aila', 2, '2023-10-24 03:57:03', '2023-10-24 04:07:28'),
	('R723f5', 'MayPaw Heavy Duty Rope Dog Leash', 'I00001', 'admin', 20, 20, 'SU000001', NULL, 'acc_name', 2, '0000-00-00 00:00:00', '2023-08-23 06:56:32'),
	('R73829', 'MayPaw Heavy Duty Rope Dog Leash', 'I00001', 'admin', 10, 10, 'SU000004', NULL, 'acc_name', 2, '2023-09-16 15:27:04', '2023-09-16 15:34:42'),
	('R75110', 'Amoxiccilin Paracetamol 250mg (100mg)', 'I00007', 'aila', 5, 5, 'SU000002', NULL, 'aila', 2, '2023-10-24 03:56:13', '2023-10-24 03:56:37'),
	('R80708', 'Comedy', 'I1aa81', 'admin', 5, 5, 'SU000003', NULL, 'admin', 2, '2023-10-08 16:17:43', '2023-10-08 16:23:07'),
	('R808a6', 'UniLeash', 'I00006', 'admin', 50, 50, 'SU000001', NULL, 'klyde', 2, '0000-00-00 00:00:00', '2023-06-13 17:43:22'),
	('R822b5', 'UniLeash', 'I00006', 'admin', 50, 50, 'SU000001', '2023-07-27', 'klyde', 2, '0000-00-00 00:00:00', '2023-06-13 17:45:42'),
	('R84D95', 'Comedy', 'I1aa81', 'admin', 10, 5, 'SU000003', NULL, 'admin', 2, '2023-10-10 07:38:47', '2023-10-10 07:42:26'),
	('R86C3C', 'Test Item 005 (TEST)', 'IFF357', 'admin', 5, 5, 'SU000001', NULL, 'admin', 2, '2023-10-22 12:49:49', '2023-10-22 12:49:54'),
	('R86f29', 'MayPaw Heavy Duty Rope Dog Leash', 'I00001', 'admin', 15, 15, 'SU000001', NULL, NULL, -1, '2023-08-30 21:54:04', NULL),
	('R877EB', 'Comedy', 'I1aa81', 'admin', 50, 50, 'SU000003', NULL, 'admin', 2, '2023-10-08 18:50:28', '2023-10-08 19:55:55'),
	('R8780B', 'Taglory Rope Dog Leash', 'I00002', 'admin', 3, 2, 'SU000004', NULL, 'admin', 2, '2023-10-15 01:55:33', '2023-10-15 01:55:49'),
	('R8CB43', 'Taglory Rope Dog Leash (TEST)', 'I00002', 'admin', 4, 4, 'SU000004', NULL, 'admin', 2, '2023-10-22 12:06:28', '2023-10-22 12:06:33'),
	('R90FFC', 'Test Item 005 (TEST)', 'IFF357', 'admin', 5, 5, 'SU000001', NULL, 'admin', 2, '2023-10-22 12:48:59', '2023-10-22 12:49:04'),
	('R917e0', 'Fresh Step LeightWeight Clumping Cat Litter', 'I00004', 'admin', 5, 1, 'SU000001', NULL, 'acc_name', 2, '2023-08-30 23:53:06', '2023-08-30 23:53:59'),
	('R9d3a7', 'UniLeash', 'I00006', 'admin', 90, 5, 'SU000001', NULL, 'admin', 2, '2023-09-13 09:58:01', '2023-10-08 16:01:26'),
	('R9F732', 'Comedy', 'I1aa81', 'admin', 5, 5, 'SU000003', NULL, 'admin', 2, '2023-10-08 20:29:31', '2023-10-08 20:29:38'),
	('Ra1c30', 'Kawaki wo ameku', 'Ia71e7', 'admin', 60, 5, 'SU000001', NULL, 'admin', 2, '2023-09-14 12:04:26', '2023-10-08 16:01:31'),
	('Ra9de5', 'Taglory Rope Dog Leash', 'I00002', 'admin', 50, 50, 'SU000001', NULL, NULL, -1, '2023-08-30 20:33:34', NULL),
	('Rae388', 'MayPaw Heavy Duty Rope Dog Leash', 'I00001', 'admin', 10, 10, 'SU000001', NULL, 'acc_name', 2, '2023-08-30 23:43:11', '2023-08-30 23:43:28'),
	('RB4587', 'Comedy', 'I1aa81', 'admin', 5, 5, 'SU000003', NULL, 'admin', 2, '2023-10-08 20:40:39', '2023-10-08 20:40:43'),
	('RBD852', 'Nutri-Vet Bladder Control Supplement for Dogs', 'I00005', 'admin', 10, 10, 'SU000004', '2023-10-30', 'admin', 2, '2023-10-12 00:01:39', '2023-10-12 00:01:45'),
	('RBE2A2', 'Test Item 006', 'IACBE3', 'admin', 10, 10, 'SU000001', NULL, 'admin', 2, '2023-10-08 19:59:26', '2023-10-08 20:05:12'),
	('Rb074c', 'Nutri-Vet Bladder Control Supplement for Dogs', 'I00005', 'admin', 10, 4, 'SU000001', '2023-09-28', 'acc_name', 2, '2023-08-30 23:43:49', '2023-08-30 23:52:33'),
	('Rb556f', 'Taglory Rope Dog Leash', 'I00002', 'admin', 5, 5, 'SU000001', NULL, 'acc_name', 2, '2023-08-23 06:54:02', '2023-08-26 14:38:02'),
	('RC0730', 'TEST', 'I10fdf', 'admin', 4, 4, 'SU000004', NULL, 'admin', 2, '2023-10-22 11:47:11', '2023-10-22 11:47:15'),
	('RC0AC6', 'Comedy', 'I1aa81', 'admin', 50, 10, 'SU000003', NULL, 'admin', 2, '2023-10-10 09:08:44', '2023-10-10 09:18:48'),
	('RC3713', 'Nutri-Vet Bladder Control Supplement for Dogs', 'I00005', 'admin', 50, 5, 'SU000004', '2023-10-30', 'admin', 2, '2023-10-10 09:10:39', '2023-10-15 09:07:46'),
	('RCDA5A', 'Comedy', 'I1aa81', 'admin', 5, 5, 'SU000003', NULL, 'admin', 2, '2023-10-08 20:45:16', '2023-10-08 20:45:21'),
	('Rc0b6a', 'Taglory Rope Dog Leash', 'I00002', 'admin', 50, 50, 'SU000001', NULL, 'acc_name', 2, '0000-00-00 00:00:00', '2023-08-23 06:40:06'),
	('RD06C1', 'Taglory Rope Dog Leash', 'I00002', 'admin', 4, 4, 'SU000004', NULL, 'admin', 2, '2023-10-15 02:00:28', '2023-10-15 02:00:31'),
	('Rd584c', 'MayPaw Heavy Duty Rope Dog Leash', 'I00001', 'admin', 55, 55, 'SU000001', NULL, 'acc_name', 2, '2023-08-30 14:58:50', '2023-08-30 14:58:56'),
	('Rdf3a5', 'Test Item', 'Iaad08', 'admin', 10, 10, 'SU000001', NULL, 'acc_name', 2, '2023-09-14 12:09:10', '2023-09-16 20:35:59'),
	('RE010B', 'TEST ITEM 004 (TEST)', 'I7A986', 'admin', 10, 10, 'SU000001', NULL, 'admin', 2, '2023-10-22 12:10:36', '2023-10-22 12:10:41'),
	('RE2198', 'Taglory Rope Dog Leash', 'I00002', 'admin', 10, 5, 'SU000004', NULL, 'admin', 2, '2023-10-15 02:01:29', '2023-10-22 11:45:25'),
	('RE3D4D', 'Test Item 005 (TEST)', 'IFF357', 'admin', 10, 10, 'SU000001', NULL, 'admin', 2, '2023-10-22 13:07:48', '2023-10-22 13:07:56'),
	('RE6362', 'Kawaki wo ameku', 'Ia71e7', 'admin', 1, 1, 'SU000005', NULL, 'admin', 2, '2023-10-08 20:22:36', '2023-10-08 20:23:02'),
	('RE966E', 'TEST', 'I10fdf', 'admin', 4, 4, 'SU000004', NULL, 'admin', 2, '2023-10-22 11:45:40', '2023-10-22 11:45:48'),
	('RECA53', 'Kessoku Band', 'I2b993', 'admin', 1, 1, 'SU000004', NULL, 'admin', 2, '2023-10-08 20:44:59', '2023-10-08 20:45:02'),
	('RF85FE', 'Kessoku Band', 'I2b993', 'admin', 1, 1, 'SU000004', NULL, 'admin', 2, '2023-10-08 20:22:29', '2023-10-08 20:22:40'),
	('RF8D0A', 'Comedy', 'I1aa81', 'admin', 9, 9, 'SU000003', NULL, 'admin', 2, '2023-10-08 20:26:06', '2023-10-08 20:26:10'),
	('RFBE93', 'Kessoku Band', 'I2b993', 'admin', 100, 20, 'SU000004', NULL, 'admin', 2, '2023-10-08 18:45:22', '2023-10-08 18:46:20'),
	('RFFE1B', 'Test', 'I10fdf', 'admin', 10, 5, 'SU000004', NULL, 'admin', 2, '2023-09-16 15:25:28', '2023-10-08 16:01:37'),
	('Rf166d', 'MayPaw Heavy Duty Rope Dog Leash', 'I00001', 'admin', 15, 15, 'SU000001', NULL, 'klyde', 2, '0000-00-00 00:00:00', '2023-06-12 03:08:47');

INSERT INTO `services_transaction_content` (`transaction_uid`, `service_uid`, `service_name`, `pet_uid`, `patient_name`, `scheduled_date`, `price`, `deduction`, `status`, `end_schedule`, `multiple_sched_quan`, `instance_of_mul_sched`) VALUES
	('80', 'S00001', 'Grooming', '143436', 'Gabi', '2023-09-29', 500, 0, 0, NULL, NULL, NULL),
	('81', 'S00001', 'Grooming', '001431', 'Muning', '2023-09-29', 500, 0, 0, NULL, NULL, NULL),
	('81', 'S00005', 'Canine Castration Surgery', '001431', 'Muning', '2023-09-29', 1700, 0, 0, NULL, NULL, NULL),
	('83', 'S00001', 'Grooming', '001431', 'Muning', '2023-09-03', 500, 0, 0, NULL, NULL, NULL),
	('89', 'S00001', 'Grooming', '012633', 'Bantay', '2023-09-08', 500, 0, 0, NULL, NULL, NULL),
	('93', 'S00001', 'Grooming', 'P536ec', 'Clarence', '2023-10-05', 500, 0, 0, NULL, NULL, NULL),
	('100', 'S00001', 'Grooming', '143436', 'Gabi', '2023-10-18', 500, 0, 0, NULL, NULL, NULL),
	('100', 'S00001', 'Grooming', 'P536ec', 'Clarence', '2023-10-18', 500, 0, 0, NULL, NULL, NULL);

INSERT INTO `service_category_test` (`category`, `state`) VALUES
	('Grooming', 1),
	('Pet Care', 1),
	('Surgery', 1),
	('Test', 1),
	('Vaccination', 1);

INSERT INTO `service_info` (`UID`, `service_name`, `Item_needed`, `price`, `state`, `date_added`) VALUES
	('S00001', 'Grooming', 'test', 500, 1, '2023-05-29'),
	('S00002', '5-in-1 Vaccine', 'test', 1500, 1, '2023-05-29'),
	('S00003', 'Papiloma Vaccine', 'test', 2500, 1, '2023-05-29'),
	('S00004', 'Yeast Infection Treatment', 'test', 2100, 1, '2023-05-29'),
	('S00005', 'Canine Castration Surgery', 'test', 1700, 1, '2023-05-29'),
	('S00006', 'Confinement', 'test', 200, 1, '2023-05-29'),
	('S00007', 'Euthanasion', 'test', 900, 1, '2023-05-29'),
	('S00008', 'Feline Castration Srugery', 'test', 500, 1, '2023-05-29');

INSERT INTO `service_info_test` (`UID`, `service_name`, `price`, `category`, `duration_type`, `state`, `date_added`) VALUES
	('S00001', 'Grooming', 500, 'Grooming', 0, 1, '2023-05-29'),
	('S00002', '5-in-1 Vaccine', 1500, 'Vaccination', 0, 1, '2023-05-29'),
	('S00003', 'Papiloma Vaccine', 2500, 'Vaccination', 0, 1, '2023-05-29'),
	('S00004', 'Yeast Infection Treatment', 2100, 'Pet Care', 0, 1, '2023-05-29'),
	('S00005', 'Canine Castration Surgery', 1700, 'Surgery', 0, 1, '2023-05-29'),
	('S00006', 'Confinement', 200, 'Pet Care', 1, 1, '2023-05-29'),
	('S00008', 'Feline Castration Srugery', 500, 'Surgery', 0, 1, '2023-05-29'),
	('Se7c43', 'Canine Diagnostic', 1200, 'Pet Care', 0, 1, '2023-08-31');


INSERT INTO `supplier_info` (`supp_id`, `supp_name`, `telephone`, `contact_person`, `contact_number`, `contact_email`, `address`, `created_by`, `date_added`, `updated_by`, `date_modified`) VALUES
	('SU000001', 'ABC Corporation', '0054-7941-5674', 'James Vinas', '09457891234', 'jamesvinas@abc.net', 'Quezon City', 'admin', '2023-09-15 00:00:00', 'admin', '2023-10-15 11:13:11'),
	('SU000002', 'XYZ Corporation', '000000000', 'Ryan Gosling', '01234567890', 'ryangosling@gmail.com', 'Quezon City', 'admin', '2023-09-15 20:40:22', NULL, '2023-10-15 11:12:26'),
	('SU000003', 'UP Veterinary Supplies', '7891-8752-5478', 'Jesus Rizal', '0914 486 2143', 'upveterinary@gmail.com', 'UP Diliman, Quezon City', 'admin', '2023-09-15 21:41:26', 'admin', '2023-10-15 11:01:32'),
	('SU000004', 'Jesser Supplier Company', '4679-1246-4872', 'Jesser Famorca', '0154 467 3571', 'jesser.famorca@jcompany.com', 'Quezon City', 'admin', '2023-09-15 23:20:06', 'admin', '2023-10-15 11:05:59'),
	('SU000005', 'Med Corporation', '000000000', 'Dan Brown', '09875641243', 'danbrown@medcorp.net', 'Manila City', 'admin', '2023-09-16 00:11:33', NULL, NULL),
	('SU000006', 'BreadCrumb Corp.', '000000000', 'James Rubiales', '09745734891', 'NULL', 'Manila, Manila City', 'admin', '2023-09-16 14:11:36', NULL, NULL),
	('SU000007', 'JKL Corp', '000000000', 'Jose Rizal', '09208902063', 'jkl@gmail.com', 'QC', 'aila', '2023-09-20 09:45:47', NULL, NULL),
	('SU000008', 'DK Corporation', '000000000', 'Kajo Baldismo', '0213549870', 'kajo.bald@dkcorp.net', 'Quezon City', 'admin', '2023-10-08 02:14:19', NULL, NULL),
	('SU000009', 'John and Carlo Supplier', '000000000', 'Carlo Almero', '09807502958', 'HELLOW@gmail.com', 'Quezon City', 'admin', '2023-10-10 07:48:01', NULL, '2023-10-22 15:17:11');

INSERT INTO `supplier_item_info` (`supplier_id`, `item_id`, `active`) VALUES
	('SU000001', 'I39DC8', 1),
	('SU000001', 'I00002', 1),
	('SU000001', 'I00006', 1),
	('SU000001', 'I1aa81', 1),
	('SU000001', 'Ia71e7', 1),
	('SU000001', 'IACBE3', 1),
	('SU000002', 'I00004', 1),
	('SU000003', 'I2b993', 1),
	('SU000004', 'I2b993', 1),
	('SU000004', 'I00005', 1),
	('SU000004', 'I1aa81', 1),
	('SU000002', 'I00001', 1),
	('SU000002', 'I7A986', 1),
	('SU000005', 'I00005', 1),
	('SU000001', 'I7A986', 1),
	('SU000002', 'I00007', 1),
	('SU000002', 'I00006', 1),
	('SU000001', 'ID121A', 1),
	('SU000009', 'I65B51', 1),
	('SU000008', 'I7E29F', 1),
	('SU000001', 'I65B51', 1),
	('SU000001', 'I10fdf', 1),
	('SU000001', 'I1F3E7', 1),
	('SU000001', 'IED7B0', 1),
	('SU000001', 'I8EC1F', 1),
	('SU000001', 'I2F75F', 1),
	('SU000001', 'I79FD7', 1),
	('SU000008', 'I3128E', 1);

INSERT INTO `transaction_record` (`transaction_uid`, `Attendant_usn`, `client_name`, `Total_amount`, `transaction_date`) VALUES
	('0', 'aila', 'N/A', 1045, '2023-07-14'),
	('1', 'aila', 'James V.', 500, '2023-07-15'),
	('10', 'aila', 'Jose R.', 500, '2023-08-01'),
	('100', 'admin', 'Davin Ferrancullo', 1000, '2023-10-18'),
	('101', 'admin', 'Joze Rizal', 7837.5, '2023-10-18'),
	('102', 'admin', 'Joze Rizal', 505, '2023-10-18'),
	('103', 'aila', 'N/A', 14822, '2023-10-24'),
	('104', 'aila', 'N/A', 796.95, '2023-10-24'),
	('105', 'aila', 'N/A', 14822, '2023-10-24'),
	('106', 'aila', 'N/A', 5700.75, '2023-10-24'),
	('107', 'aila', 'N/A', 3420.45, '2023-10-24'),
	('108', 'aila', 'Patrick Feniza', 3420.45, '2023-10-24'),
	('109', 'aila', 'N/A', 4217.4, '2023-10-24'),
	('11', 'aila', 'N/A', 440, '2023-08-06'),
	('110', 'aila', 'Patrick Feniza', 1320, '2023-10-27'),
	('111', 'aila', 'N/A', 1320, '2023-10-27'),
	('112', 'aila', 'N/A', 880, '2023-10-27'),
	('113', 'aila', 'N/A', 1140.15, '2023-10-27'),
	('114', 'aila', 'N/A', 1140.15, '2023-10-27'),
	('115', 'aila', 'N/A', 2280.3, '2023-10-27'),
	('116', 'aila', 'N/A', 2280.3, '2023-10-27'),
	('12', 'aila', 'James V.', 900, '2023-08-06'),
	('13', 'aila', 'James V.', 500, '2023-08-07'),
	('14', 'aila', 'N/A', 1320, '2023-08-07'),
	('15', 'aila', 'N/A', 880, '2023-08-14'),
	('16', 'aila', 'N/A', 2033.9, '2023-08-14'),
	('17', 'aila', 'James V.', 1380, '2023-08-20'),
	('18', 'aila', 'James V.', 500, '2023-08-20'),
	('19', 'aila', 'N/A', 880, '2023-08-20'),
	('2', 'aila', 'N/A', 440, '2023-07-15'),
	('20', 'aila', 'James V.', 1500, '2023-08-20'),
	('21', 'aila', 'James V.', 500, '2023-08-22'),
	('22', 'aila', 'Davin F.', 500, '2023-08-22'),
	('23', 'aila', 'N/A', 440, '2023-08-22'),
	('24', 'aila', 'N/A', 2200, '2023-08-22'),
	('25', 'aila', 'N/A', 440, '2023-08-22'),
	('26', 'aila', 'N/A', 440, '2023-08-22'),
	('27', 'aila', 'N/A', 440, '2023-08-22'),
	('28', 'aila', 'N/A', 1320, '2023-08-22'),
	('29', 'aila', 'N/A', 440, '2023-08-22'),
	('3', 'aila', 'N/A', 3420.45, '2023-07-16'),
	('30', 'aila', 'N/A', 1320, '2023-08-22'),
	('31', 'aila', 'N/A', 440, '2023-08-22'),
	('32', 'aila', 'N/A', 1760, '2023-08-23'),
	('33', 'aila', 'Jose R.', 440, '2023-08-23'),
	('34', 'aila', 'N/A', 796.95, '2023-08-23'),
	('35', 'aila', 'James V.', 2280.3, '2023-08-26'),
	('36', 'aila', 'N/A', 2310, '2023-08-28'),
	('37', 'aila', 'N/A', 2171.4, '2023-08-28'),
	('38', 'aila', 'Jose R.', 0, '2023-08-28'),
	('39', 'aila', 'N/A', 577.5, '2023-08-29'),
	('4', 'aila', 'James V.', 500, '2023-07-16'),
	('41', 'aila', 'Bud Tan', 1500, '2023-08-29'),
	('42', 'aila', 'James V.', 500, '2023-08-29'),
	('43', 'aila', 'Bud Tan', 500, '2023-08-29'),
	('44', 'aila', 'Bud Tan', 500, '2023-08-30'),
	('45', 'aila', 'James V.', 500, '2023-08-30'),
	('46', 'aila', 'N/A', 577.5, '2023-08-30'),
	('47', 'aila', 'N/A', 577.5, '2023-08-30'),
	('48', 'aila', 'Christopher L.', 2310, '2023-08-30'),
	('49', 'admin', 'N/A', 522.5, '2023-08-30'),
	('5', 'aila', 'Jose R.', 1000, '2023-07-16'),
	('50', 'admin', 'James V.', 1567.5, '2023-08-30'),
	('51', 'admin', 'N/A', 577.5, '2023-08-30'),
	('52', 'admin', 'Bud Tan', 1567.5, '2023-08-31'),
	('53', 'admin', 'N/A', 1045, '2023-08-31'),
	('54', 'admin', 'N/A', 1155, '2023-08-31'),
	('55', 'admin', 'N/A', 522.5, '2023-08-31'),
	('56', 'admin', 'N/A', 522.5, '2023-08-31'),
	('57', 'admin', 'N/A', 522.5, '2023-08-31'),
	('58', 'admin', 'N/A', 1567.5, '2023-08-31'),
	('59', 'admin', 'N/A', 522.5, '2023-09-02'),
	('6', 'aila', 'N/A', 3187.8, '2023-07-13'),
	('60', 'admin', 'James V.', 2780.3, '2023-09-02'),
	('61', 'admin', 'Bud Tan', 500, '2023-09-02'),
	('62', 'admin', 'Patrick Feniza', 500, '2023-09-02'),
	('63', 'admin', 'James V.', 1000, '2023-09-03'),
	('64', 'admin', 'Davin F.', 2500, '2023-09-03'),
	('65', 'admin', 'Jose R.', 1000, '2023-09-03'),
	('66', 'admin', 'James V.', 500, '2023-09-03'),
	('67', 'admin', 'Patrick Feniza', 500, '2023-09-03'),
	('68', 'admin', 'Bud Tan', 500, '2023-09-03'),
	('69', 'admin', 'Patrick Feniza', 500, '2023-09-03'),
	('7', 'aila', 'Jose R.', 1000, '2023-07-13'),
	('70', 'admin', 'James V.', 3000, '2023-09-03'),
	('71', 'admin', 'Patrick Feniza', 2500, '2023-09-03'),
	('72', 'admin', 'Davin F.', 4600, '2023-09-03'),
	('73', 'admin', 'James V.', 2100, '2023-09-03'),
	('74', 'admin', 'Patrick Feniza', 2000, '2023-09-03'),
	('75', 'admin', 'N/A', 2280.3, '2023-09-03'),
	('76', 'admin', 'N/A', 2280.3, '2023-09-03'),
	('77', 'admin', 'N/A', 288, '2023-09-03'),
	('78', 'Jrizal', 'Christopher L.', 2500, '2023-09-03'),
	('79', 'admin', 'James Viñas', 4500, '2023-09-07'),
	('8', 'aila', 'N/A', 1593.9, '2023-08-01'),
	('80', 'admin', 'Davin Ferrancullo', 500, '2023-09-29'),
	('81', 'admin', 'Patrick Feniza', 2200, '2023-09-29'),
	('82', 'admin', 'N/A', 0, '2023-09-29'),
	('83', 'admin', 'Patrick Feniza', 500, '2023-10-01'),
	('84', 'admin', 'N/A', 0, '2023-10-01'),
	('85', 'admin', 'N/A', 0, '2023-10-01'),
	('86', 'admin', 'N/A', 0, '2023-10-01'),
	('87', 'admin', 'N/A', 0, '2023-10-01'),
	('88', 'admin', 'N/A', 0, '2023-10-01'),
	('89', 'admin', 'Budjette Tan', 500, '2023-10-01'),
	('9', 'aila', 'N/A', 144, '2023-08-01'),
	('90', 'admin', 'N/A', 505, '2023-10-12'),
	('91', 'admin', 'N/A', 10100, '2023-10-12'),
	('92', 'admin', 'N/A', 2151.5, '2023-10-17'),
	('93', 'admin', 'Davin Ferrancullo', 2475, '2023-10-17'),
	('94', 'admin', 'N/A', 0, '2023-10-17'),
	('95', 'admin', 'N/A', 0, '2023-10-17'),
	('96', 'admin', 'Patrick Feniza', 440, '2023-10-18'),
	('97', 'admin', 'Joze Rizal', 1140.15, '2023-10-18'),
	('98', 'admin', 'James Viñas', 440, '2023-10-18'),
	('99', 'admin', 'James Rubiales', 577.5, '2023-10-18');

INSERT INTO `user_level_access` (`Title`, `add_item`, `Dashboard`, `Reception`, `Payment`, `Services`, `Sales`, `Inventory`, `Pet_Info`, `Report`, `User`, `Action`, `Gen_Settings`) VALUES
	('Assisstant', 0, 1, 0, 1, 1, 1, 1, 1, 1, 0, 0, 0),
	('Owner', 1, 1, 0, 1, 1, 1, 1, 1, 1, 1, 1, 0);

/*!40103 SET TIME_ZONE=IFNULL(@OLD_TIME_ZONE, 'system') */;
/*!40101 SET SQL_MODE=IFNULL(@OLD_SQL_MODE, '') */;
/*!40014 SET FOREIGN_KEY_CHECKS=IFNULL(@OLD_FOREIGN_KEY_CHECKS, 1) */;
/*!40101 SET CHARACTER_SET_CLIENT=@OLD_CHARACTER_SET_CLIENT */;
/*!40111 SET SQL_NOTES=IFNULL(@OLD_SQL_NOTES, 1) */;
